[
  [
    ' ',
    [
      [ [ 0xff, 0xff, 0xff, 0xff, 0xff, 0xff, 0xff, 0xff, 0xff, 0xff, 0xff, 0xff, 0xff, 0xff, 0xff ] ],
      [ [ 0xff, 0xff, 0xff, 0xff, 0xff, 0xff, 0xff, 0xff, 0xff, 0xff, 0xff, 0xff, 0xff, 0xff, 0xff ] ],
      [ [ 0xff, 0xff, 0xff, 0xff, 0xff, 0xff, 0xff, 0xff, 0xff, 0xff, 0xff, 0xff, 0xff, 0xff, 0xff ] ],
      [ [ 0xff, 0xff, 0xff, 0xff, 0xff, 0xff, 0xff, 0xff, 0xff, 0xff, 0xff, 0xff, 0xff, 0xff, 0xff ] ],
      [ [ 0xff, 0xff, 0xff, 0xff, 0xff, 0xff, 0xff, 0xff, 0xff, 0xff, 0xff, 0xff, 0xff, 0xff, 0xff ] ],
      [ [ 0xff, 0xff, 0xff, 0xff, 0xff, 0xff, 0xff, 0xff, 0xff, 0xff, 0xff, 0xff, 0xff, 0xff, 0xff ] ],
      [ [ 0xff, 0xff, 0xff, 0xff, 0xff, 0xff, 0xff, 0xff, 0xff, 0xff, 0xff, 0xff, 0xff, 0xff, 0xff ] ],
      [ [ 0xff, 0xff, 0xff, 0xff, 0xff, 0xff, 0xff, 0xff, 0xff, 0xff, 0xff, 0xff, 0xff, 0xff, 0xff ] ],
      [ [ 0xff, 0xff, 0xff, 0xff, 0xff, 0xff, 0xff, 0xff, 0xff, 0xff, 0xff, 0xff, 0xff, 0xff, 0xff ] ],
      [ [ 0xff, 0xff, 0xff, 0xff, 0xff, 0xff, 0xff, 0xff, 0xff, 0xff, 0xc1, 0x4, 0xe, 0xd5, 0xff ] ],
      [ [ 0xff, 0xff, 0xff, 0xff, 0xff, 0xff, 0xff, 0xff, 0xff, 0xff, 0x42, 0x0, 0x0, 0x73, 0xff ] ],
      [ [ 0xff, 0xff, 0xff, 0xff, 0xff, 0xff, 0xff, 0xff, 0xff, 0xff, 0x38, 0x0, 0x0, 0x82, 0xff ] ],
      [ [ 0xff, 0xff, 0xff, 0xff, 0xff, 0xff, 0xff, 0xff, 0xff, 0xff, 0x4c, 0x0, 0x0, 0xaa, 0xff ] ],
      [ [ 0xff, 0xff, 0xff, 0xff, 0xff, 0xff, 0xff, 0xff, 0xff, 0xff, 0x66, 0x0, 0x0, 0xd9, 0xff ] ],
      [ [ 0xff, 0xff, 0xff, 0xff, 0xff, 0xff, 0xff, 0xff, 0xff, 0xff, 0x85, 0x0, 0x0, 0xff, 0xff ] ],
      [ [ 0xff, 0xff, 0xff, 0xff, 0xff, 0xff, 0xff, 0xff, 0xff, 0xff, 0xa8, 0x0, 0x4, 0xff, 0xff ] ],
      [ [ 0xff, 0xff, 0xff, 0xff, 0xff, 0xff, 0xff, 0xff, 0xff, 0xff, 0xd0, 0x0, 0xe, 0xff, 0xff ] ],
      [ [ 0xff, 0xff, 0xff, 0xff, 0xff, 0xff, 0xff, 0xff, 0xff, 0xff, 0xf7, 0x0, 0x1c, 0xff, 0xff ] ],
      [ [ 0xff, 0xff, 0xff, 0xff, 0xff, 0xff, 0xff, 0xff, 0xff, 0xff, 0xff, 0x1, 0x2f, 0xff, 0xff ] ],
      [ [ 0xff, 0xff, 0xff, 0xff, 0xff, 0xff, 0xff, 0xff, 0xff, 0xff, 0xff, 0x6, 0x46, 0xff, 0xff ] ],
      [ [ 0xff, 0xff, 0xff, 0xff, 0xff, 0xff, 0xff, 0xff, 0xff, 0xff, 0xff, 0xe, 0x5e, 0xff, 0xff ] ],
      [ [ 0xff, 0xff, 0xff, 0xff, 0xff, 0xff, 0xff, 0xff, 0xff, 0xff, 0xff, 0x15, 0x74, 0xff, 0xff ] ],
      [ [ 0xff, 0xff, 0xff, 0xff, 0xff, 0xff, 0xff, 0xff, 0xff, 0xff, 0xff, 0x5e, 0xb5, 0xff, 0xff ] ],
      [ [ 0xff, 0xff, 0xff, 0xff, 0xff, 0xff, 0xff, 0xff, 0xff, 0xff, 0xff, 0xff, 0xff, 0xff, 0xff ] ],
      [ [ 0xff, 0xff, 0xff, 0xff, 0xff, 0xff, 0xff, 0xff, 0xff, 0xff, 0xff, 0xff, 0xff, 0xff, 0xff ] ],
      [ [ 0xff, 0xff, 0xff, 0xff, 0xff, 0xff, 0xff, 0xff, 0xff, 0xff, 0xeb, 0x6c, 0xa7, 0xff, 0xff ] ]
    ]
  ],
  [
    '!',
    [
      [ [ 0xff, 0xff, 0xff, 0xff, 0xff, 0xff, 0xff, 0xff, 0xff, 0xff, 0xff, 0xff, 0xff, 0xff, 0xff ] ],
      [ [ 0xff, 0xff, 0xff, 0xff, 0xff, 0xff, 0xff, 0xff, 0xff, 0xff, 0xff, 0xff, 0xff, 0xff, 0xff ] ],
      [ [ 0xff, 0xff, 0xff, 0xff, 0xff, 0xff, 0xff, 0xff, 0xff, 0xff, 0xff, 0xff, 0xff, 0xff, 0xff ] ],
      [ [ 0xff, 0xff, 0xff, 0xff, 0xff, 0xff, 0xff, 0xff, 0xff, 0xff, 0xff, 0xff, 0xff, 0xff, 0xff ] ],
      [ [ 0xff, 0xff, 0xff, 0xff, 0xff, 0xff, 0xff, 0xff, 0xff, 0xff, 0xff, 0xff, 0xff, 0xff, 0xff ] ],
      [ [ 0xff, 0xff, 0xff, 0xff, 0xff, 0xff, 0xff, 0xff, 0xff, 0xff, 0xff, 0xff, 0xff, 0xff, 0xff ] ],
      [ [ 0xff, 0xff, 0xff, 0xff, 0xff, 0xff, 0xff, 0xff, 0xff, 0xff, 0xff, 0xff, 0xff, 0xff, 0xff ] ],
      [ [ 0xff, 0xff, 0xff, 0xff, 0xff, 0xff, 0xff, 0xff, 0xff, 0xff, 0xff, 0xff, 0xff, 0xff, 0xff ] ],
      [ [ 0xff, 0xff, 0xf5, 0xe, 0x3, 0x97, 0xff, 0xc1, 0x5, 0x8, 0xd3, 0xff, 0xff, 0xff, 0xff ] ],
      [ [ 0xff, 0xff, 0xa5, 0x0, 0x0, 0x3d, 0xff, 0x5c, 0x0, 0x0, 0x76, 0xff, 0xff, 0xff, 0xff ] ],
      [ [ 0xff, 0xff, 0xd1, 0x0, 0x0, 0x5b, 0xff, 0x7f, 0x0, 0x0, 0x9f, 0xff, 0xff, 0xff, 0xff ] ],
      [ [ 0xff, 0xff, 0xff, 0x1, 0x0, 0x8e, 0xff, 0xbe, 0x0, 0x0, 0xe2, 0xff, 0xff, 0xff, 0xff ] ],
      [ [ 0xff, 0xff, 0xff, 0xc, 0x0, 0xcc, 0xff, 0xfb, 0x0, 0x3, 0xff, 0xff, 0xff, 0xff, 0xff ] ],
      [ [ 0xff, 0xff, 0xff, 0x23, 0x1, 0xff, 0xff, 0xff, 0x8, 0x11, 0xff, 0xff, 0xff, 0xff, 0xff ] ],
      [ [ 0xff, 0xff, 0xff, 0x43, 0x8, 0xff, 0xff, 0xff, 0x1a, 0x29, 0xff, 0xff, 0xff, 0xff, 0xff ] ],
      [ [ 0xff, 0xff, 0xff, 0x6f, 0x22, 0xff, 0xff, 0xff, 0x3f, 0x52, 0xff, 0xff, 0xff, 0x16, 0x0 ] ],
      [ [ 0xff, 0xff, 0xff, 0xff, 0xff, 0xff, 0xff, 0xff, 0xff, 0xff, 0xff, 0xff, 0xff, 0x3c, 0x2b ] ],
      [ [ 0xff, 0xff, 0xff, 0xff, 0xff, 0xff, 0xff, 0xff, 0xff, 0xff, 0xff, 0xff, 0xff, 0xff, 0xff ] ],
      [ [ 0xff, 0xff, 0xff, 0xff, 0xff, 0xff, 0xff, 0xff, 0xff, 0xff, 0xff, 0xff, 0xff, 0xff, 0xff ] ],
      [ [ 0xff, 0xff, 0xff, 0xff, 0xff, 0xff, 0xff, 0xff, 0xff, 0xff, 0xff, 0xff, 0xff, 0xff, 0xff ] ],
      [ [ 0xff, 0xff, 0xff, 0xff, 0xff, 0xff, 0xff, 0xff, 0xff, 0xff, 0xff, 0xff, 0xff, 0xff, 0xff ] ],
      [ [ 0xff, 0xff, 0xff, 0xff, 0xff, 0xff, 0xff, 0xff, 0xff, 0xff, 0xff, 0xe8, 0x1, 0x0, 0x0 ] ],
      [ [ 0xff, 0xff, 0xff, 0xff, 0xff, 0xff, 0xff, 0xff, 0xff, 0xff, 0xff, 0xca, 0x2b, 0x2b, 0x2b ] ],
      [ [ 0xff, 0xff, 0xff, 0xff, 0xff, 0xff, 0xff, 0xff, 0xff, 0xff, 0xff, 0xff, 0xff, 0xff, 0xff ] ],
      [ [ 0xff, 0xff, 0xff, 0xff, 0xff, 0xff, 0xff, 0xff, 0xff, 0xff, 0xff, 0xff, 0xff, 0xff, 0xc8 ] ],
      [ [ 0xff, 0xff, 0xff, 0xff, 0xff, 0xff, 0xff, 0xff, 0xff, 0xff, 0xff, 0xff, 0xff, 0xff, 0x6e ] ]
    ]
  ],
  [
    '"',
    [
      [ [ 0xff, 0xff, 0xff, 0xff, 0xff, 0xff, 0xff, 0xff, 0xff, 0xff, 0xff, 0xff, 0xff, 0xff, 0xff ] ],
      [ [ 0xff, 0xff, 0xff, 0xff, 0xff, 0xff, 0xff, 0xff, 0xff, 0xff, 0xff, 0xff, 0xff, 0xff, 0xff ] ],
      [ [ 0xff, 0xff, 0xff, 0xff, 0xff, 0xff, 0xff, 0xff, 0xff, 0xff, 0xff, 0xff, 0xff, 0xff, 0xff ] ],
      [ [ 0xff, 0xff, 0xff, 0xff, 0xff, 0xff, 0xff, 0xff, 0xff, 0xff, 0xff, 0xff, 0xff, 0xff, 0xff ] ],
      [ [ 0xff, 0xff, 0xff, 0xff, 0xff, 0xff, 0xff, 0xff, 0xff, 0xff, 0xff, 0xff, 0xff, 0xff, 0xff ] ],
      [ [ 0xff, 0xff, 0xff, 0xff, 0xff, 0xff, 0xff, 0xff, 0xff, 0xff, 0xff, 0xff, 0xff, 0xff, 0xff ] ],
      [ [ 0xff, 0xff, 0xff, 0xff, 0xff, 0xff, 0xff, 0xff, 0xff, 0xff, 0xff, 0xff, 0xff, 0xff, 0xff ] ],
      [ [ 0xff, 0xff, 0xff, 0xff, 0xff, 0xff, 0xff, 0xff, 0xff, 0xff, 0xff, 0xff, 0xff, 0xff, 0xff ] ],
      [ [ 0xff, 0xff, 0xff, 0xff, 0xff, 0xff, 0xff, 0xff, 0xff, 0xff, 0xff, 0xff, 0xff, 0xff, 0xff ] ],
      [ [ 0xff, 0xff, 0xff, 0x12, 0x3, 0xff, 0xff, 0xff, 0xa, 0x2, 0xff, 0xff, 0xff, 0xff, 0xff ] ],
      [ [ 0xff, 0xff, 0xf1, 0x0, 0x17, 0xff, 0xff, 0xe2, 0x0, 0x15, 0xff, 0xff, 0xff, 0xff, 0xff ] ],
      [ [ 0xff, 0xff, 0x97, 0x0, 0x45, 0xff, 0xff, 0x86, 0x0, 0x42, 0xff, 0xff, 0xff, 0xff, 0xff ] ],
      [ [ 0xff, 0xff, 0x48, 0x0, 0x8b, 0xff, 0xff, 0x42, 0x0, 0x88, 0xff, 0xff, 0xff, 0xff, 0xa7 ] ],
      [ [ 0xff, 0xff, 0x16, 0x0, 0xe4, 0xff, 0xff, 0x15, 0x0, 0xe2, 0xff, 0xff, 0xff, 0xff, 0x20 ] ],
      [ [ 0xff, 0xfb, 0x1, 0x8, 0xff, 0xff, 0xfd, 0x1, 0x8, 0xff, 0xff, 0xff, 0xff, 0xff, 0xa ] ],
      [ [ 0x0, 0x0, 0x0, 0x0, 0x0, 0x0, 0x0, 0x0, 0x0, 0x0, 0x0, 0x0, 0xb5, 0xff, 0x1a ] ],
      [ [ 0x2b, 0xe, 0x0, 0x13, 0x2b, 0x2b, 0xf, 0x0, 0x13, 0x2b, 0x2b, 0x30, 0xf9, 0xff, 0x4a ] ],
      [ [ 0xff, 0x2c, 0x0, 0xb0, 0xff, 0xff, 0x2e, 0x0, 0xaa, 0xff, 0xff, 0xff, 0xff, 0xff, 0xef ] ],
      [ [ 0xff, 0xa, 0x1, 0xfb, 0xff, 0xff, 0xb, 0x1, 0xf9, 0xff, 0xff, 0xff, 0xff, 0xff, 0xff ] ],
      [ [ 0xed, 0x0, 0x14, 0xff, 0xff, 0xef, 0x0, 0x12, 0xff, 0xff, 0xff, 0xff, 0xff, 0xff, 0xff ] ],
      [ [ 0x95, 0x0, 0x3f, 0xff, 0xff, 0x97, 0x0, 0x3c, 0xff, 0xff, 0xff, 0xff, 0xff, 0xff, 0xff ] ],
      [ [ 0x0, 0x0, 0x0, 0x0, 0x0, 0x0, 0x0, 0x0, 0x0, 0x0, 0x1, 0xfb, 0xff, 0xff, 0xff ] ],
      [ [ 0x4, 0x0, 0x29, 0x2b, 0x2b, 0x4, 0x0, 0x28, 0x2b, 0x2b, 0x4c, 0xff, 0xff, 0xff, 0x5b ] ],
      [ [ 0x4, 0x6, 0xff, 0xff, 0xff, 0x4, 0x4, 0xff, 0xff, 0xff, 0xff, 0xff, 0xff, 0xff, 0x19 ] ],
      [ [ 0x0, 0x24, 0xff, 0xff, 0xd3, 0x0, 0x1e, 0xff, 0xff, 0xff, 0xff, 0xff, 0xff, 0xff, 0xb ] ],
      [ [ 0x0, 0x5b, 0xff, 0xff, 0x78, 0x0, 0x50, 0xff, 0xff, 0xff, 0xff, 0xff, 0xff, 0xff, 0x3 ] ]
    ]
  ],
  [
    '#',
    [
      [ [ 0xff, 0xff, 0xff, 0xff, 0xff, 0xff, 0xff, 0xff, 0xff, 0xff, 0xff, 0xff, 0xff, 0xff, 0xff ] ],
      [ [ 0xff, 0xff, 0xff, 0xff, 0xff, 0xff, 0xff, 0xff, 0xff, 0xff, 0xff, 0xff, 0xff, 0xff, 0xff ] ],
      [ [ 0xff, 0xff, 0xff, 0xff, 0xff, 0xff, 0xff, 0xff, 0xff, 0xff, 0xff, 0xff, 0xff, 0xff, 0xff ] ],
      [ [ 0xff, 0xff, 0xff, 0xff, 0xff, 0xff, 0xff, 0xff, 0xff, 0xff, 0xff, 0xff, 0xff, 0xff, 0xff ] ],
      [ [ 0xff, 0xff, 0xff, 0xff, 0xff, 0xff, 0xff, 0xff, 0xff, 0xff, 0xff, 0xff, 0xff, 0xff, 0xff ] ],
      [ [ 0xff, 0xff, 0xff, 0xff, 0xff, 0xff, 0xff, 0xff, 0xff, 0xff, 0xff, 0xff, 0xff, 0xff, 0xff ] ],
      [ [ 0xff, 0xff, 0xff, 0xff, 0xff, 0xff, 0xff, 0xff, 0xff, 0xff, 0xff, 0xff, 0xff, 0xff, 0xff ] ],
      [ [ 0xff, 0xff, 0xff, 0xff, 0xff, 0xff, 0xff, 0xff, 0xff, 0xff, 0xff, 0xff, 0xff, 0xff, 0xff ] ],
      [ [ 0xff, 0xff, 0xca, 0x17, 0xff, 0x4b, 0x68, 0xff, 0xff, 0xff, 0xff, 0xff, 0xff, 0xff, 0xff ] ],
      [ [ 0xff, 0xff, 0xa5, 0x7, 0xff, 0x30, 0x53, 0xff, 0xff, 0xff, 0xff, 0xff, 0xff, 0xff, 0xba ] ],
      [ [ 0xff, 0xa7, 0x11, 0x0, 0x0, 0x0, 0xb, 0x52, 0x1a, 0xff, 0xff, 0xff, 0xff, 0xb5, 0x2 ] ],
      [ [ 0x7e, 0x0, 0x15, 0xd, 0xe2, 0x1b, 0x4, 0x0, 0x0, 0xff, 0xff, 0xff, 0xff, 0x1a, 0x0 ] ],
      [ [ 0x0, 0x2d, 0x85, 0x10, 0xff, 0x20, 0x5b, 0x20, 0x0, 0xf7, 0xff, 0xff, 0xce, 0x0, 0x6 ] ],
      [ [ 0x0, 0x94, 0x7e, 0x13, 0xff, 0x1c, 0x67, 0xda, 0x0, 0xeb, 0xff, 0xff, 0x88, 0x0, 0x11 ] ],
      [ [ 0x0, 0xb9, 0x76, 0x17, 0xff, 0x18, 0x74, 0xff, 0x31, 0xed, 0xff, 0xff, 0x62, 0x0, 0x17 ] ],
      [ [ 0x0, 0x72, 0x6f, 0x1c, 0xff, 0x14, 0x81, 0xff, 0xff, 0xff, 0xff, 0xff, 0x6e, 0x0, 0x11 ] ],
      [ [ 0x0, 0x8, 0x4d, 0x20, 0xff, 0x11, 0x8e, 0xff, 0xff, 0xff, 0xff, 0xff, 0xb2, 0x0, 0x6 ] ],
      [ [ 0x8, 0x0, 0x0, 0x8, 0x68, 0x8, 0x9b, 0xff, 0xff, 0xff, 0xff, 0xff, 0xff, 0x5, 0x0 ] ],
      [ [ 0xca, 0x14, 0x0, 0x0, 0x0, 0x0, 0x3, 0x46, 0xf5, 0xff, 0xff, 0xff, 0xff, 0x4c, 0x0 ] ],
      [ [ 0xff, 0xff, 0x3d, 0x9, 0x11, 0x0, 0x0, 0x0, 0x10, 0xed, 0xff, 0xff, 0xff, 0xfd, 0x14 ] ],
      [ [ 0xff, 0xff, 0x42, 0x38, 0xff, 0x5, 0x20, 0x0, 0x0, 0x49, 0xff, 0xff, 0xff, 0xff, 0xe4 ] ],
      [ [ 0xff, 0xff, 0x3b, 0x3f, 0xff, 0x4, 0xce, 0x38, 0x0, 0x7, 0xff, 0xff, 0xff, 0xff, 0xff ] ],
      [ [ 0xaf, 0xff, 0x34, 0x46, 0xff, 0x2, 0xd9, 0xd5, 0x0, 0x0, 0xfb, 0xff, 0xff, 0xff, 0xff ] ],
      [ [ 0x68, 0xff, 0x2d, 0x4d, 0xff, 0x1, 0xe6, 0xff, 0x1, 0x1, 0xff, 0xff, 0xff, 0xff, 0xff ] ],
      [ [ 0x20, 0xff, 0x27, 0x55, 0xff, 0x0, 0xf1, 0xed, 0x0, 0x13, 0xff, 0xff, 0xff, 0xff, 0xff ] ],
      [ [ 0x0, 0x91, 0x21, 0x5d, 0xff, 0x0, 0xfd, 0x58, 0x0, 0x91, 0xff, 0xff, 0xff, 0xff, 0xff ] ]
    ]
  ],
  [
    '$',
    [
      [ [ 0xff, 0xff, 0xff, 0xff, 0xff, 0xff, 0xff, 0xff, 0xff, 0xff, 0xff, 0xff, 0xff, 0xff, 0xff ] ],
      [ [ 0xff, 0xff, 0xff, 0xff, 0xff, 0xff, 0xff, 0xff, 0xff, 0xff, 0xff, 0xff, 0xff, 0xff, 0xff ] ],
      [ [ 0xff, 0xff, 0xff, 0xff, 0xff, 0xff, 0xff, 0xff, 0xff, 0xff, 0xff, 0xff, 0xff, 0xff, 0xff ] ],
      [ [ 0xff, 0xff, 0xff, 0xff, 0xff, 0xff, 0xff, 0xff, 0xff, 0xff, 0xff, 0xff, 0xff, 0xff, 0xff ] ],
      [ [ 0xff, 0xff, 0xff, 0xff, 0xff, 0xff, 0xff, 0xff, 0xff, 0xff, 0xff, 0xff, 0xff, 0xff, 0xff ] ],
      [ [ 0xff, 0xff, 0xff, 0xff, 0xff, 0xff, 0xff, 0xff, 0xff, 0xff, 0xff, 0xff, 0xff, 0xff, 0xff ] ],
      [ [ 0xff, 0xff, 0xff, 0xff, 0xff, 0xff, 0xff, 0xff, 0xff, 0xff, 0xff, 0xff, 0xff, 0xff, 0xff ] ],
      [ [ 0xff, 0xff, 0xff, 0xff, 0xff, 0xff, 0xff, 0xff, 0xff, 0xff, 0xff, 0xff, 0xff, 0xff, 0xff ] ],
      [ [ 0xff, 0xff, 0xff, 0xff, 0xff, 0xff, 0xff, 0xff, 0xff, 0xff, 0xff, 0xff, 0xff, 0xff, 0xff ] ],
      [ [ 0x23, 0x5, 0x1, 0x18, 0xba, 0xff, 0xff, 0xff, 0xff, 0xff, 0xff, 0xff, 0xff, 0x74, 0xc ] ],
      [ [ 0x23, 0xf1, 0xbe, 0xb, 0x3, 0xb9, 0xff, 0xff, 0xff, 0xff, 0xff, 0xff, 0xdc, 0x2, 0x39 ] ],
      [ [ 0xc3, 0xff, 0xff, 0x9f, 0x0, 0x18, 0xff, 0xff, 0xff, 0xff, 0xff, 0xff, 0x24, 0x6, 0xef ] ],
      [ [ 0xff, 0xff, 0xff, 0xfd, 0x1, 0x0, 0xcc, 0xff, 0xff, 0xff, 0xff, 0x86, 0x0, 0x94, 0xff ] ],
      [ [ 0xff, 0xff, 0xff, 0xff, 0xa, 0x0, 0x7e, 0xff, 0xff, 0xff, 0xe8, 0x4, 0x2e, 0xff, 0xff ] ],
      [ [ 0xff, 0xff, 0xff, 0xff, 0xf, 0x0, 0x5c, 0xff, 0xff, 0xff, 0x2f, 0x4, 0xe8, 0xff, 0xff ] ],
      [ [ 0xff, 0xff, 0xff, 0xff, 0xb, 0x0, 0x7f, 0xff, 0xff, 0x98, 0x0, 0x84, 0xff, 0xff, 0xff ] ],
      [ [ 0xff, 0xff, 0xff, 0xff, 0x6, 0x0, 0xb2, 0xff, 0xf1, 0x7, 0x24, 0xff, 0x6e, 0x7, 0x1 ] ],
      [ [ 0xe0, 0xff, 0xff, 0xf7, 0x0, 0x3, 0xf7, 0xff, 0x3d, 0x2, 0xdc, 0x81, 0x0, 0x7b, 0xfb ] ],
      [ [ 0x55, 0xff, 0xff, 0xa5, 0x0, 0x47, 0xff, 0xab, 0x0, 0x74, 0xeb, 0x1, 0x17, 0xff, 0xff ] ],
      [ [ 0x1, 0x88, 0xcc, 0x14, 0xf, 0xe8, 0xf9, 0xb, 0x1a, 0xff, 0x6f, 0x0, 0x44, 0xff, 0xff ] ],
      [ [ 0x37, 0x9, 0xb, 0x3a, 0xea, 0xff, 0x4c, 0x1, 0xd0, 0xff, 0x1e, 0x0, 0x82, 0xff, 0xff ] ],
      [ [ 0xff, 0xff, 0xff, 0xff, 0xff, 0xbe, 0x0, 0x63, 0xff, 0xff, 0xb, 0x0, 0xa2, 0xff, 0xff ] ],
      [ [ 0xff, 0xff, 0xff, 0xff, 0xfd, 0x11, 0x13, 0xff, 0xff, 0xff, 0x3, 0x0, 0xb4, 0xff, 0xff ] ],
      [ [ 0xff, 0xff, 0xff, 0xff, 0x5d, 0x1, 0xc3, 0xff, 0xff, 0xff, 0x2, 0x0, 0xb0, 0xff, 0xff ] ],
      [ [ 0xff, 0xff, 0xff, 0xce, 0x1, 0x54, 0xff, 0xff, 0xff, 0xff, 0x9, 0x0, 0x94, 0xff, 0xff ] ],
      [ [ 0xff, 0xff, 0xff, 0x19, 0xe, 0xfb, 0xff, 0xff, 0xff, 0xff, 0x36, 0x0, 0x60, 0xff, 0xff ] ]
    ]
  ],
  [
    '%',
    [
      [ [ 0xff, 0xff, 0xff, 0xff, 0xff, 0xff, 0xff, 0xff, 0xff, 0xff, 0xff, 0xff, 0xff, 0xff, 0xff ] ],
      [ [ 0xff, 0xff, 0xff, 0xff, 0xff, 0xff, 0xff, 0xff, 0xff, 0xff, 0xff, 0xff, 0xff, 0xff, 0xff ] ],
      [ [ 0xff, 0xff, 0xff, 0xff, 0xff, 0xff, 0xff, 0xff, 0xff, 0xff, 0xff, 0xff, 0xff, 0xff, 0xff ] ],
      [ [ 0xff, 0xff, 0xff, 0xff, 0xff, 0xff, 0xff, 0xff, 0xff, 0xff, 0xff, 0xff, 0xff, 0xff, 0xff ] ],
      [ [ 0xff, 0xff, 0xff, 0xff, 0xff, 0xff, 0xff, 0xff, 0xff, 0xff, 0xff, 0xff, 0xff, 0xff, 0xff ] ],
      [ [ 0xff, 0xff, 0xff, 0xff, 0xff, 0xff, 0xff, 0xff, 0xff, 0xff, 0xff, 0xff, 0xff, 0xff, 0xff ] ],
      [ [ 0xff, 0xff, 0xff, 0xff, 0xff, 0xff, 0xff, 0xff, 0xff, 0xff, 0xff, 0xff, 0xff, 0xff, 0xff ] ],
      [ [ 0xff, 0xff, 0xff, 0xff, 0xff, 0xff, 0xff, 0xff, 0xff, 0xff, 0xff, 0xff, 0xff, 0xff, 0xff ] ],
      [ [ 0xff, 0xff, 0xff, 0xff, 0xff, 0xff, 0xff, 0xff, 0xff, 0xff, 0xff, 0xce, 0x26, 0x2, 0x8 ] ],
      [ [ 0xfd, 0xff, 0xff, 0xff, 0xff, 0xff, 0xff, 0xff, 0xff, 0xff, 0x92, 0x2, 0x35, 0xad, 0x6b ] ],
      [ [ 0xff, 0xff, 0xff, 0xff, 0xff, 0xff, 0xff, 0xff, 0xff, 0xc1, 0x1, 0x35, 0xff, 0xff, 0xff ] ],
      [ [ 0xff, 0xff, 0xff, 0xff, 0xff, 0xff, 0xff, 0xff, 0xff, 0x12, 0x0, 0xd0, 0xff, 0xff, 0xff ] ],
      [ [ 0xff, 0xff, 0xff, 0xff, 0xff, 0xff, 0xff, 0xff, 0xde, 0x0, 0x0, 0xed, 0xff, 0xff, 0xff ] ],
      [ [ 0xff, 0xff, 0xff, 0xff, 0xff, 0xff, 0xff, 0xff, 0xef, 0x1, 0x0, 0x39, 0xff, 0xff, 0xff ] ],
      [ [ 0xff, 0xff, 0xff, 0xff, 0xff, 0xff, 0xff, 0xff, 0xff, 0x67, 0x0, 0x0, 0x26, 0xea, 0xcc ] ],
      [ [ 0xff, 0xff, 0xff, 0xff, 0xff, 0xff, 0xff, 0xff, 0xff, 0xff, 0x91, 0xe, 0x0, 0x6, 0x6 ] ],
      [ [ 0xc, 0x88, 0xff, 0xff, 0xff, 0xff, 0xff, 0xff, 0xff, 0xff, 0xc7, 0x18, 0x7, 0x0, 0x1 ] ],
      [ [ 0x33, 0x0, 0xa5, 0xff, 0xff, 0xff, 0xff, 0xff, 0xff, 0x77, 0x1, 0x57, 0xff, 0x74, 0x1 ] ],
      [ [ 0xe8, 0x1, 0x5, 0xfb, 0xff, 0xff, 0xff, 0xff, 0x52, 0x0, 0x6f, 0xff, 0xff, 0xff, 0xbe ] ],
      [ [ 0xff, 0x21, 0x0, 0x94, 0xff, 0xff, 0xff, 0x8c, 0x0, 0x34, 0xff, 0xff, 0xff, 0xff, 0xff ] ],
      [ [ 0xff, 0x49, 0x0, 0x32, 0xff, 0xff, 0xd7, 0x2, 0x1, 0xd9, 0xff, 0xff, 0xff, 0xff, 0xff ] ],
      [ [ 0xff, 0x68, 0x0, 0x14, 0xff, 0xff, 0x46, 0x0, 0x13, 0xff, 0xff, 0xff, 0xff, 0xff, 0xff ] ],
      [ [ 0xff, 0x77, 0x0, 0x6, 0xff, 0xff, 0xe, 0x0, 0x2c, 0xff, 0xff, 0xff, 0xff, 0xff, 0xff ] ],
      [ [ 0xff, 0x74, 0x0, 0xb, 0xff, 0xff, 0x4, 0x0, 0x14, 0xff, 0xff, 0xff, 0xff, 0xff, 0xff ] ],
      [ [ 0xff, 0x65, 0x0, 0x1e, 0xff, 0xff, 0x8, 0x0, 0x0, 0xd1, 0xff, 0xff, 0xff, 0xff, 0xff ] ],
      [ [ 0xff, 0x4b, 0x0, 0x46, 0xff, 0xff, 0x36, 0x0, 0x0, 0xc, 0xed, 0xff, 0xff, 0xff, 0xff ] ]
    ]
  ],
  [
    '&',
    [
      [ [ 0xff, 0xff, 0xff, 0xff, 0xff, 0xff, 0xff, 0xff, 0xff, 0xff, 0xff, 0xff, 0xff, 0xff, 0xff ] ],
      [ [ 0xff, 0xff, 0xff, 0xff, 0xff, 0xff, 0xff, 0xff, 0xff, 0xff, 0xff, 0xff, 0xff, 0xff, 0xff ] ],
      [ [ 0xff, 0xff, 0xff, 0xff, 0xff, 0xff, 0xff, 0xff, 0xff, 0xff, 0xff, 0xff, 0xff, 0xff, 0xff ] ],
      [ [ 0xff, 0xff, 0xff, 0xff, 0xff, 0xff, 0xff, 0xff, 0xff, 0xff, 0xff, 0xff, 0xff, 0xff, 0xff ] ],
      [ [ 0xff, 0xff, 0xff, 0xff, 0xff, 0xff, 0xff, 0xff, 0xff, 0xff, 0xff, 0xff, 0xff, 0xff, 0xff ] ],
      [ [ 0xff, 0xff, 0xff, 0xff, 0xff, 0xff, 0xff, 0xff, 0xff, 0xff, 0xff, 0xff, 0xff, 0xff, 0xff ] ],
      [ [ 0xff, 0xff, 0xff, 0xff, 0xff, 0xff, 0xff, 0xff, 0xff, 0xff, 0xff, 0xff, 0xff, 0xff, 0xff ] ],
      [ [ 0xff, 0xff, 0xff, 0xff, 0xff, 0xff, 0xff, 0xff, 0xff, 0xff, 0xff, 0xff, 0xff, 0xff, 0xff ] ],
      [ [ 0x42, 0xf5, 0xff, 0xff, 0xff, 0xff, 0xff, 0xff, 0xff, 0xff, 0xff, 0xff, 0xff, 0xff, 0xff ] ],
      [ [ 0x1, 0xe, 0xf5, 0xff, 0xff, 0xff, 0xff, 0xff, 0xff, 0xff, 0xff, 0xff, 0xff, 0xff, 0xff ] ],
      [ [ 0x78, 0x0, 0x42, 0xff, 0xff, 0xff, 0xff, 0xff, 0xff, 0xff, 0xff, 0xff, 0xff, 0xff, 0xff ] ],
      [ [ 0xff, 0x2, 0xb, 0xff, 0xff, 0xff, 0xff, 0xff, 0xff, 0xff, 0xff, 0xff, 0xff, 0xff, 0xff ] ],
      [ [ 0xff, 0x1, 0xd, 0xff, 0xff, 0xff, 0xff, 0xff, 0xff, 0xff, 0xff, 0xff, 0xff, 0xff, 0xff ] ],
      [ [ 0x9b, 0x0, 0x72, 0xff, 0xff, 0xff, 0xff, 0xff, 0xff, 0xff, 0xff, 0xff, 0xff, 0xff, 0xff ] ],
      [ [ 0x8, 0x35, 0xff, 0xff, 0xff, 0xff, 0xff, 0xf5, 0xfd, 0xff, 0xff, 0xff, 0xfb, 0xf7, 0xff ] ],
      [ [ 0x55, 0xff, 0xff, 0xff, 0xff, 0xff, 0xff, 0x1e, 0x0, 0x0, 0x0, 0x0, 0x0, 0x1f, 0xff ] ],
      [ [ 0x4e, 0xf9, 0xff, 0xff, 0xff, 0xff, 0xff, 0xff, 0x8f, 0x0, 0x2, 0x9d, 0xf7, 0xff, 0xff ] ],
      [ [ 0x0, 0x10, 0xd7, 0xff, 0xff, 0xff, 0xff, 0xff, 0x6f, 0x0, 0x91, 0xff, 0xff, 0xff, 0xff ] ],
      [ [ 0x4, 0x0, 0x4, 0xb4, 0xff, 0xff, 0xff, 0xf3, 0x6, 0x3a, 0xff, 0xff, 0xff, 0xff, 0xff ] ],
      [ [ 0xc1, 0x4, 0x0, 0x2, 0xb2, 0xff, 0xff, 0x3f, 0xc, 0xf5, 0xff, 0xff, 0xff, 0xff, 0xff ] ],
      [ [ 0xff, 0xb2, 0x1, 0x0, 0x3, 0xcc, 0x9d, 0x2, 0xc1, 0xff, 0xff, 0xff, 0xff, 0xff, 0xff ] ],
      [ [ 0xff, 0xff, 0x7e, 0x0, 0x0, 0xa, 0x4, 0x77, 0xff, 0xff, 0xff, 0xff, 0xff, 0xff, 0xff ] ],
      [ [ 0xff, 0xff, 0xff, 0x38, 0x0, 0x0, 0xe, 0xff, 0xff, 0xff, 0xff, 0xff, 0xff, 0xff, 0xff ] ],
      [ [ 0xff, 0xff, 0xff, 0xe8, 0x1, 0x0, 0x0, 0x3a, 0xff, 0xff, 0xff, 0xff, 0xff, 0xff, 0xff ] ],
      [ [ 0xff, 0xff, 0xfd, 0x23, 0x26, 0x5, 0x0, 0x0, 0x4a, 0xff, 0xff, 0xff, 0xff, 0xff, 0xff ] ],
      [ [ 0xff, 0xf5, 0x28, 0x11, 0xf5, 0x9f, 0x0, 0x0, 0x0, 0x36, 0xfd, 0xff, 0xff, 0xff, 0xff ] ]
    ]
  ],
  [
    '\'',
    [
      [ [ 0xff, 0xff, 0xff, 0xff, 0xff, 0xff, 0xff, 0xff, 0xff, 0xff, 0xff, 0xff, 0xff, 0xff, 0xff ] ],
      [ [ 0xff, 0xff, 0xff, 0xff, 0xff, 0xff, 0xff, 0xff, 0xff, 0xff, 0xff, 0xff, 0xff, 0xff, 0xff ] ],
      [ [ 0xff, 0xff, 0xff, 0xff, 0xff, 0xff, 0xff, 0xff, 0xff, 0xff, 0xff, 0xff, 0xff, 0xff, 0xff ] ],
      [ [ 0xff, 0xff, 0xff, 0xff, 0xff, 0xff, 0xff, 0xff, 0xff, 0xff, 0xff, 0xff, 0xff, 0xff, 0xff ] ],
      [ [ 0xff, 0xff, 0xff, 0xff, 0xff, 0xff, 0xff, 0xff, 0xff, 0xff, 0xff, 0xff, 0xff, 0xff, 0xff ] ],
      [ [ 0xff, 0xff, 0xff, 0xff, 0xff, 0xff, 0xff, 0xff, 0xff, 0xff, 0xff, 0xff, 0xff, 0xff, 0xff ] ],
      [ [ 0xff, 0xff, 0xff, 0xff, 0xff, 0xff, 0xff, 0xff, 0xff, 0xff, 0xff, 0xff, 0xff, 0xb4, 0x50 ] ],
      [ [ 0xff, 0xff, 0xff, 0xff, 0xff, 0xff, 0xff, 0xff, 0xff, 0xff, 0xff, 0xff, 0xc1, 0x3, 0x38 ] ],
      [ [ 0xff, 0xea, 0xa, 0x4, 0xaa, 0xff, 0xff, 0xff, 0xff, 0xff, 0xff, 0xd5, 0x5, 0x12, 0xf9 ] ],
      [ [ 0xff, 0x8c, 0x0, 0x0, 0x4d, 0xff, 0xff, 0xff, 0xff, 0xff, 0xff, 0x1c, 0x4, 0xda, 0xff ] ],
      [ [ 0xff, 0xb7, 0x0, 0x0, 0x6f, 0xff, 0xff, 0xff, 0xff, 0xff, 0x85, 0x0, 0x72, 0xff, 0xff ] ],
      [ [ 0xff, 0xf7, 0x0, 0x0, 0xa5, 0xff, 0xff, 0xff, 0xff, 0xf1, 0x5, 0xa, 0xfd, 0xff, 0xff ] ],
      [ [ 0xff, 0xff, 0x7, 0x0, 0xe6, 0xff, 0xff, 0xff, 0xff, 0x61, 0x0, 0x81, 0xff, 0xff, 0xff ] ],
      [ [ 0xff, 0xff, 0x1a, 0x2, 0xff, 0xff, 0xff, 0xff, 0xff, 0xf, 0x1, 0xf9, 0xff, 0xff, 0xff ] ],
      [ [ 0xff, 0xff, 0x36, 0xe, 0xff, 0xff, 0xff, 0xff, 0xbe, 0x0, 0x20, 0xff, 0xff, 0xff, 0xff ] ],
      [ [ 0xff, 0xff, 0x61, 0x2c, 0xff, 0xff, 0xff, 0xff, 0x3e, 0x0, 0x68, 0xff, 0xff, 0xff, 0xff ] ],
      [ [ 0xff, 0xff, 0xff, 0xff, 0xff, 0xff, 0xff, 0xff, 0xd, 0x0, 0xb9, 0xff, 0xff, 0xff, 0xff ] ],
      [ [ 0xff, 0xff, 0xff, 0xff, 0xff, 0xff, 0xff, 0xf9, 0x0, 0x0, 0xe4, 0xff, 0xff, 0xff, 0xff ] ],
      [ [ 0xff, 0xff, 0xff, 0xff, 0xff, 0xff, 0xff, 0xd1, 0x0, 0x0, 0xff, 0xff, 0xff, 0xff, 0xff ] ],
      [ [ 0xff, 0xff, 0xff, 0xff, 0xff, 0xff, 0xff, 0xb5, 0x0, 0x4, 0xff, 0xff, 0xff, 0xff, 0xff ] ],
      [ [ 0xff, 0xff, 0xff, 0xff, 0xff, 0xff, 0xff, 0xb0, 0x0, 0x5, 0xff, 0xff, 0xff, 0xff, 0xff ] ],
      [ [ 0xff, 0xff, 0xff, 0xff, 0xff, 0xff, 0xff, 0xdc, 0x0, 0x1, 0xff, 0xff, 0xff, 0xff, 0xff ] ],
      [ [ 0xff, 0xff, 0xff, 0xff, 0xff, 0xff, 0xff, 0xff, 0x0, 0x0, 0xf3, 0xff, 0xff, 0xff, 0xff ] ],
      [ [ 0xff, 0xff, 0xff, 0xff, 0xff, 0xff, 0xff, 0xff, 0x5, 0x0, 0xca, 0xff, 0xff, 0xff, 0xff ] ],
      [ [ 0xff, 0xc5, 0xff, 0xff, 0xff, 0xff, 0xff, 0xff, 0x10, 0x0, 0x8e, 0xff, 0xff, 0xff, 0xff ] ],
      [ [ 0x66, 0x14, 0xff, 0xff, 0xff, 0xff, 0xff, 0xff, 0x4c, 0x0, 0x37, 0xff, 0xff, 0xff, 0xff ] ]
    ]
  ],
  [
    '(',
    [
      [ [ 0xff, 0xff, 0xff, 0xff, 0xff, 0xff, 0xff, 0xff, 0xff, 0xff, 0xff, 0xff, 0xff, 0xff, 0xff ] ],
      [ [ 0xff, 0xff, 0xff, 0xff, 0xff, 0xff, 0xff, 0xff, 0xff, 0xff, 0xff, 0xff, 0xff, 0xff, 0xff ] ],
      [ [ 0xff, 0xff, 0xff, 0xff, 0xff, 0xff, 0xff, 0xff, 0xff, 0xff, 0xff, 0xff, 0xff, 0xff, 0xff ] ],
      [ [ 0xff, 0xff, 0xff, 0xff, 0xff, 0xff, 0xff, 0xff, 0xff, 0xff, 0xff, 0xff, 0xff, 0xff, 0xff ] ],
      [ [ 0xff, 0xff, 0xff, 0xff, 0xff, 0xff, 0xff, 0xff, 0xff, 0xff, 0xff, 0xff, 0xff, 0xff, 0xff ] ],
      [ [ 0xff, 0xff, 0xff, 0xff, 0xff, 0xff, 0xff, 0xff, 0xff, 0xff, 0xff, 0xff, 0xff, 0xff, 0xff ] ],
      [ [ 0xff, 0xfd, 0x44, 0xc7, 0xff, 0xff, 0xff, 0xff, 0xff, 0xff, 0xff, 0xff, 0xff, 0xff, 0xff ] ],
      [ [ 0xff, 0xff, 0x17, 0x5, 0xcc, 0xff, 0xff, 0xff, 0xff, 0xff, 0xff, 0xff, 0xff, 0xff, 0xff ] ],
      [ [ 0xff, 0xff, 0xe0, 0x6, 0x6, 0xd3, 0xff, 0xff, 0xff, 0xff, 0xff, 0xff, 0xff, 0xff, 0xff ] ],
      [ [ 0xff, 0xff, 0xff, 0xb5, 0x1, 0x11, 0xf9, 0xff, 0xff, 0xff, 0xff, 0xff, 0xff, 0xff, 0xfd ] ],
      [ [ 0xff, 0xff, 0xff, 0xff, 0x46, 0x0, 0x49, 0xff, 0xff, 0xff, 0xff, 0x8f, 0x3, 0x4c, 0xff ] ],
      [ [ 0xff, 0xff, 0xff, 0xff, 0xeb, 0x2, 0x1, 0xd1, 0xff, 0xff, 0xff, 0xa0, 0x3, 0x0, 0x2a ] ],
      [ [ 0xff, 0xff, 0xff, 0xff, 0xff, 0x54, 0x0, 0x3d, 0xff, 0xff, 0xff, 0xff, 0xff, 0xb0, 0x53 ] ],
      [ [ 0xff, 0xff, 0xff, 0xff, 0xff, 0xd7, 0x0, 0x6, 0xff, 0xff, 0xff, 0xff, 0x91, 0x2d, 0x6 ] ],
      [ [ 0xff, 0xff, 0xff, 0xff, 0xff, 0xff, 0xc, 0x0, 0xa5, 0xff, 0xff, 0x7c, 0x0, 0x0, 0x86 ] ],
      [ [ 0xff, 0xff, 0xff, 0xff, 0xff, 0xff, 0x40, 0x0, 0x38, 0xff, 0xff, 0xcc, 0x29, 0x9a, 0xff ] ],
      [ [ 0xff, 0xff, 0xff, 0xff, 0xff, 0xff, 0x85, 0x0, 0x16, 0xff, 0xff, 0xff, 0xff, 0xff, 0xfb ] ],
      [ [ 0xff, 0xff, 0xff, 0xff, 0xff, 0xff, 0xa8, 0x0, 0x9, 0xff, 0xff, 0xff, 0xff, 0xff, 0xff ] ],
      [ [ 0xff, 0xff, 0xff, 0xff, 0xff, 0xff, 0xce, 0x0, 0x2, 0xff, 0xff, 0xff, 0xff, 0xff, 0xff ] ],
      [ [ 0xff, 0xff, 0xff, 0xff, 0xff, 0xff, 0xf5, 0x0, 0x0, 0xf3, 0xff, 0xff, 0xff, 0xff, 0xff ] ],
      [ [ 0xff, 0xff, 0xff, 0xff, 0xff, 0xff, 0xff, 0x0, 0x0, 0xde, 0xff, 0xff, 0xff, 0xff, 0xff ] ],
      [ [ 0xff, 0xff, 0xff, 0xff, 0xff, 0xff, 0xde, 0x0, 0x0, 0xf9, 0xff, 0xff, 0xff, 0xff, 0xff ] ],
      [ [ 0xff, 0xff, 0xff, 0xff, 0xff, 0xff, 0xb7, 0x0, 0x2, 0xff, 0xff, 0xff, 0xff, 0xff, 0xff ] ],
      [ [ 0xff, 0xff, 0xff, 0xff, 0xff, 0xff, 0x94, 0x0, 0x12, 0xff, 0xff, 0xff, 0xff, 0xff, 0xff ] ],
      [ [ 0xff, 0xff, 0xff, 0xff, 0xff, 0xff, 0x62, 0x0, 0x3a, 0xff, 0xff, 0xff, 0xff, 0xff, 0xff ] ],
      [ [ 0xff, 0xff, 0xff, 0xff, 0xff, 0xff, 0x1e, 0x0, 0xaf, 0xff, 0xff, 0xff, 0xff, 0xff, 0xff ] ]
    ]
  ],
  [
    ')',
    [
      [ [ 0xff, 0xff, 0xff, 0xff, 0xff, 0xff, 0xff, 0xff, 0xff, 0xff, 0xff, 0xff, 0xff, 0xff, 0xff ] ],
      [ [ 0xff, 0xff, 0xff, 0xff, 0xff, 0xff, 0xff, 0xff, 0xff, 0xff, 0xff, 0xff, 0xff, 0xff, 0xff ] ],
      [ [ 0xff, 0xff, 0xff, 0xff, 0xff, 0xff, 0xff, 0xff, 0xff, 0xff, 0xff, 0xff, 0xff, 0xff, 0xff ] ],
      [ [ 0xff, 0xff, 0xff, 0xff, 0xff, 0xff, 0xff, 0xff, 0xff, 0xff, 0xff, 0xff, 0xff, 0xff, 0xff ] ],
      [ [ 0xff, 0xff, 0xff, 0xff, 0xff, 0xff, 0xff, 0xff, 0xff, 0xff, 0xff, 0xff, 0xff, 0xff, 0xff ] ],
      [ [ 0xff, 0xff, 0xff, 0xff, 0xff, 0xff, 0xff, 0xff, 0xff, 0xff, 0xff, 0xff, 0xff, 0xff, 0xff ] ],
      [ [ 0xff, 0xff, 0xff, 0xff, 0xff, 0xff, 0xff, 0xff, 0xff, 0xff, 0xff, 0xff, 0xff, 0xff, 0xff ] ],
      [ [ 0xff, 0xff, 0xff, 0xff, 0xff, 0xff, 0xff, 0xff, 0xff, 0xff, 0xff, 0xff, 0xff, 0xff, 0xff ] ],
      [ [ 0xb, 0x20, 0xff, 0xff, 0xff, 0xff, 0xff, 0xff, 0xff, 0xff, 0xff, 0xff, 0xff, 0xff, 0xff ] ],
      [ [ 0x1, 0xc, 0xff, 0xff, 0xff, 0xff, 0xff, 0xff, 0xff, 0xff, 0xff, 0xff, 0xff, 0xff, 0xff ] ],
      [ [ 0x16, 0x32, 0xf5, 0x23, 0x4, 0xdc, 0xff, 0xff, 0xff, 0xff, 0xff, 0xff, 0xff, 0xff, 0xff ] ],
      [ [ 0x4a, 0x70, 0x15, 0x0, 0x7, 0xd9, 0xff, 0xff, 0xff, 0xff, 0xff, 0xff, 0xff, 0xff, 0xff ] ],
      [ [ 0x20, 0x32, 0x49, 0xa7, 0xfd, 0xff, 0xff, 0xff, 0xff, 0xff, 0xff, 0xff, 0xff, 0xff, 0xff ] ],
      [ [ 0x2b, 0x2e, 0xe, 0x44, 0xad, 0xff, 0xff, 0xff, 0xff, 0xff, 0xff, 0xff, 0xff, 0xff, 0xff ] ],
      [ [ 0x32, 0x5a, 0x48, 0x0, 0x0, 0x8e, 0xff, 0xff, 0xff, 0xff, 0xff, 0xff, 0xff, 0xff, 0xff ] ],
      [ [ 0x9, 0x20, 0xff, 0x6b, 0x26, 0xde, 0xff, 0xff, 0xff, 0xff, 0xff, 0xff, 0xe4, 0xb7, 0xe0 ] ],
      [ [ 0x0, 0x8, 0xff, 0xff, 0xff, 0xff, 0xff, 0xff, 0xff, 0xff, 0xff, 0xff, 0x65, 0x0, 0x56 ] ],
      [ [ 0x50, 0x72, 0xff, 0xff, 0xff, 0xff, 0xff, 0xff, 0xff, 0xff, 0xff, 0xff, 0x65, 0x0, 0x56 ] ],
      [ [ 0xff, 0xff, 0xff, 0xff, 0xff, 0xff, 0xff, 0xff, 0xff, 0xff, 0xff, 0xff, 0x65, 0x0, 0x56 ] ],
      [ [ 0xff, 0xff, 0xff, 0xff, 0xff, 0xff, 0xff, 0xff, 0xff, 0xff, 0xff, 0xff, 0x65, 0x0, 0x56 ] ],
      [ [ 0xff, 0xff, 0xff, 0xff, 0xff, 0xff, 0xff, 0xff, 0xff, 0xff, 0xff, 0xff, 0x65, 0x0, 0x56 ] ],
      [ [ 0xff, 0xff, 0xff, 0xff, 0xff, 0xff, 0xff, 0x74, 0x0, 0x0, 0x0, 0x0, 0x0, 0x0, 0x0 ] ],
      [ [ 0xff, 0xff, 0xff, 0xff, 0xff, 0xff, 0xff, 0x9a, 0x1a, 0x1a, 0x1a, 0x1a, 0xa, 0x0, 0x9 ] ],
      [ [ 0xff, 0xff, 0xff, 0xff, 0xff, 0xff, 0xff, 0xff, 0xff, 0xff, 0xff, 0xff, 0x65, 0x0, 0x56 ] ],
      [ [ 0xff, 0xff, 0xff, 0xff, 0xff, 0xff, 0xff, 0xff, 0xff, 0xff, 0xff, 0xff, 0x65, 0x0, 0x56 ] ],
      [ [ 0xff, 0xff, 0xff, 0xff, 0xff, 0xff, 0xff, 0xff, 0xff, 0xff, 0xff, 0xff, 0x65, 0x0, 0x56 ] ]
    ]
  ],
  [
    '*',
    [
      [ [ 0xff, 0xff, 0xff, 0xff, 0xff, 0xff, 0xff, 0xff, 0xff, 0xff, 0xff, 0xff, 0xff, 0xff, 0xff ] ],
      [ [ 0xff, 0xff, 0xff, 0xff, 0xff, 0xff, 0xff, 0xff, 0xff, 0xff, 0xff, 0xff, 0xff, 0xff, 0xff ] ],
      [ [ 0xff, 0xff, 0xff, 0xff, 0xff, 0xff, 0xff, 0xff, 0xff, 0xff, 0xff, 0xff, 0xff, 0xff, 0xff ] ],
      [ [ 0xff, 0xff, 0xff, 0xff, 0xff, 0xff, 0xff, 0xff, 0xff, 0xff, 0xff, 0xff, 0xff, 0xff, 0xff ] ],
      [ [ 0xff, 0xff, 0xff, 0xff, 0xff, 0xff, 0xff, 0xff, 0xff, 0xff, 0xff, 0xff, 0xff, 0xff, 0xff ] ],
      [ [ 0xff, 0xff, 0xff, 0xff, 0xff, 0xff, 0xff, 0xff, 0xff, 0xff, 0xff, 0xff, 0xff, 0xff, 0xff ] ],
      [ [ 0xff, 0xff, 0xff, 0xff, 0xff, 0xff, 0xff, 0xff, 0xff, 0xff, 0xff, 0xff, 0xff, 0xff, 0xff ] ],
      [ [ 0xff, 0xff, 0xff, 0xff, 0xff, 0xff, 0xff, 0xff, 0xff, 0xff, 0xff, 0xff, 0xff, 0xff, 0xff ] ],
      [ [ 0xff, 0xff, 0xff, 0xff, 0xff, 0xff, 0xff, 0xff, 0xff, 0xff, 0xff, 0xff, 0xff, 0xff, 0xff ] ],
      [ [ 0xff, 0xff, 0xff, 0xff, 0xff, 0xff, 0xff, 0xff, 0xff, 0xff, 0xff, 0xff, 0xff, 0xff, 0xff ] ],
      [ [ 0xff, 0xff, 0xff, 0xff, 0xff, 0xff, 0xff, 0xff, 0xff, 0xff, 0xff, 0xff, 0xff, 0xff, 0xff ] ],
      [ [ 0xff, 0xff, 0xff, 0xff, 0xff, 0xff, 0xff, 0xff, 0xff, 0xff, 0xff, 0xff, 0xff, 0xff, 0xff ] ],
      [ [ 0xff, 0xff, 0xff, 0xff, 0xff, 0xff, 0xff, 0xff, 0xff, 0xff, 0xff, 0xff, 0xff, 0xff, 0xff ] ],
      [ [ 0xff, 0xff, 0xff, 0xff, 0xff, 0xff, 0xff, 0xff, 0xff, 0xff, 0xff, 0xff, 0xff, 0xff, 0xff ] ],
      [ [ 0xff, 0xff, 0xff, 0xff, 0xff, 0xff, 0xff, 0xff, 0xff, 0xff, 0xff, 0xff, 0xff, 0xff, 0xff ] ],
      [ [ 0xff, 0xff, 0xff, 0xff, 0xff, 0xff, 0xff, 0xff, 0xff, 0xff, 0xff, 0xff, 0xff, 0xff, 0xff ] ],
      [ [ 0xff, 0xff, 0xff, 0xff, 0xff, 0xff, 0xff, 0xff, 0xff, 0xff, 0xff, 0xff, 0xff, 0xff, 0xff ] ],
      [ [ 0xff, 0xff, 0xff, 0xff, 0xff, 0xff, 0xff, 0xff, 0xff, 0xff, 0xff, 0xff, 0xff, 0xff, 0xff ] ],
      [ [ 0xff, 0xff, 0xff, 0xff, 0xff, 0xff, 0xff, 0xff, 0xff, 0xff, 0xff, 0xff, 0xff, 0xff, 0xff ] ],
      [ [ 0xff, 0xff, 0xff, 0xff, 0xff, 0xff, 0xff, 0xff, 0xff, 0xff, 0xff, 0xff, 0xff, 0xff, 0xff ] ],
      [ [ 0xff, 0xff, 0xff, 0xff, 0xff, 0xff, 0xff, 0xff, 0xff, 0xff, 0xff, 0xff, 0xff, 0xff, 0xff ] ],
      [ [ 0x0, 0x0, 0x0, 0x0, 0x7a, 0xff, 0xff, 0xff, 0xff, 0xff, 0xff, 0xff, 0xff, 0xff, 0xff ] ],
      [ [ 0x1a, 0x1a, 0x1a, 0x1a, 0x9f, 0xff, 0xff, 0xff, 0xff, 0xff, 0xff, 0xff, 0xff, 0xff, 0xff ] ],
      [ [ 0xff, 0xff, 0xff, 0xff, 0xff, 0xff, 0xff, 0xff, 0xff, 0xff, 0xff, 0xff, 0xff, 0xff, 0xff ] ],
      [ [ 0xff, 0xff, 0xff, 0xff, 0xff, 0xff, 0xff, 0xff, 0xff, 0xff, 0xff, 0xff, 0xff, 0xff, 0xff ] ],
      [ [ 0xff, 0xff, 0xff, 0xff, 0xff, 0xff, 0xff, 0xff, 0x54, 0x15, 0x50, 0xf9, 0xff, 0xff, 0xff ] ]
    ]
  ],
  [
    '+',
    [
      [ [ 0xff, 0xff, 0xff, 0xff, 0xff, 0xff, 0xff, 0xff, 0xff, 0xff, 0xff, 0xff, 0xff, 0xff, 0xff ] ],
      [ [ 0xff, 0xff, 0xff, 0xff, 0xff, 0xff, 0xff, 0xff, 0xff, 0xff, 0xff, 0xff, 0xff, 0xff, 0xff ] ],
      [ [ 0xff, 0xff, 0xff, 0xff, 0xff, 0xff, 0xff, 0xff, 0xff, 0xff, 0xff, 0xff, 0xff, 0xff, 0xff ] ],
      [ [ 0xff, 0xff, 0xff, 0xff, 0xff, 0xff, 0xff, 0xff, 0xff, 0xff, 0xff, 0xff, 0xff, 0xff, 0xff ] ],
      [ [ 0xff, 0xff, 0xff, 0xff, 0xff, 0xff, 0xff, 0xff, 0xff, 0xff, 0xff, 0xff, 0xff, 0xff, 0xff ] ],
      [ [ 0xff, 0xff, 0xff, 0xff, 0xff, 0xff, 0xff, 0xff, 0xff, 0xff, 0xff, 0xff, 0xff, 0xff, 0xff ] ],
      [ [ 0xff, 0xff, 0xff, 0xff, 0xff, 0xff, 0xff, 0xff, 0xff, 0xff, 0xff, 0xff, 0xff, 0xff, 0xff ] ],
      [ [ 0xff, 0xff, 0xff, 0xff, 0xff, 0xff, 0xff, 0xff, 0xff, 0xff, 0xff, 0xff, 0xff, 0xff, 0xff ] ],
      [ [ 0xff, 0xff, 0xff, 0xff, 0xff, 0xff, 0xff, 0xff, 0xff, 0xff, 0xff, 0xff, 0xff, 0xff, 0xff ] ],
      [ [ 0xff, 0xff, 0xff, 0xff, 0xff, 0xff, 0xff, 0xff, 0xff, 0xff, 0xff, 0xff, 0xff, 0xff, 0xff ] ],
      [ [ 0xff, 0xff, 0xff, 0xff, 0xff, 0xff, 0xff, 0xff, 0xff, 0xff, 0xff, 0xff, 0xff, 0xff, 0xff ] ],
      [ [ 0xff, 0xff, 0xff, 0xff, 0xff, 0xff, 0xff, 0xff, 0xff, 0xff, 0xff, 0xff, 0xff, 0xff, 0xff ] ],
      [ [ 0xff, 0xff, 0xff, 0xff, 0xff, 0xff, 0xff, 0xff, 0xff, 0xff, 0xff, 0xff, 0xff, 0xff, 0xff ] ],
      [ [ 0xff, 0xff, 0xff, 0xff, 0xff, 0xff, 0xff, 0xff, 0xff, 0xff, 0xff, 0xff, 0xff, 0xff, 0xff ] ],
      [ [ 0xff, 0xff, 0xff, 0xff, 0xff, 0xff, 0xff, 0xff, 0xff, 0xff, 0xff, 0xff, 0xff, 0xff, 0xff ] ],
      [ [ 0xff, 0xff, 0xff, 0xff, 0xff, 0xff, 0xff, 0xff, 0xff, 0xff, 0xff, 0xff, 0xff, 0xff, 0xff ] ],
      [ [ 0xff, 0xff, 0xff, 0xff, 0xff, 0xff, 0xff, 0xff, 0xff, 0xff, 0xff, 0xff, 0xff, 0xff, 0xff ] ],
      [ [ 0xff, 0xff, 0xff, 0xff, 0xff, 0xff, 0xff, 0xff, 0xff, 0xff, 0xff, 0xff, 0xff, 0xff, 0xff ] ],
      [ [ 0xff, 0xff, 0xff, 0xff, 0xff, 0xff, 0xff, 0xff, 0xff, 0xff, 0xff, 0xff, 0xff, 0xff, 0xff ] ],
      [ [ 0xff, 0xff, 0xff, 0xff, 0xff, 0xff, 0xff, 0xff, 0xff, 0xff, 0xff, 0xff, 0xff, 0xff, 0xff ] ],
      [ [ 0x86, 0x1c, 0x1c, 0x1c, 0x1c, 0x1c, 0x1c, 0x1c, 0x1c, 0x78, 0xff, 0xff, 0xff, 0xff, 0xff ] ],
      [ [ 0x53, 0x0, 0x0, 0x0, 0x0, 0x0, 0x0, 0x0, 0x0, 0x3e, 0xff, 0xff, 0xff, 0xff, 0xff ] ],
      [ [ 0xff, 0xff, 0xff, 0xff, 0xff, 0xff, 0xff, 0xff, 0xff, 0xff, 0xff, 0xff, 0xff, 0xff, 0xff ] ],
      [ [ 0xff, 0xff, 0xff, 0xff, 0xff, 0xff, 0xff, 0xff, 0xff, 0xff, 0xff, 0xff, 0xff, 0xff, 0xff ] ],
      [ [ 0xff, 0xff, 0xff, 0xff, 0xff, 0xff, 0xff, 0xff, 0xff, 0xff, 0xff, 0xff, 0xff, 0xff, 0xff ] ],
      [ [ 0xff, 0xff, 0xff, 0xff, 0xff, 0xff, 0xff, 0xff, 0xff, 0xff, 0xff, 0xff, 0xff, 0xea, 0x6c ] ]
    ]
  ],
  [
    ',',
    [
      [ [ 0xff, 0xff, 0xff, 0xff, 0xff, 0xff, 0xff, 0xff, 0xff, 0xff, 0xff, 0xff, 0xff, 0xff, 0xff ] ],
      [ [ 0xff, 0xff, 0xff, 0xff, 0xff, 0xff, 0xff, 0xff, 0xff, 0xff, 0xff, 0xff, 0xff, 0xff, 0xff ] ],
      [ [ 0xff, 0xff, 0xff, 0xff, 0xff, 0xff, 0xff, 0xff, 0xff, 0xff, 0xff, 0xff, 0xff, 0xff, 0xff ] ],
      [ [ 0xff, 0xff, 0xff, 0xff, 0xff, 0xff, 0xff, 0xff, 0xff, 0xff, 0xff, 0xff, 0xff, 0xff, 0xff ] ],
      [ [ 0xff, 0xff, 0xff, 0xff, 0xff, 0xff, 0xff, 0xff, 0xff, 0xff, 0xff, 0xff, 0xff, 0xff, 0xff ] ],
      [ [ 0xff, 0xff, 0xff, 0xff, 0xff, 0xff, 0xff, 0xff, 0xff, 0xff, 0xff, 0xff, 0xff, 0xff, 0xff ] ],
      [ [ 0xff, 0xff, 0xff, 0xff, 0xff, 0xff, 0xff, 0xff, 0xff, 0xff, 0xff, 0xff, 0xff, 0xff, 0xff ] ],
      [ [ 0xff, 0xff, 0xff, 0xff, 0xff, 0xff, 0xff, 0xff, 0xff, 0xff, 0xff, 0xff, 0xf9, 0x89, 0xf5 ] ],
      [ [ 0xff, 0xff, 0xff, 0xff, 0xff, 0xff, 0xff, 0xff, 0xff, 0xff, 0xff, 0xff, 0x74, 0x0, 0x67 ] ],
      [ [ 0xff, 0xff, 0xff, 0xff, 0xff, 0xff, 0xff, 0xff, 0xff, 0xff, 0xff, 0xff, 0xf, 0x1, 0xe8 ] ],
      [ [ 0xff, 0xff, 0xff, 0xff, 0xff, 0xff, 0xff, 0xff, 0xff, 0xff, 0xff, 0xa2, 0x0, 0x35, 0xff ] ],
      [ [ 0xff, 0xff, 0xff, 0xff, 0xff, 0xff, 0xff, 0xff, 0xff, 0xff, 0xff, 0x21, 0x0, 0xc7, 0xff ] ],
      [ [ 0xff, 0xff, 0xff, 0xff, 0xff, 0xff, 0xff, 0xff, 0xff, 0xff, 0xce, 0x0, 0x1e, 0xff, 0xff ] ],
      [ [ 0xff, 0xff, 0xff, 0xff, 0xff, 0xff, 0xff, 0xff, 0xff, 0xff, 0x3b, 0x0, 0x9b, 0xff, 0xff ] ],
      [ [ 0xff, 0xff, 0xff, 0xff, 0xff, 0xff, 0xff, 0xff, 0xff, 0xed, 0x2, 0xd, 0xff, 0xff, 0xff ] ],
      [ [ 0xff, 0xff, 0xff, 0xff, 0xff, 0xff, 0xff, 0xff, 0xff, 0x5c, 0x0, 0x70, 0xff, 0xff, 0xff ] ],
      [ [ 0xff, 0xff, 0xff, 0xff, 0xff, 0xff, 0xff, 0xff, 0xfd, 0x7, 0x4, 0xf7, 0xff, 0xff, 0xff ] ],
      [ [ 0xff, 0xff, 0xff, 0xff, 0xff, 0xff, 0xff, 0xff, 0x85, 0x0, 0x4c, 0xff, 0xff, 0xff, 0xff ] ],
      [ [ 0xff, 0xff, 0xff, 0xff, 0xff, 0xff, 0xff, 0xff, 0x15, 0x1, 0xe0, 0xff, 0xff, 0xff, 0xff ] ],
      [ [ 0xff, 0xff, 0xff, 0xff, 0xff, 0xff, 0xff, 0xb4, 0x0, 0x2e, 0xff, 0xff, 0xff, 0xff, 0xff ] ],
      [ [ 0xff, 0xff, 0xff, 0xff, 0xff, 0xff, 0xff, 0x2a, 0x0, 0xbc, 0xff, 0xff, 0xff, 0xff, 0xff ] ],
      [ [ 0xff, 0xff, 0xff, 0xff, 0xff, 0xff, 0xda, 0x0, 0x18, 0xff, 0xff, 0xff, 0xff, 0xff, 0xff ] ],
      [ [ 0xff, 0xff, 0xff, 0xff, 0xff, 0xff, 0x47, 0x0, 0x8f, 0xff, 0xff, 0xff, 0xff, 0xff, 0xff ] ],
      [ [ 0xff, 0xff, 0xff, 0xff, 0xff, 0xf5, 0x3, 0x9, 0xff, 0xff, 0xff, 0xff, 0xff, 0xff, 0xff ] ],
      [ [ 0xff, 0xff, 0xff, 0xff, 0xff, 0x6b, 0x0, 0x66, 0xff, 0xff, 0xff, 0xff, 0xff, 0xff, 0xff ] ],
      [ [ 0xaa, 0xff, 0xff, 0xff, 0xff, 0xb, 0x2, 0xf3, 0xff, 0xff, 0xff, 0xff, 0xff, 0xff, 0xff ] ]
    ]
  ],
  [
    '-',
    [
      [ [ 0xff, 0xff, 0xff, 0xff, 0xff, 0xff, 0xff, 0xff, 0xff, 0xff, 0xff, 0xff, 0xff, 0xff, 0xff ] ],
      [ [ 0xff, 0xff, 0xff, 0xff, 0xff, 0xff, 0xff, 0xff, 0xff, 0xff, 0xff, 0xff, 0xff, 0xff, 0xff ] ],
      [ [ 0xff, 0xff, 0xff, 0xff, 0xff, 0xff, 0xff, 0xff, 0xff, 0xff, 0xff, 0xff, 0xff, 0xff, 0xff ] ],
      [ [ 0xff, 0xff, 0xff, 0xff, 0xff, 0xff, 0xff, 0xff, 0xff, 0xff, 0xff, 0xff, 0xff, 0xff, 0xff ] ],
      [ [ 0xff, 0xff, 0xff, 0xff, 0xff, 0xff, 0xff, 0xff, 0xff, 0xff, 0xff, 0xff, 0xff, 0xff, 0xff ] ],
      [ [ 0xff, 0xff, 0xff, 0xff, 0xff, 0xff, 0xff, 0xff, 0xff, 0xff, 0xff, 0xff, 0xff, 0xff, 0xff ] ],
      [ [ 0xff, 0xff, 0xff, 0xff, 0xff, 0xff, 0xff, 0xff, 0xff, 0xff, 0xff, 0xff, 0xff, 0xff, 0xff ] ],
      [ [ 0xff, 0xff, 0xff, 0xff, 0xff, 0xff, 0xff, 0xff, 0xff, 0xff, 0xff, 0xff, 0xff, 0xff, 0xff ] ],
      [ [ 0xff, 0xff, 0xff, 0xff, 0xff, 0xff, 0xff, 0xff, 0xff, 0xff, 0xff, 0xff, 0xff, 0xff, 0xff ] ],
      [ [ 0xff, 0xff, 0xff, 0xff, 0xed, 0x4c, 0x8, 0x0, 0x5, 0x30, 0xd1, 0xff, 0xff, 0xff, 0xff ] ],
      [ [ 0xff, 0xff, 0xff, 0xd5, 0xb, 0xd, 0x76, 0xb9, 0x5c, 0x1, 0x2, 0xad, 0xff, 0xff, 0xff ] ],
      [ [ 0xff, 0xff, 0xf9, 0x10, 0x4, 0xe4, 0xff, 0xff, 0xff, 0x8e, 0x0, 0x4, 0xe2, 0xff, 0xff ] ],
      [ [ 0xff, 0xff, 0x5a, 0x0, 0x49, 0xff, 0xff, 0xff, 0xff, 0xff, 0x1f, 0x0, 0x34, 0xff, 0xff ] ],
      [ [ 0xff, 0xf9, 0x4, 0x0, 0xc8, 0xff, 0xff, 0xff, 0xff, 0xff, 0x7c, 0x0, 0x2, 0xf5, 0xff ] ],
      [ [ 0xff, 0x8e, 0x0, 0x2, 0xff, 0xff, 0xff, 0xff, 0xff, 0xff, 0xed, 0x0, 0x0, 0x7b, 0xff ] ],
      [ [ 0xff, 0x33, 0x0, 0x11, 0xff, 0xff, 0xff, 0xff, 0xff, 0xff, 0xff, 0xe, 0x0, 0x20, 0xff ] ],
      [ [ 0xff, 0x10, 0x0, 0x1c, 0xff, 0xff, 0xff, 0xff, 0xff, 0xff, 0xff, 0x1c, 0x0, 0xc, 0xff ] ],
      [ [ 0xff, 0x2, 0x0, 0x24, 0xff, 0xff, 0xff, 0xff, 0xff, 0xff, 0xff, 0x2e, 0x0, 0x2, 0xff ] ],
      [ [ 0xfd, 0x0, 0x0, 0x2e, 0xff, 0xff, 0xff, 0xff, 0xff, 0xff, 0xff, 0x3a, 0x0, 0x0, 0xf3 ] ],
      [ [ 0xe6, 0x0, 0x0, 0x36, 0xff, 0xff, 0xff, 0xff, 0xff, 0xff, 0xff, 0x35, 0x0, 0x0, 0xf3 ] ],
      [ [ 0xf5, 0x0, 0x0, 0x31, 0xff, 0xff, 0xff, 0xff, 0xff, 0xff, 0xff, 0x31, 0x0, 0x0, 0xff ] ],
      [ [ 0xff, 0x4, 0x0, 0x26, 0xff, 0xff, 0xff, 0xff, 0xff, 0xff, 0xff, 0x27, 0x0, 0x4, 0xff ] ],
      [ [ 0xff, 0x10, 0x0, 0x13, 0xff, 0xff, 0xff, 0xff, 0xff, 0xff, 0xff, 0x19, 0x0, 0x15, 0xff ] ],
      [ [ 0xff, 0x4d, 0x0, 0x2, 0xff, 0xff, 0xff, 0xff, 0xff, 0xff, 0xff, 0xa, 0x0, 0x40, 0xff ] ],
      [ [ 0xff, 0xd9, 0x0, 0x0, 0xb4, 0xff, 0xff, 0xff, 0xff, 0xff, 0xf3, 0x0, 0x0, 0xab, 0xff ] ],
      [ [ 0xff, 0xff, 0x20, 0x0, 0x2f, 0xff, 0xff, 0xff, 0xff, 0xff, 0x7a, 0x0, 0x10, 0xff, 0xff ] ]
    ]
  ],
  [
    '.',
    [
      [ [ 0xff, 0xff, 0xff, 0xff, 0xff, 0xff, 0xff, 0xff, 0xff, 0xff, 0xff, 0xff, 0xff, 0xff, 0xff ] ],
      [ [ 0xff, 0xff, 0xff, 0xff, 0xff, 0xff, 0xff, 0xff, 0xff, 0xff, 0xff, 0xff, 0xff, 0xff, 0xff ] ],
      [ [ 0xff, 0xff, 0xff, 0xff, 0xff, 0xff, 0xff, 0xff, 0xff, 0xff, 0xff, 0xff, 0xff, 0xff, 0xff ] ],
      [ [ 0xff, 0xff, 0xff, 0xff, 0xff, 0xff, 0xff, 0xff, 0xff, 0xff, 0xff, 0xff, 0xff, 0xff, 0xff ] ],
      [ [ 0xff, 0xff, 0xff, 0xff, 0xff, 0xff, 0xff, 0xff, 0xff, 0xff, 0xff, 0xff, 0xff, 0xff, 0xff ] ],
      [ [ 0xff, 0xff, 0xff, 0xff, 0xff, 0xff, 0xff, 0xff, 0xff, 0xff, 0xff, 0xff, 0xff, 0xff, 0xff ] ],
      [ [ 0xff, 0xff, 0xff, 0xff, 0xff, 0xff, 0xff, 0xff, 0xff, 0xff, 0xff, 0xff, 0xff, 0xff, 0xff ] ],
      [ [ 0xff, 0xff, 0xff, 0xff, 0xff, 0xff, 0xff, 0xff, 0xff, 0xff, 0xff, 0xff, 0xff, 0xff, 0xff ] ],
      [ [ 0xff, 0xff, 0xff, 0xff, 0xff, 0xff, 0xff, 0xff, 0xff, 0xff, 0xff, 0xff, 0xff, 0xff, 0xff ] ],
      [ [ 0xff, 0xff, 0xff, 0xff, 0xff, 0xff, 0xff, 0xa3, 0x11, 0xab, 0xff, 0xff, 0xff, 0xff, 0xff ] ],
      [ [ 0xff, 0xff, 0xff, 0xff, 0xff, 0xc7, 0x22, 0x0, 0x0, 0x9d, 0xff, 0xff, 0xff, 0xff, 0xff ] ],
      [ [ 0xff, 0xff, 0xff, 0xe4, 0x3a, 0x0, 0x0, 0x0, 0x0, 0xa5, 0xff, 0xff, 0xff, 0xff, 0xff ] ],
      [ [ 0xff, 0xff, 0x6b, 0x2, 0x0, 0x9, 0x1, 0x0, 0x0, 0xaa, 0xff, 0xff, 0xff, 0xff, 0xff ] ],
      [ [ 0xff, 0xff, 0x66, 0x65, 0xdc, 0xff, 0x6a, 0x0, 0x0, 0xb0, 0xff, 0xff, 0xff, 0xff, 0xff ] ],
      [ [ 0xff, 0xff, 0xff, 0xff, 0xff, 0xff, 0x94, 0x0, 0x0, 0xb5, 0xff, 0xff, 0xff, 0xff, 0xff ] ],
      [ [ 0xff, 0xff, 0xff, 0xff, 0xff, 0xff, 0x9a, 0x0, 0x0, 0xb9, 0xff, 0xff, 0xff, 0xff, 0xff ] ],
      [ [ 0xff, 0xff, 0xff, 0xff, 0xff, 0xff, 0x9b, 0x0, 0x0, 0xba, 0xff, 0xff, 0xff, 0xff, 0xff ] ],
      [ [ 0xff, 0xff, 0xff, 0xff, 0xff, 0xff, 0x98, 0x0, 0x0, 0xbc, 0xff, 0xff, 0xff, 0xff, 0xff ] ],
      [ [ 0xff, 0xff, 0xff, 0xff, 0xff, 0xff, 0x97, 0x0, 0x0, 0xbe, 0xff, 0xff, 0xff, 0xff, 0xff ] ],
      [ [ 0xff, 0xff, 0xff, 0xff, 0xff, 0xff, 0x95, 0x0, 0x0, 0xbe, 0xff, 0xff, 0xff, 0xff, 0xff ] ],
      [ [ 0xff, 0xff, 0xff, 0xff, 0xff, 0xff, 0x95, 0x0, 0x0, 0xbc, 0xff, 0xff, 0xff, 0xff, 0xff ] ],
      [ [ 0xff, 0xff, 0xff, 0xff, 0xff, 0xff, 0x95, 0x0, 0x0, 0xba, 0xff, 0xff, 0xff, 0xff, 0xff ] ],
      [ [ 0xff, 0xff, 0xff, 0xff, 0xff, 0xff, 0x94, 0x0, 0x0, 0xb7, 0xff, 0xff, 0xff, 0xff, 0xff ] ],
      [ [ 0xff, 0xff, 0xff, 0xff, 0xff, 0xff, 0x92, 0x0, 0x0, 0xb5, 0xff, 0xff, 0xff, 0xff, 0xff ] ],
      [ [ 0xff, 0xff, 0xff, 0xff, 0xff, 0xff, 0x91, 0x0, 0x0, 0xb4, 0xff, 0xff, 0xff, 0xff, 0xff ] ],
      [ [ 0xff, 0xff, 0xff, 0xff, 0xff, 0xff, 0x8e, 0x0, 0x0, 0xb2, 0xff, 0xff, 0xff, 0xff, 0xff ] ]
    ]
  ],
  [
    '/',
    [
      [ [ 0xff, 0xff, 0xff, 0xff, 0xff, 0xff, 0xff, 0xff, 0xff, 0xff, 0xff, 0xff, 0xff, 0xff, 0xff ] ],
      [ [ 0xff, 0xff, 0xff, 0xff, 0xff, 0xff, 0xff, 0xff, 0xff, 0xff, 0xff, 0xff, 0xff, 0xff, 0xff ] ],
      [ [ 0xff, 0xff, 0xff, 0xff, 0xff, 0xff, 0xff, 0xff, 0xff, 0xff, 0xff, 0xff, 0xff, 0xff, 0xff ] ],
      [ [ 0xff, 0xff, 0xff, 0xff, 0xff, 0xff, 0xff, 0xff, 0xff, 0xff, 0xff, 0xff, 0xff, 0xff, 0xff ] ],
      [ [ 0xff, 0xff, 0xff, 0xff, 0xff, 0xff, 0xff, 0xff, 0xff, 0xff, 0xff, 0xff, 0xff, 0xff, 0xff ] ],
      [ [ 0xff, 0xff, 0xff, 0xff, 0xff, 0xff, 0xff, 0xff, 0xff, 0xff, 0xff, 0xff, 0xff, 0xff, 0xff ] ],
      [ [ 0xff, 0xff, 0xff, 0xff, 0xff, 0xff, 0xff, 0xff, 0xff, 0xff, 0xff, 0xff, 0xff, 0xff, 0xff ] ],
      [ [ 0xff, 0xff, 0xff, 0xff, 0xff, 0xff, 0xff, 0xff, 0xff, 0xff, 0xff, 0xff, 0xff, 0xff, 0xff ] ],
      [ [ 0xff, 0xff, 0xff, 0xff, 0xff, 0xff, 0xff, 0xff, 0xff, 0xff, 0xff, 0xff, 0xff, 0xff, 0xff ] ],
      [ [ 0xff, 0xff, 0xff, 0xff, 0xd5, 0x2f, 0x5, 0x0, 0x7, 0x27, 0xcc, 0xff, 0xff, 0xff, 0xff ] ],
      [ [ 0xff, 0xff, 0xff, 0x88, 0x2, 0x0, 0x0, 0x0, 0x0, 0x0, 0x1, 0x7e, 0xff, 0xff, 0xff ] ],
      [ [ 0xff, 0xff, 0xb2, 0x0, 0x20, 0x8e, 0xd1, 0x9b, 0x25, 0x0, 0x0, 0x1, 0xc8, 0xff, 0xff ] ],
      [ [ 0xff, 0xff, 0xb, 0x49, 0xff, 0xff, 0xff, 0xff, 0xff, 0x3a, 0x0, 0x0, 0x2d, 0xff, 0xff ] ],
      [ [ 0xff, 0xa7, 0x15, 0xff, 0xff, 0xff, 0xff, 0xff, 0xff, 0xef, 0x1, 0x0, 0xb, 0xff, 0xff ] ],
      [ [ 0xff, 0xff, 0xff, 0xff, 0xff, 0xff, 0xff, 0xff, 0xff, 0xff, 0x14, 0x0, 0x1, 0xff, 0xff ] ],
      [ [ 0xff, 0xff, 0xff, 0xff, 0xff, 0xff, 0xff, 0xff, 0xff, 0xff, 0x22, 0x0, 0x6, 0xff, 0xff ] ],
      [ [ 0xff, 0xff, 0xff, 0xff, 0xff, 0xff, 0xff, 0xff, 0xff, 0xff, 0x11, 0x0, 0x1e, 0xff, 0xff ] ],
      [ [ 0xff, 0xff, 0xff, 0xff, 0xff, 0xff, 0xff, 0xff, 0xff, 0xe8, 0x1, 0x0, 0x7e, 0xff, 0xff ] ],
      [ [ 0xff, 0xff, 0xff, 0xff, 0xff, 0xff, 0xff, 0xff, 0xff, 0x5d, 0x0, 0xc, 0xfb, 0xff, 0xff ] ],
      [ [ 0xff, 0xff, 0xff, 0xff, 0xff, 0xff, 0xff, 0xff, 0xde, 0x2, 0x0, 0xa8, 0xff, 0xff, 0xff ] ],
      [ [ 0xff, 0xff, 0xff, 0xff, 0xff, 0xff, 0xff, 0xff, 0x20, 0x0, 0x58, 0xff, 0xff, 0xff, 0xff ] ],
      [ [ 0xff, 0xff, 0xff, 0xff, 0xff, 0xff, 0xff, 0x45, 0x0, 0x2e, 0xff, 0xff, 0xff, 0xff, 0xff ] ],
      [ [ 0xff, 0xff, 0xff, 0xff, 0xff, 0xff, 0x61, 0x0, 0x2a, 0xfb, 0xff, 0xff, 0xff, 0xff, 0xff ] ],
      [ [ 0xff, 0xff, 0xff, 0xff, 0xff, 0x57, 0x0, 0x35, 0xff, 0xff, 0xff, 0xff, 0xff, 0xff, 0xff ] ],
      [ [ 0xff, 0xff, 0xff, 0xff, 0x4a, 0x0, 0x43, 0xff, 0xff, 0xff, 0xff, 0xff, 0xeb, 0x40, 0xff ] ],
      [ [ 0xff, 0xff, 0xff, 0x3f, 0x0, 0x68, 0xff, 0xff, 0xff, 0xff, 0xff, 0xff, 0x23, 0x30, 0xff ] ]
    ]
  ],
  [
    '0',
    [
      [ [ 0xff, 0xff, 0xff, 0xff, 0xff, 0xff, 0xff, 0xff, 0xff, 0xff, 0xff, 0xff, 0xff, 0xff, 0xff ] ],
      [ [ 0xff, 0xff, 0xff, 0xff, 0xff, 0xff, 0xff, 0xff, 0xff, 0xff, 0xff, 0xff, 0xff, 0xff, 0xff ] ],
      [ [ 0xff, 0xff, 0xff, 0xff, 0xff, 0xff, 0xff, 0xff, 0xff, 0xff, 0xff, 0xff, 0xff, 0xff, 0xff ] ],
      [ [ 0xff, 0xff, 0xff, 0xff, 0xff, 0xff, 0xff, 0xff, 0xff, 0xff, 0xff, 0xff, 0xff, 0xff, 0xff ] ],
      [ [ 0xff, 0xff, 0xff, 0xff, 0xff, 0xff, 0xff, 0xff, 0xff, 0xff, 0xff, 0xff, 0xff, 0xff, 0xff ] ],
      [ [ 0xff, 0xff, 0xff, 0xff, 0xff, 0xff, 0xff, 0xff, 0xff, 0xff, 0xff, 0xff, 0xff, 0xff, 0xff ] ],
      [ [ 0xff, 0xff, 0xff, 0xff, 0xff, 0xff, 0xff, 0xff, 0xff, 0xff, 0xff, 0xff, 0xff, 0xff, 0xff ] ],
      [ [ 0xff, 0xff, 0xff, 0xff, 0xff, 0xff, 0xff, 0xff, 0xff, 0xff, 0xff, 0xff, 0xff, 0xff, 0xff ] ],
      [ [ 0xff, 0xff, 0xff, 0xff, 0xff, 0xff, 0xff, 0xff, 0xff, 0xff, 0xff, 0xff, 0xff, 0xff, 0xff ] ],
      [ [ 0xff, 0xff, 0xff, 0xff, 0xdc, 0x35, 0xd, 0x1, 0x8, 0x29, 0xd5, 0xff, 0xff, 0xff, 0xff ] ],
      [ [ 0xff, 0xff, 0xff, 0x97, 0x3, 0x0, 0x1, 0x0, 0x0, 0x0, 0x2, 0xc0, 0xff, 0xff, 0xff ] ],
      [ [ 0xff, 0xff, 0xd3, 0x2, 0x20, 0xc3, 0xff, 0xf1, 0x57, 0x0, 0x0, 0x1b, 0xff, 0xff, 0xff ] ],
      [ [ 0xff, 0xff, 0x28, 0x21, 0xff, 0xff, 0xff, 0xff, 0xff, 0x36, 0x0, 0x1, 0xff, 0xff, 0xff ] ],
      [ [ 0xff, 0xf5, 0x3, 0xd7, 0xff, 0xff, 0xff, 0xff, 0xff, 0x95, 0x0, 0x3, 0xff, 0xff, 0xff ] ],
      [ [ 0xff, 0xfd, 0xc0, 0xff, 0xff, 0xff, 0xff, 0xff, 0xff, 0x92, 0x0, 0x1f, 0xff, 0xff, 0xff ] ],
      [ [ 0xff, 0xff, 0xff, 0xff, 0xff, 0xff, 0xff, 0xff, 0xff, 0x3c, 0x0, 0xb9, 0xff, 0xff, 0xff ] ],
      [ [ 0xff, 0xff, 0xff, 0xff, 0xff, 0xff, 0xff, 0xff, 0x9d, 0x1, 0x7f, 0xff, 0xff, 0xff, 0xff ] ],
      [ [ 0xff, 0xff, 0xff, 0xff, 0xff, 0xff, 0xd3, 0x46, 0x2, 0xa5, 0xff, 0xff, 0xff, 0xff, 0xff ] ],
      [ [ 0xff, 0xff, 0xff, 0xff, 0xff, 0x9f, 0x0, 0x0, 0x0, 0x2, 0x5a, 0xff, 0xff, 0xff, 0xff ] ],
      [ [ 0xff, 0xff, 0xff, 0xff, 0xff, 0xff, 0xda, 0x57, 0x2, 0x0, 0x0, 0x2b, 0xff, 0xff, 0xff ] ],
      [ [ 0xff, 0xff, 0xff, 0xff, 0xff, 0xff, 0xff, 0xff, 0xc8, 0x7, 0x0, 0x0, 0x6e, 0xff, 0xff ] ],
      [ [ 0xff, 0xff, 0xff, 0xff, 0xff, 0xff, 0xff, 0xff, 0xff, 0x9a, 0x0, 0x0, 0xe, 0xff, 0xff ] ],
      [ [ 0xff, 0xff, 0xff, 0xff, 0xff, 0xff, 0xff, 0xff, 0xff, 0xff, 0xb, 0x0, 0x0, 0xf9, 0xff ] ],
      [ [ 0xff, 0xff, 0xff, 0xff, 0xff, 0xff, 0xff, 0xff, 0xff, 0xff, 0x26, 0x0, 0x1, 0xff, 0xff ] ],
      [ [ 0xff, 0xff, 0xff, 0xff, 0xff, 0xff, 0xff, 0xff, 0xff, 0xff, 0x22, 0x0, 0x16, 0xff, 0xff ] ],
      [ [ 0xff, 0x98, 0x76, 0xff, 0xff, 0xff, 0xff, 0xff, 0xff, 0xef, 0x4, 0x0, 0x97, 0xff, 0xff ] ]
    ]
  ],
  [
    '1',
    [
      [ [ 0xff, 0xff, 0xff, 0xff, 0xff, 0xff, 0xff, 0xff, 0xff, 0xff, 0xff, 0xff, 0xff, 0xff, 0xff ] ],
      [ [ 0xff, 0xff, 0xff, 0xff, 0xff, 0xff, 0xff, 0xff, 0xff, 0xff, 0xff, 0xff, 0xff, 0xff, 0xff ] ],
      [ [ 0xff, 0xff, 0xff, 0xff, 0xff, 0xff, 0xff, 0xff, 0xff, 0xff, 0xff, 0xff, 0xff, 0xff, 0xff ] ],
      [ [ 0xff, 0xff, 0xff, 0xff, 0xff, 0xff, 0xff, 0xff, 0xff, 0xff, 0xff, 0xff, 0xff, 0xff, 0xff ] ],
      [ [ 0xff, 0xff, 0xff, 0xff, 0xff, 0xff, 0xff, 0xff, 0xff, 0xff, 0xff, 0xff, 0xff, 0xff, 0xff ] ],
      [ [ 0xff, 0xff, 0xff, 0xff, 0xff, 0xff, 0xff, 0xff, 0xff, 0xff, 0xff, 0xff, 0xff, 0xff, 0xff ] ],
      [ [ 0xff, 0xff, 0xff, 0xff, 0xff, 0xff, 0xff, 0xff, 0xff, 0xff, 0xff, 0xff, 0xff, 0xff, 0xff ] ],
      [ [ 0xff, 0xff, 0xff, 0xff, 0xff, 0xff, 0xff, 0xff, 0xff, 0xff, 0xff, 0xff, 0xff, 0xff, 0xff ] ],
      [ [ 0xff, 0xff, 0xff, 0xff, 0xff, 0xff, 0xff, 0xff, 0xff, 0xff, 0xff, 0xff, 0xff, 0xff, 0xff ] ],
      [ [ 0xff, 0xff, 0xff, 0xff, 0xff, 0xff, 0xff, 0xff, 0xff, 0xff, 0x6b, 0x34, 0xff, 0xff, 0xff ] ],
      [ [ 0xff, 0xff, 0xff, 0xff, 0xff, 0xff, 0xff, 0xff, 0xff, 0xb2, 0x0, 0x1f, 0xff, 0xff, 0xff ] ],
      [ [ 0xff, 0xff, 0xff, 0xff, 0xff, 0xff, 0xff, 0xff, 0xef, 0x8, 0x0, 0x1f, 0xff, 0xff, 0xff ] ],
      [ [ 0xff, 0xff, 0xff, 0xff, 0xff, 0xff, 0xff, 0xff, 0x2c, 0x0, 0x0, 0x1f, 0xff, 0xff, 0xff ] ],
      [ [ 0xff, 0xff, 0xff, 0xff, 0xff, 0xff, 0xff, 0x78, 0x4, 0xb, 0x0, 0x1f, 0xff, 0xff, 0xff ] ],
      [ [ 0xff, 0xff, 0xff, 0xff, 0xff, 0xff, 0xc8, 0x2, 0x9d, 0x2b, 0x0, 0x1f, 0xff, 0xff, 0xff ] ],
      [ [ 0xff, 0xff, 0xff, 0xff, 0xff, 0xf9, 0xf, 0x49, 0xff, 0x2b, 0x0, 0x1f, 0xff, 0xff, 0xff ] ],
      [ [ 0xff, 0xff, 0xff, 0xff, 0xff, 0x40, 0x12, 0xfb, 0xff, 0x2b, 0x0, 0x1f, 0xff, 0xff, 0xff ] ],
      [ [ 0xff, 0xff, 0xff, 0xff, 0x94, 0x2, 0xd0, 0xff, 0xff, 0x2b, 0x0, 0x1f, 0xff, 0xff, 0xff ] ],
      [ [ 0xff, 0xff, 0xff, 0xde, 0x4, 0x7f, 0xff, 0xff, 0xff, 0x2b, 0x0, 0x1f, 0xff, 0xff, 0xff ] ],
      [ [ 0xff, 0xff, 0xff, 0x1a, 0x32, 0xff, 0xff, 0xff, 0xff, 0x2b, 0x0, 0x1f, 0xff, 0xff, 0xff ] ],
      [ [ 0xff, 0xff, 0x58, 0x9, 0xf1, 0xff, 0xff, 0xff, 0xff, 0x2b, 0x0, 0x1f, 0xff, 0xff, 0xff ] ],
      [ [ 0xff, 0xaf, 0x0, 0x89, 0xff, 0xff, 0xff, 0xff, 0xff, 0x2b, 0x0, 0x17, 0xbe, 0xbe, 0xf1 ] ],
      [ [ 0xef, 0x8, 0x0, 0x0, 0x0, 0x0, 0x0, 0x0, 0x0, 0x0, 0x0, 0x0, 0x0, 0x0, 0x4e ] ],
      [ [ 0x97, 0x7, 0x7, 0x7, 0x7, 0x7, 0x7, 0x7, 0x7, 0x1, 0x0, 0x1, 0x7, 0x7, 0x6e ] ],
      [ [ 0xff, 0xff, 0xff, 0xff, 0xff, 0xff, 0xff, 0xff, 0xff, 0x25, 0x0, 0x1f, 0xff, 0xff, 0xff ] ],
      [ [ 0xff, 0xff, 0xff, 0xff, 0xff, 0xff, 0xff, 0xff, 0xff, 0x25, 0x0, 0x1f, 0xff, 0xff, 0xff ] ]
    ]
  ],
  [
    '2',
    [
      [ [ 0xff, 0xff, 0xff, 0xff, 0xff, 0xff, 0xff, 0xff, 0xff, 0xff, 0xff, 0xff, 0xff, 0xff, 0xff ] ],
      [ [ 0xff, 0xff, 0xff, 0xff, 0xff, 0xff, 0xff, 0xff, 0xff, 0xff, 0xff, 0xff, 0xff, 0xff, 0xff ] ],
      [ [ 0xff, 0xff, 0xff, 0xff, 0xff, 0xff, 0xff, 0xff, 0xff, 0xff, 0xff, 0xff, 0xff, 0xff, 0xff ] ],
      [ [ 0xff, 0xff, 0xff, 0xff, 0xff, 0xff, 0xff, 0xff, 0xff, 0xff, 0xff, 0xff, 0xff, 0xff, 0xff ] ],
      [ [ 0xff, 0xff, 0xff, 0xff, 0xff, 0xff, 0xff, 0xff, 0xff, 0xff, 0xff, 0xff, 0xff, 0xff, 0xff ] ],
      [ [ 0xff, 0xff, 0xff, 0xff, 0xff, 0xff, 0xff, 0xff, 0xff, 0xff, 0xff, 0xff, 0xff, 0xff, 0xff ] ],
      [ [ 0xff, 0xff, 0xff, 0xff, 0xff, 0xff, 0xff, 0xff, 0xff, 0xff, 0xff, 0xff, 0xff, 0xff, 0xff ] ],
      [ [ 0xff, 0xff, 0xff, 0xff, 0xff, 0xff, 0xff, 0xff, 0xff, 0xff, 0xff, 0xff, 0xff, 0xff, 0xff ] ],
      [ [ 0xff, 0xff, 0xff, 0xff, 0xff, 0xff, 0xff, 0xff, 0xff, 0xff, 0xfd, 0xb9, 0xf, 0x9f, 0xff ] ],
      [ [ 0xff, 0xff, 0xff, 0xc5, 0x0, 0x0, 0x0, 0x0, 0x0, 0x0, 0x0, 0x0, 0x8, 0xff, 0xff ] ],
      [ [ 0xff, 0xff, 0xff, 0x86, 0x0, 0x0, 0x0, 0x0, 0x0, 0x0, 0x0, 0x0, 0x63, 0xff, 0xff ] ],
      [ [ 0xff, 0xff, 0xff, 0x5b, 0x9, 0x7a, 0x7a, 0x7a, 0x7a, 0x7a, 0x7a, 0x91, 0xff, 0xff, 0xff ] ],
      [ [ 0xff, 0xff, 0xff, 0x37, 0x25, 0xff, 0xff, 0xff, 0xff, 0xff, 0xff, 0xff, 0xff, 0xff, 0xff ] ],
      [ [ 0xff, 0xff, 0xff, 0x1d, 0x3f, 0xff, 0xff, 0xff, 0xff, 0xff, 0xff, 0xff, 0xff, 0xff, 0xff ] ],
      [ [ 0xff, 0xff, 0xff, 0xb, 0x60, 0xff, 0xff, 0xff, 0xff, 0xff, 0xff, 0xff, 0xff, 0xff, 0xff ] ],
      [ [ 0xff, 0xff, 0xff, 0x1, 0x86, 0xff, 0xff, 0xff, 0xff, 0xff, 0xff, 0xff, 0xff, 0xff, 0xff ] ],
      [ [ 0xff, 0xff, 0xe4, 0x0, 0x0, 0x1, 0x6, 0x1a, 0x77, 0xf7, 0xff, 0xff, 0xff, 0xff, 0xff ] ],
      [ [ 0xff, 0xff, 0xb2, 0x0, 0x0, 0x0, 0x0, 0x0, 0x0, 0x5, 0xaf, 0xff, 0xff, 0xff, 0xff ] ],
      [ [ 0xff, 0xff, 0xfd, 0xc1, 0xb4, 0x84, 0x35, 0x5, 0x0, 0x0, 0x1, 0xb4, 0xff, 0xff, 0xff ] ],
      [ [ 0xff, 0xff, 0xff, 0xff, 0xff, 0xff, 0xff, 0xf5, 0x3c, 0x0, 0x0, 0x14, 0xff, 0xff, 0xff ] ],
      [ [ 0xff, 0xff, 0xff, 0xff, 0xff, 0xff, 0xff, 0xff, 0xff, 0x1e, 0x0, 0x0, 0xe4, 0xff, 0xff ] ],
      [ [ 0xff, 0xff, 0xff, 0xff, 0xff, 0xff, 0xff, 0xff, 0xff, 0x95, 0x0, 0x0, 0x9f, 0xff, 0xff ] ],
      [ [ 0xff, 0xff, 0xff, 0xff, 0xff, 0xff, 0xff, 0xff, 0xff, 0xe4, 0x0, 0x0, 0xaa, 0xff, 0xff ] ],
      [ [ 0xff, 0xff, 0xff, 0xff, 0xff, 0xff, 0xff, 0xff, 0xff, 0xe4, 0x0, 0x0, 0xe6, 0xff, 0xff ] ],
      [ [ 0xff, 0xff, 0xff, 0xff, 0xff, 0xff, 0xff, 0xff, 0xff, 0x88, 0x0, 0x1a, 0xff, 0xff, 0xff ] ],
      [ [ 0xff, 0xff, 0xff, 0xff, 0xff, 0xff, 0xff, 0xff, 0xfb, 0x12, 0x1, 0xc8, 0xff, 0xff, 0xff ] ]
    ]
  ],
  [
    '3',
    [
      [ [ 0xff, 0xff, 0xff, 0xff, 0xff, 0xff, 0xff, 0xff, 0xff, 0xff, 0xff, 0xff, 0xff, 0xff, 0xff ] ],
      [ [ 0xff, 0xff, 0xff, 0xff, 0xff, 0xff, 0xff, 0xff, 0xff, 0xff, 0xff, 0xff, 0xff, 0xff, 0xff ] ],
      [ [ 0xff, 0xff, 0xff, 0xff, 0xff, 0xff, 0xff, 0xff, 0xff, 0xff, 0xff, 0xff, 0xff, 0xff, 0xff ] ],
      [ [ 0xff, 0xff, 0xff, 0xff, 0xff, 0xff, 0xff, 0xff, 0xff, 0xff, 0xff, 0xff, 0xff, 0xff, 0xff ] ],
      [ [ 0xff, 0xff, 0xff, 0xff, 0xff, 0xff, 0xff, 0xff, 0xff, 0xff, 0xff, 0xff, 0xff, 0xff, 0xff ] ],
      [ [ 0xff, 0xff, 0xff, 0xff, 0xff, 0xff, 0xff, 0xff, 0xff, 0xff, 0xff, 0xff, 0xff, 0xff, 0xff ] ],
      [ [ 0xff, 0xff, 0xff, 0xff, 0xff, 0xff, 0xff, 0xff, 0xff, 0xff, 0xff, 0xff, 0xff, 0xff, 0xff ] ],
      [ [ 0xff, 0xff, 0xff, 0xff, 0xff, 0xff, 0xff, 0xff, 0xff, 0xff, 0xff, 0xff, 0xff, 0xff, 0xff ] ],
      [ [ 0xff, 0xff, 0xff, 0xff, 0xff, 0xff, 0xff, 0xff, 0xff, 0xff, 0xff, 0xff, 0xff, 0xff, 0xff ] ],
      [ [ 0xff, 0xff, 0xff, 0xff, 0xff, 0xff, 0xff, 0xff, 0xfd, 0x7b, 0x12, 0x47, 0xff, 0xff, 0xff ] ],
      [ [ 0xff, 0xff, 0xff, 0xff, 0xff, 0xff, 0xff, 0x9f, 0x9, 0x8, 0x89, 0xff, 0xff, 0xff, 0xff ] ],
      [ [ 0xff, 0xff, 0xff, 0xff, 0xff, 0xfd, 0x49, 0x0, 0x1e, 0xef, 0xff, 0xff, 0xff, 0xff, 0xff ] ],
      [ [ 0xff, 0xff, 0xff, 0xff, 0xff, 0x2a, 0x0, 0x35, 0xfd, 0xff, 0xff, 0xff, 0xff, 0xff, 0xff ] ],
      [ [ 0xff, 0xff, 0xff, 0xff, 0x3d, 0x0, 0x15, 0xfd, 0xff, 0xff, 0xff, 0xff, 0xff, 0xff, 0xff ] ],
      [ [ 0xff, 0xff, 0xff, 0x73, 0x0, 0x3, 0xd7, 0xff, 0xff, 0xff, 0xff, 0xff, 0xff, 0xff, 0xff ] ],
      [ [ 0xff, 0xff, 0xed, 0x4, 0x0, 0x6f, 0xff, 0xff, 0xff, 0xff, 0xff, 0xff, 0xff, 0xff, 0xff ] ],
      [ [ 0xff, 0xff, 0x44, 0x0, 0x4, 0xf9, 0xff, 0xff, 0xff, 0xff, 0xff, 0xff, 0xff, 0xff, 0xff ] ],
      [ [ 0xff, 0xff, 0x5, 0x0, 0x2a, 0x85, 0x19, 0x6, 0x0, 0x5, 0x36, 0xea, 0xff, 0xff, 0xff ] ],
      [ [ 0xff, 0xab, 0x0, 0x0, 0x3, 0xd, 0x56, 0x6e, 0x34, 0x1, 0x0, 0x9, 0xc3, 0xff, 0xff ] ],
      [ [ 0xff, 0x50, 0x0, 0x0, 0x12, 0xf3, 0xff, 0xff, 0xff, 0xad, 0x2, 0x0, 0xf, 0xff, 0xff ] ],
      [ [ 0xff, 0x35, 0x0, 0x0, 0x8f, 0xff, 0xff, 0xff, 0xff, 0xff, 0x48, 0x0, 0x0, 0x81, 0xff ] ],
      [ [ 0xff, 0x21, 0x0, 0x0, 0xf9, 0xff, 0xff, 0xff, 0xff, 0xff, 0xd0, 0x0, 0x0, 0x37, 0xff ] ],
      [ [ 0xff, 0x27, 0x0, 0x3, 0xff, 0xff, 0xff, 0xff, 0xff, 0xff, 0xff, 0x1, 0x0, 0x21, 0xff ] ],
      [ [ 0xff, 0x4a, 0x0, 0x3, 0xff, 0xff, 0xff, 0xff, 0xff, 0xff, 0xff, 0x2, 0x0, 0x31, 0xff ] ],
      [ [ 0xff, 0x7e, 0x0, 0x0, 0xef, 0xff, 0xff, 0xff, 0xff, 0xff, 0xf7, 0x0, 0x0, 0x65, 0xff ] ],
      [ [ 0xff, 0xf1, 0x2, 0x0, 0x85, 0xff, 0xff, 0xff, 0xff, 0xff, 0x97, 0x0, 0x2, 0xda, 0xff ] ]
    ]
  ],
  [
    '4',
    [
      [ [ 0xff, 0xff, 0xff, 0xff, 0xff, 0xff, 0xff, 0xff, 0xff, 0xff, 0xff, 0xff, 0xff, 0xff, 0xff ] ],
      [ [ 0xff, 0xff, 0xff, 0xff, 0xff, 0xff, 0xff, 0xff, 0xff, 0xff, 0xff, 0xff, 0xff, 0xff, 0xff ] ],
      [ [ 0xff, 0xff, 0xff, 0xff, 0xff, 0xff, 0xff, 0xff, 0xff, 0xff, 0xff, 0xff, 0xff, 0xff, 0xff ] ],
      [ [ 0xff, 0xff, 0xff, 0xff, 0xff, 0xff, 0xff, 0xff, 0xff, 0xff, 0xff, 0xff, 0xff, 0xff, 0xff ] ],
      [ [ 0xff, 0xff, 0xff, 0xff, 0xff, 0xff, 0xff, 0xff, 0xff, 0xff, 0xff, 0xff, 0xff, 0xff, 0xff ] ],
      [ [ 0xff, 0xff, 0xff, 0xff, 0xff, 0xff, 0xff, 0xff, 0xff, 0xff, 0xff, 0xff, 0xff, 0xff, 0xff ] ],
      [ [ 0xff, 0xff, 0xff, 0xff, 0xff, 0xff, 0xff, 0xff, 0xff, 0xff, 0xff, 0xff, 0xff, 0xff, 0xff ] ],
      [ [ 0xff, 0xff, 0xff, 0xe8, 0xff, 0xff, 0xff, 0xff, 0xff, 0xff, 0xff, 0xff, 0xff, 0xff, 0xff ] ],
      [ [ 0xff, 0xff, 0xfb, 0x4, 0x91, 0xfb, 0xff, 0xff, 0xff, 0xff, 0xff, 0xff, 0xff, 0xff, 0xff ] ],
      [ [ 0xff, 0xff, 0x86, 0x0, 0x0, 0x0, 0x0, 0x0, 0x0, 0x0, 0x0, 0x0, 0x0, 0x0, 0x55 ] ],
      [ [ 0xff, 0xff, 0x1d, 0x0, 0x0, 0x0, 0x0, 0x0, 0x0, 0x0, 0x0, 0x0, 0x0, 0x2, 0xe2 ] ],
      [ [ 0xff, 0xd9, 0x0, 0x15, 0x73, 0x95, 0x97, 0x97, 0x97, 0x97, 0x97, 0x94, 0x3, 0x4e, 0xff ] ],
      [ [ 0xff, 0x4f, 0x10, 0xf7, 0xff, 0xff, 0xff, 0xff, 0xff, 0xff, 0xff, 0x70, 0x3, 0xef, 0xff ] ],
      [ [ 0xff, 0x9f, 0xd9, 0xff, 0xff, 0xff, 0xff, 0xff, 0xff, 0xff, 0xf7, 0x6, 0x53, 0xff, 0xff ] ],
      [ [ 0xff, 0xff, 0xff, 0xff, 0xff, 0xff, 0xff, 0xff, 0xff, 0xff, 0x5c, 0x2, 0xed, 0xff, 0xff ] ],
      [ [ 0xff, 0xff, 0xff, 0xff, 0xff, 0xff, 0xff, 0xff, 0xff, 0xed, 0x3, 0x49, 0xff, 0xff, 0xff ] ],
      [ [ 0xff, 0xff, 0xff, 0xff, 0xff, 0xff, 0xff, 0xff, 0xff, 0x48, 0x1, 0xe6, 0xff, 0xff, 0xff ] ],
      [ [ 0xff, 0xff, 0xff, 0xff, 0xff, 0xff, 0xff, 0xff, 0xde, 0x1, 0x3d, 0xff, 0xff, 0xff, 0xff ] ],
      [ [ 0xff, 0xff, 0xff, 0xff, 0xff, 0xff, 0xff, 0xff, 0x37, 0x0, 0xd5, 0xff, 0xff, 0xff, 0xff ] ],
      [ [ 0xff, 0xff, 0xff, 0xff, 0xff, 0xff, 0xff, 0xcc, 0x0, 0x27, 0xff, 0xff, 0xff, 0xff, 0xff ] ],
      [ [ 0xff, 0xff, 0xff, 0xff, 0xff, 0xff, 0xff, 0x28, 0x0, 0xab, 0xff, 0xff, 0xff, 0xff, 0xff ] ],
      [ [ 0xff, 0xff, 0xff, 0xff, 0xff, 0xff, 0xb5, 0x0, 0xf, 0xff, 0xff, 0xff, 0xff, 0xff, 0xff ] ],
      [ [ 0xff, 0xff, 0xff, 0xff, 0xff, 0xff, 0x1a, 0x0, 0x6c, 0xff, 0xff, 0xff, 0xff, 0xff, 0xff ] ],
      [ [ 0xff, 0xff, 0xff, 0xff, 0xff, 0x9d, 0x0, 0x2, 0xf1, 0xff, 0xff, 0xff, 0xff, 0xff, 0xff ] ],
      [ [ 0xff, 0xff, 0xff, 0xff, 0xff, 0x11, 0x0, 0x34, 0xff, 0xff, 0xff, 0xff, 0xff, 0xff, 0xff ] ],
      [ [ 0xff, 0xff, 0xff, 0xff, 0x8b, 0x0, 0x0, 0xa3, 0xff, 0xff, 0xff, 0xff, 0xff, 0xff, 0xff ] ]
    ]
  ],
  [
    '5',
    [
      [ [ 0xff, 0xff, 0xff, 0xff, 0xff, 0xff, 0xff, 0xff, 0xff, 0xff, 0xff, 0xff, 0xff, 0xff, 0xff ] ],
      [ [ 0xff, 0xff, 0xff, 0xff, 0xff, 0xff, 0xff, 0xff, 0xff, 0xff, 0xff, 0xff, 0xff, 0xff, 0xff ] ],
      [ [ 0xff, 0xff, 0xff, 0xff, 0xff, 0xff, 0xff, 0xff, 0xff, 0xff, 0xff, 0xff, 0xff, 0xff, 0xff ] ],
      [ [ 0xff, 0xff, 0xff, 0xff, 0xff, 0xff, 0xff, 0xff, 0xff, 0xff, 0xff, 0xff, 0xff, 0xff, 0xff ] ],
      [ [ 0xff, 0xff, 0xff, 0xff, 0xff, 0xff, 0xff, 0xff, 0xff, 0xff, 0xff, 0xff, 0xff, 0xff, 0xff ] ],
      [ [ 0xff, 0xff, 0xff, 0xff, 0xff, 0xff, 0xff, 0xff, 0xff, 0xff, 0xff, 0xff, 0xff, 0xff, 0xff ] ],
      [ [ 0xff, 0xff, 0xff, 0xff, 0xff, 0xff, 0xff, 0xff, 0xff, 0xff, 0xff, 0xff, 0xff, 0xff, 0xff ] ],
      [ [ 0xff, 0xff, 0xff, 0xff, 0xff, 0xff, 0xff, 0xff, 0xff, 0xff, 0xff, 0xff, 0xff, 0xff, 0xff ] ],
      [ [ 0xff, 0xff, 0xff, 0xff, 0xff, 0xff, 0xff, 0xff, 0xff, 0xff, 0xff, 0xff, 0xff, 0xff, 0xff ] ],
      [ [ 0xff, 0xff, 0xff, 0xff, 0xeb, 0x44, 0xb, 0x1, 0x1, 0xd, 0x44, 0xe6, 0xff, 0xff, 0xff ] ],
      [ [ 0xff, 0xff, 0xff, 0x97, 0x5, 0x1, 0x44, 0x81, 0x63, 0x15, 0x0, 0x2, 0xb7, 0xff, 0xff ] ],
      [ [ 0xff, 0xff, 0xc5, 0x1, 0x2, 0xcc, 0xff, 0xff, 0xff, 0xff, 0x3b, 0x0, 0x5, 0xfd, 0xff ] ],
      [ [ 0xff, 0xff, 0x15, 0x0, 0x5b, 0xff, 0xff, 0xff, 0xff, 0xff, 0xf7, 0x2, 0x0, 0xa7, 0xff ] ],
      [ [ 0xff, 0xef, 0x0, 0x0, 0xad, 0xff, 0xff, 0xff, 0xff, 0xff, 0xff, 0x10, 0x0, 0xa7, 0xff ] ],
      [ [ 0xff, 0xab, 0x0, 0x0, 0x98, 0xff, 0xff, 0xff, 0xff, 0xff, 0xff, 0x4, 0x0, 0xde, 0xff ] ],
      [ [ 0xff, 0xea, 0x0, 0x0, 0x29, 0xff, 0xff, 0xff, 0xff, 0xff, 0x8c, 0x0, 0x23, 0xff, 0xff ] ],
      [ [ 0xff, 0xff, 0x28, 0x0, 0x0, 0x44, 0xfd, 0xff, 0xff, 0xde, 0x6, 0x6, 0xd5, 0xff, 0xff ] ],
      [ [ 0xff, 0xff, 0xe6, 0xe, 0x0, 0x0, 0x10, 0xad, 0xcc, 0xb, 0xb, 0xca, 0xff, 0xff, 0xff ] ],
      [ [ 0xff, 0xff, 0xff, 0xf1, 0x2e, 0x0, 0x0, 0x0, 0x1, 0x29, 0xf5, 0xff, 0xff, 0xff, 0xff ] ],
      [ [ 0xff, 0xff, 0xff, 0xff, 0xff, 0x3c, 0x0, 0x0, 0x0, 0x1, 0x4c, 0xf9, 0xff, 0xff, 0xff ] ],
      [ [ 0xff, 0xff, 0xff, 0xf3, 0x24, 0x5, 0x9d, 0x7e, 0x8, 0x0, 0x0, 0x15, 0xe6, 0xff, 0xff ] ],
      [ [ 0xff, 0xff, 0xf7, 0x18, 0x3, 0xcc, 0xff, 0xff, 0xf5, 0x3a, 0x0, 0x0, 0x29, 0xff, 0xff ] ],
      [ [ 0xff, 0xff, 0x5c, 0x0, 0x6e, 0xff, 0xff, 0xff, 0xff, 0xff, 0x39, 0x0, 0x0, 0xce, 0xff ] ],
      [ [ 0xff, 0xff, 0x9, 0x0, 0xf7, 0xff, 0xff, 0xff, 0xff, 0xff, 0xed, 0x0, 0x0, 0x81, 0xff ] ],
      [ [ 0xff, 0xfd, 0x0, 0x2, 0xff, 0xff, 0xff, 0xff, 0xff, 0xff, 0xff, 0x7, 0x0, 0x94, 0xff ] ],
      [ [ 0xff, 0xff, 0x2, 0x0, 0xd5, 0xff, 0xff, 0xff, 0xff, 0xff, 0xff, 0x1, 0x1, 0xf1, 0xff ] ]
    ]
  ],
  [
    '6',
    [
      [ [ 0xff, 0xff, 0xff, 0xff, 0xff, 0xff, 0xff, 0xff, 0xff, 0xff, 0xff, 0xff, 0xff, 0xff, 0xff ] ],
      [ [ 0xff, 0xff, 0xff, 0xff, 0xff, 0xff, 0xff, 0xff, 0xff, 0xff, 0xff, 0xff, 0xff, 0xff, 0xff ] ],
      [ [ 0xff, 0xff, 0xff, 0xff, 0xff, 0xff, 0xff, 0xff, 0xff, 0xff, 0xff, 0xff, 0xff, 0xff, 0xff ] ],
      [ [ 0xff, 0xff, 0xff, 0xff, 0xff, 0xff, 0xff, 0xff, 0xff, 0xff, 0xff, 0xff, 0xff, 0xff, 0xff ] ],
      [ [ 0xff, 0xff, 0xff, 0xff, 0xff, 0xff, 0xff, 0xff, 0xff, 0xff, 0xff, 0xff, 0xff, 0xff, 0xff ] ],
      [ [ 0xff, 0xff, 0xff, 0xff, 0xff, 0xff, 0xff, 0xff, 0xff, 0xff, 0xff, 0xff, 0xff, 0xff, 0xff ] ],
      [ [ 0xff, 0xff, 0xff, 0xff, 0xff, 0xff, 0xff, 0xff, 0xff, 0xff, 0xff, 0xff, 0xff, 0xff, 0xff ] ],
      [ [ 0xff, 0xff, 0xff, 0xff, 0xff, 0xff, 0xff, 0xff, 0xff, 0xff, 0xff, 0xff, 0xff, 0xff, 0xff ] ],
      [ [ 0xff, 0xff, 0xff, 0xff, 0xff, 0xff, 0xff, 0xff, 0xff, 0xff, 0xff, 0xff, 0xff, 0xff, 0xff ] ],
      [ [ 0xff, 0xff, 0xff, 0xff, 0xd5, 0x2f, 0x9, 0x0, 0x3, 0x20, 0xa8, 0xff, 0xff, 0xff, 0xff ] ],
      [ [ 0xff, 0xff, 0xff, 0x72, 0x1, 0xf, 0xa2, 0xed, 0x94, 0x11, 0x0, 0x5e, 0xff, 0xff, 0xff ] ],
      [ [ 0xff, 0xff, 0x97, 0x0, 0xd, 0xf7, 0xff, 0xff, 0xff, 0xe8, 0x6, 0x0, 0x84, 0xff, 0xff ] ],
      [ [ 0xff, 0xfd, 0x9, 0x0, 0x97, 0xff, 0xff, 0xff, 0xff, 0xff, 0x49, 0x0, 0x4, 0xfb, 0xff ] ],
      [ [ 0xff, 0x8c, 0x0, 0x1, 0xff, 0xff, 0xff, 0xff, 0xff, 0xff, 0xa0, 0x0, 0x0, 0x8c, 0xff ] ],
      [ [ 0xff, 0x34, 0x0, 0xa, 0xff, 0xff, 0xff, 0xff, 0xff, 0xff, 0xc8, 0x0, 0x0, 0x43, 0xff ] ],
      [ [ 0xff, 0x29, 0x0, 0x9, 0xff, 0xff, 0xff, 0xff, 0xff, 0xff, 0xd7, 0x0, 0x0, 0x26, 0xff ] ],
      [ [ 0xff, 0x48, 0x0, 0x0, 0xfb, 0xff, 0xff, 0xff, 0xff, 0xff, 0xbc, 0x0, 0x0, 0x2e, 0xff ] ],
      [ [ 0xff, 0x9b, 0x0, 0x0, 0x68, 0xff, 0xff, 0xff, 0xff, 0xff, 0x68, 0x0, 0x0, 0x44, 0xff ] ],
      [ [ 0xff, 0xff, 0x13, 0x0, 0x3, 0xbc, 0xff, 0xff, 0xff, 0xdc, 0x6, 0x0, 0x0, 0x5e, 0xff ] ],
      [ [ 0xff, 0xff, 0xc5, 0x9, 0x0, 0x1, 0x3c, 0x74, 0x50, 0x6, 0x5, 0x0, 0x0, 0xb9, 0xff ] ],
      [ [ 0xff, 0xff, 0xff, 0xeb, 0x39, 0x6, 0x0, 0x4, 0x1c, 0x8b, 0x23, 0x0, 0x6, 0xff, 0xff ] ],
      [ [ 0xff, 0xff, 0xff, 0xff, 0xff, 0xff, 0xff, 0xff, 0xff, 0xf7, 0x3, 0x0, 0x3b, 0xff, 0xff ] ],
      [ [ 0xff, 0xff, 0xff, 0xff, 0xff, 0xff, 0xff, 0xff, 0xff, 0x6e, 0x0, 0x2, 0xde, 0xff, 0xff ] ],
      [ [ 0xff, 0xff, 0xff, 0xff, 0xff, 0xff, 0xff, 0xff, 0xd7, 0x3, 0x0, 0x5a, 0xff, 0xff, 0xff ] ],
      [ [ 0xff, 0xff, 0xff, 0xff, 0xff, 0xff, 0xff, 0xfd, 0x16, 0x0, 0x18, 0xf9, 0xff, 0xff, 0xff ] ],
      [ [ 0xff, 0xff, 0xff, 0xff, 0xff, 0xff, 0xfb, 0x35, 0x0, 0x15, 0xf3, 0xff, 0xff, 0xff, 0xff ] ]
    ]
  ],
  [
    '7',
    [
      [ [ 0xff, 0xff, 0xff, 0xff, 0xff, 0xff, 0xff, 0xff, 0xff, 0xff, 0xff, 0xff, 0xff, 0xff, 0xff ] ],
      [ [ 0xff, 0xff, 0xff, 0xff, 0xff, 0xff, 0xff, 0xff, 0xff, 0xff, 0xff, 0xff, 0xff, 0xff, 0xff ] ],
      [ [ 0xff, 0xff, 0xff, 0xff, 0xff, 0xff, 0xff, 0xff, 0xff, 0xff, 0xff, 0xff, 0xff, 0xff, 0xff ] ],
      [ [ 0xff, 0xff, 0xff, 0xff, 0xff, 0xff, 0xff, 0xff, 0xff, 0xff, 0xff, 0xff, 0xff, 0xff, 0xff ] ],
      [ [ 0xff, 0xff, 0xff, 0xff, 0xff, 0xff, 0xff, 0xff, 0xff, 0xff, 0xff, 0xff, 0xff, 0xff, 0xff ] ],
      [ [ 0xff, 0xff, 0xff, 0xff, 0xff, 0xff, 0xff, 0xff, 0xff, 0xff, 0xff, 0xff, 0xff, 0xff, 0xff ] ],
      [ [ 0xff, 0xff, 0xff, 0xff, 0xff, 0xff, 0xff, 0xff, 0xff, 0xff, 0xff, 0xff, 0xff, 0xff, 0xff ] ],
      [ [ 0xff, 0xff, 0xff, 0xff, 0xff, 0xff, 0xff, 0xff, 0xff, 0xff, 0xff, 0xff, 0xff, 0xff, 0xff ] ],
      [ [ 0xff, 0xff, 0xff, 0xff, 0xff, 0xff, 0xff, 0xff, 0xff, 0xff, 0xff, 0xff, 0xff, 0xff, 0xff ] ],
      [ [ 0xff, 0xff, 0xff, 0xff, 0xff, 0xff, 0xff, 0xff, 0xff, 0xff, 0xff, 0xff, 0xff, 0xff, 0xff ] ],
      [ [ 0xff, 0xff, 0xff, 0xff, 0xff, 0xff, 0xff, 0xff, 0xff, 0xff, 0xff, 0xff, 0xff, 0xff, 0xff ] ],
      [ [ 0xff, 0xff, 0xff, 0xff, 0xff, 0xff, 0xff, 0xff, 0xff, 0xff, 0xff, 0xff, 0xff, 0xff, 0xff ] ],
      [ [ 0xff, 0xff, 0xff, 0xff, 0xff, 0xff, 0xff, 0xff, 0xff, 0xff, 0xff, 0xff, 0xff, 0xff, 0xff ] ],
      [ [ 0xff, 0xff, 0xff, 0xff, 0xff, 0xff, 0xff, 0xff, 0xff, 0xff, 0xff, 0xff, 0xff, 0xff, 0xff ] ],
      [ [ 0xff, 0xff, 0xff, 0xff, 0xff, 0xff, 0xff, 0xff, 0xff, 0xff, 0xff, 0xff, 0xff, 0xff, 0xff ] ],
      [ [ 0xff, 0xff, 0xff, 0xff, 0xff, 0xff, 0xff, 0xff, 0xff, 0xff, 0xff, 0xff, 0xff, 0xff, 0xff ] ],
      [ [ 0xff, 0xff, 0x63, 0x2, 0x12, 0xc8, 0xff, 0xff, 0xff, 0xed, 0x15, 0x2, 0x48, 0xff, 0xff ] ],
      [ [ 0xff, 0xff, 0x4, 0x0, 0x0, 0x3e, 0xff, 0xff, 0xff, 0x74, 0x0, 0x0, 0x0, 0xe4, 0xff ] ],
      [ [ 0xff, 0xff, 0x14, 0x0, 0x0, 0x81, 0xff, 0xff, 0xff, 0xa8, 0x0, 0x0, 0x7, 0xff, 0xff ] ],
      [ [ 0xff, 0xff, 0xea, 0x72, 0x9a, 0xff, 0xff, 0xff, 0xff, 0xff, 0xb5, 0x67, 0xda, 0xff, 0xff ] ],
      [ [ 0xff, 0xff, 0xff, 0xff, 0xff, 0xff, 0xff, 0xff, 0xff, 0xff, 0xff, 0xff, 0xff, 0xff, 0xff ] ],
      [ [ 0xff, 0xff, 0xff, 0xff, 0xff, 0xff, 0xff, 0xff, 0xff, 0xff, 0xff, 0xff, 0xff, 0xff, 0xff ] ],
      [ [ 0xff, 0xff, 0xff, 0xff, 0xff, 0xff, 0xff, 0xff, 0xff, 0xff, 0xff, 0xff, 0xff, 0xff, 0xff ] ],
      [ [ 0xff, 0xff, 0xff, 0xff, 0xff, 0xff, 0xff, 0xff, 0xff, 0xff, 0xff, 0xff, 0xff, 0xff, 0xff ] ],
      [ [ 0xff, 0xff, 0xff, 0xff, 0xff, 0xff, 0xff, 0xff, 0xff, 0xff, 0xff, 0xff, 0xff, 0xff, 0xff ] ],
      [ [ 0xff, 0xff, 0xea, 0x6c, 0xaa, 0xff, 0xff, 0xff, 0xff, 0xff, 0x95, 0x3e, 0x95, 0xff, 0xff ] ]
    ]
  ],
  [
    '8',
    [
      [ [ 0xff, 0xff, 0xff, 0xff, 0xff, 0xff, 0xff, 0xff, 0xff, 0xff, 0xff, 0xff, 0xff, 0xff, 0xff ] ],
      [ [ 0xff, 0xff, 0xff, 0xff, 0xff, 0xff, 0xff, 0xff, 0xff, 0xff, 0xff, 0xff, 0xff, 0xff, 0xff ] ],
      [ [ 0xff, 0xff, 0xff, 0xff, 0xff, 0xff, 0xff, 0xff, 0xff, 0xff, 0xff, 0xff, 0xff, 0xff, 0xff ] ],
      [ [ 0xff, 0xff, 0xff, 0xff, 0xff, 0xff, 0xff, 0xff, 0xff, 0xff, 0xff, 0xff, 0xff, 0xff, 0xff ] ],
      [ [ 0xff, 0xff, 0xff, 0xff, 0xff, 0xff, 0xff, 0xff, 0xff, 0xff, 0xff, 0xff, 0xff, 0xff, 0xff ] ],
      [ [ 0xff, 0xff, 0xff, 0xff, 0xff, 0xff, 0xff, 0xff, 0xff, 0xff, 0xff, 0xff, 0xff, 0xff, 0xff ] ],
      [ [ 0xff, 0xff, 0xff, 0xff, 0xff, 0xff, 0xff, 0xff, 0xff, 0xff, 0xff, 0xff, 0xff, 0xff, 0xff ] ],
      [ [ 0xff, 0xff, 0xff, 0xff, 0xff, 0xff, 0xff, 0xff, 0xff, 0xff, 0xff, 0xff, 0xff, 0xff, 0xff ] ],
      [ [ 0xff, 0xff, 0xff, 0xff, 0xff, 0xff, 0xff, 0xff, 0xff, 0xff, 0xff, 0xff, 0xff, 0xff, 0xff ] ],
      [ [ 0xff, 0xff, 0xff, 0xff, 0xff, 0xff, 0xff, 0xff, 0xff, 0xff, 0xff, 0xff, 0xff, 0xff, 0xff ] ],
      [ [ 0xff, 0xff, 0xff, 0xff, 0xff, 0xff, 0xff, 0xff, 0xff, 0xff, 0xff, 0xff, 0xff, 0xff, 0xff ] ],
      [ [ 0xff, 0xff, 0xff, 0xff, 0xff, 0xff, 0xff, 0xff, 0xff, 0xff, 0xff, 0xff, 0xff, 0xff, 0xff ] ],
      [ [ 0xff, 0xff, 0xff, 0xff, 0xff, 0xff, 0xff, 0xff, 0xff, 0xff, 0xff, 0xff, 0xff, 0xff, 0xff ] ],
      [ [ 0xff, 0xff, 0xff, 0xff, 0xff, 0xff, 0xff, 0xff, 0xff, 0xff, 0xff, 0xff, 0xff, 0xff, 0xff ] ],
      [ [ 0xff, 0xff, 0xff, 0xff, 0xff, 0xff, 0xff, 0xff, 0xff, 0xff, 0xff, 0xff, 0xff, 0xff, 0xff ] ],
      [ [ 0xff, 0xff, 0xff, 0xff, 0xff, 0xff, 0xff, 0xff, 0xff, 0xff, 0xff, 0xff, 0xff, 0xff, 0xff ] ],
      [ [ 0xff, 0xff, 0xff, 0xff, 0xff, 0xff, 0xff, 0xff, 0xff, 0xff, 0xff, 0x9f, 0x23, 0xff, 0xff ] ],
      [ [ 0xff, 0xff, 0xff, 0xff, 0xff, 0xff, 0xff, 0xff, 0xff, 0xd5, 0x26, 0x0, 0x7, 0xff, 0xff ] ],
      [ [ 0xff, 0xff, 0xff, 0xff, 0xff, 0xff, 0xff, 0xf7, 0x52, 0x1, 0x0, 0xf, 0xa7, 0xff, 0xff ] ],
      [ [ 0xff, 0xff, 0xff, 0xff, 0xff, 0xff, 0x8c, 0x8, 0x0, 0x4, 0x6e, 0xff, 0xff, 0xff, 0xff ] ],
      [ [ 0xff, 0xff, 0xff, 0xff, 0xc7, 0x1d, 0x0, 0x0, 0x3f, 0xeb, 0xff, 0xff, 0xff, 0xff, 0xff ] ],
      [ [ 0xff, 0xff, 0xff, 0x7a, 0x0, 0x0, 0x19, 0xc7, 0xff, 0xff, 0xff, 0xff, 0xff, 0xff, 0xff ] ],
      [ [ 0xff, 0xff, 0xff, 0x81, 0x1, 0x0, 0x8, 0x92, 0xff, 0xff, 0xff, 0xff, 0xff, 0xff, 0xff ] ],
      [ [ 0xff, 0xff, 0xff, 0xff, 0xd1, 0x23, 0x0, 0x0, 0x22, 0xd1, 0xff, 0xff, 0xff, 0xff, 0xff ] ],
      [ [ 0xff, 0xff, 0xff, 0xff, 0xff, 0xff, 0x97, 0x9, 0x0, 0x1, 0x52, 0xf7, 0xff, 0xff, 0xff ] ],
      [ [ 0xff, 0xff, 0xff, 0xff, 0xff, 0xff, 0xff, 0xf9, 0x57, 0x1, 0x0, 0x8, 0x94, 0xff, 0xff ] ]
    ]
  ],
  [
    '9',
    [
      [ [ 0xff, 0xff, 0xff, 0xff, 0xff, 0xff, 0xff, 0xff, 0xff, 0xff, 0xff, 0xff, 0xff, 0xff, 0xff ] ],
      [ [ 0xff, 0xff, 0xff, 0xff, 0xff, 0xff, 0xff, 0xff, 0xff, 0xff, 0xff, 0xff, 0xff, 0xff, 0xff ] ],
      [ [ 0xff, 0xff, 0xff, 0xff, 0xff, 0xff, 0xff, 0xff, 0xff, 0xff, 0xff, 0xff, 0xff, 0xff, 0xff ] ],
      [ [ 0xff, 0xff, 0xff, 0xff, 0xff, 0xff, 0xff, 0xff, 0xff, 0xff, 0xff, 0xff, 0xff, 0xff, 0xff ] ],
      [ [ 0xff, 0xff, 0xff, 0xff, 0xff, 0xff, 0xff, 0xff, 0xff, 0xff, 0xff, 0xff, 0xff, 0xff, 0xff ] ],
      [ [ 0xff, 0xff, 0xff, 0xff, 0xff, 0xff, 0xff, 0xff, 0xff, 0xff, 0xff, 0xff, 0xff, 0xff, 0xff ] ],
      [ [ 0xff, 0xff, 0xff, 0xff, 0xff, 0xff, 0xff, 0xff, 0xff, 0xff, 0xff, 0xff, 0xff, 0xff, 0xff ] ],
      [ [ 0xff, 0xff, 0xff, 0xff, 0xff, 0xff, 0xff, 0xff, 0xff, 0xff, 0xff, 0xff, 0xff, 0xff, 0xff ] ],
      [ [ 0xff, 0xff, 0xff, 0xff, 0xff, 0xff, 0xff, 0xff, 0xff, 0xff, 0xff, 0xff, 0xff, 0xff, 0xff ] ],
      [ [ 0xff, 0xff, 0xff, 0xff, 0xff, 0xff, 0xff, 0xff, 0xff, 0xff, 0xff, 0xff, 0xff, 0xff, 0xff ] ],
      [ [ 0xff, 0xff, 0xff, 0xff, 0xff, 0xff, 0xff, 0xff, 0xff, 0xff, 0xff, 0xff, 0xff, 0xff, 0xff ] ],
      [ [ 0xff, 0xff, 0xff, 0xff, 0xff, 0xff, 0xff, 0xff, 0xff, 0xff, 0xff, 0xff, 0xff, 0xff, 0xff ] ],
      [ [ 0xff, 0xff, 0xff, 0xff, 0xff, 0xff, 0xff, 0xff, 0xff, 0xff, 0xff, 0xff, 0xff, 0xff, 0xff ] ],
      [ [ 0xff, 0xff, 0xff, 0xff, 0xff, 0xff, 0xff, 0xff, 0xff, 0xff, 0xff, 0xff, 0xff, 0xff, 0xff ] ],
      [ [ 0xff, 0xff, 0xff, 0xff, 0xff, 0xff, 0xff, 0xff, 0xff, 0xff, 0xff, 0xff, 0xff, 0xff, 0xff ] ],
      [ [ 0xff, 0xff, 0xff, 0xff, 0xff, 0xff, 0xff, 0xff, 0xff, 0xff, 0xff, 0xff, 0xff, 0xff, 0xff ] ],
      [ [ 0xff, 0xff, 0xff, 0xff, 0xff, 0xff, 0xff, 0xff, 0xff, 0xff, 0xff, 0xff, 0xff, 0xff, 0xff ] ],
      [ [ 0xff, 0xff, 0xff, 0xff, 0xff, 0xff, 0xff, 0xff, 0xff, 0xff, 0xff, 0xff, 0xff, 0xff, 0xff ] ],
      [ [ 0xff, 0xff, 0x9b, 0x1c, 0x1c, 0x1c, 0x1c, 0x1c, 0x1c, 0x1c, 0x1c, 0x1c, 0x1c, 0x1c, 0xa0 ] ],
      [ [ 0xff, 0xff, 0x74, 0x0, 0x0, 0x0, 0x0, 0x0, 0x0, 0x0, 0x0, 0x0, 0x0, 0x0, 0x7a ] ],
      [ [ 0xff, 0xff, 0xff, 0xff, 0xff, 0xff, 0xff, 0xff, 0xff, 0xff, 0xff, 0xff, 0xff, 0xff, 0xff ] ],
      [ [ 0xff, 0xff, 0xff, 0xff, 0xff, 0xff, 0xff, 0xff, 0xff, 0xff, 0xff, 0xff, 0xff, 0xff, 0xff ] ],
      [ [ 0xff, 0xff, 0xff, 0xff, 0xff, 0xff, 0xff, 0xff, 0xff, 0xff, 0xff, 0xff, 0xff, 0xff, 0xff ] ],
      [ [ 0xff, 0xff, 0x74, 0x0, 0x0, 0x0, 0x0, 0x0, 0x0, 0x0, 0x0, 0x0, 0x0, 0x0, 0x7a ] ],
      [ [ 0xff, 0xff, 0x9a, 0x1a, 0x1a, 0x1a, 0x1a, 0x1a, 0x1a, 0x1a, 0x1a, 0x1a, 0x1a, 0x1a, 0x9f ] ],
      [ [ 0xff, 0xff, 0xff, 0xff, 0xff, 0xff, 0xff, 0xff, 0xff, 0xff, 0xff, 0xff, 0xff, 0xff, 0xff ] ]
    ]
  ],
  [
    ':',
    [
      [ [ 0xff, 0xff, 0xff, 0xff, 0xff, 0xff, 0xff, 0xff, 0xff, 0xff, 0xff, 0xff, 0xff, 0xff, 0xff ] ],
      [ [ 0xff, 0xff, 0xff, 0xff, 0xff, 0xff, 0xff, 0xff, 0xff, 0xff, 0xff, 0xff, 0xff, 0xff, 0xff ] ],
      [ [ 0xff, 0xff, 0xff, 0xff, 0xff, 0xff, 0xff, 0xff, 0xff, 0xff, 0xff, 0xff, 0xff, 0xff, 0xff ] ],
      [ [ 0xff, 0xff, 0xff, 0xff, 0xff, 0xff, 0xff, 0xff, 0xff, 0xff, 0xff, 0xff, 0xff, 0xff, 0xff ] ],
      [ [ 0xff, 0xff, 0xff, 0xff, 0xff, 0xff, 0xff, 0xff, 0xff, 0xff, 0xff, 0xff, 0xff, 0xff, 0xff ] ],
      [ [ 0xff, 0xff, 0xff, 0xff, 0xff, 0xff, 0xff, 0xff, 0xff, 0xff, 0xff, 0xff, 0xff, 0xff, 0xff ] ],
      [ [ 0xff, 0xff, 0xff, 0xff, 0xff, 0xff, 0xff, 0xff, 0xff, 0xff, 0xff, 0xff, 0xff, 0xff, 0xff ] ],
      [ [ 0xff, 0xff, 0xff, 0xff, 0xff, 0xff, 0xff, 0xff, 0xff, 0xff, 0xff, 0xff, 0xff, 0xff, 0xff ] ],
      [ [ 0xff, 0xff, 0xff, 0xff, 0xff, 0xff, 0xff, 0xff, 0xff, 0xff, 0xff, 0xff, 0xff, 0xff, 0xff ] ],
      [ [ 0xff, 0xff, 0xff, 0xff, 0xff, 0xff, 0xff, 0xff, 0xff, 0xff, 0xff, 0xff, 0xff, 0xff, 0xff ] ],
      [ [ 0xff, 0xff, 0xff, 0xff, 0xff, 0xff, 0xff, 0xff, 0xff, 0xff, 0xff, 0xff, 0xff, 0xff, 0xff ] ],
      [ [ 0xff, 0xff, 0xff, 0xff, 0xff, 0xff, 0xff, 0xff, 0xff, 0xff, 0xff, 0xff, 0xff, 0xff, 0xff ] ],
      [ [ 0xff, 0xff, 0xff, 0xff, 0xff, 0xff, 0xff, 0xff, 0xff, 0xff, 0xff, 0xff, 0xff, 0xff, 0xff ] ],
      [ [ 0xff, 0xff, 0xff, 0xff, 0xff, 0xff, 0xff, 0xff, 0xff, 0xff, 0xff, 0xff, 0xff, 0xff, 0xff ] ],
      [ [ 0xff, 0xff, 0xff, 0xff, 0xff, 0xff, 0xff, 0xff, 0xff, 0xff, 0xff, 0xff, 0xff, 0xff, 0xff ] ],
      [ [ 0xff, 0xff, 0xff, 0xff, 0xff, 0xff, 0xff, 0xff, 0xff, 0xff, 0xff, 0xff, 0xff, 0xff, 0xff ] ],
      [ [ 0xff, 0xff, 0xff, 0xff, 0x22, 0xa5, 0xff, 0xff, 0xff, 0xff, 0xff, 0xff, 0xff, 0xff, 0xff ] ],
      [ [ 0xff, 0xff, 0xff, 0xff, 0x5, 0x0, 0x2b, 0xdc, 0xff, 0xff, 0xff, 0xff, 0xff, 0xff, 0xff ] ],
      [ [ 0xff, 0xff, 0xff, 0xff, 0x8b, 0x7, 0x0, 0x2, 0x5d, 0xfb, 0xff, 0xff, 0xff, 0xff, 0xff ] ],
      [ [ 0xff, 0xff, 0xff, 0xff, 0xff, 0xf5, 0x49, 0x1, 0x0, 0xb, 0x9f, 0xff, 0xff, 0xff, 0xff ] ],
      [ [ 0xff, 0xff, 0xff, 0xff, 0xff, 0xff, 0xff, 0xc8, 0x1c, 0x0, 0x0, 0x28, 0xd9, 0xff, 0xff ] ],
      [ [ 0xff, 0xff, 0xff, 0xff, 0xff, 0xff, 0xff, 0xff, 0xff, 0x88, 0x6, 0x0, 0x1, 0x88, 0xff ] ],
      [ [ 0xff, 0xff, 0xff, 0xff, 0xff, 0xff, 0xff, 0xff, 0xff, 0xc8, 0x1a, 0x0, 0x0, 0x7b, 0xff ] ],
      [ [ 0xff, 0xff, 0xff, 0xff, 0xff, 0xff, 0xff, 0xed, 0x42, 0x0, 0x0, 0x1c, 0xc5, 0xff, 0xff ] ],
      [ [ 0xff, 0xff, 0xff, 0xff, 0xff, 0xff, 0x72, 0x4, 0x0, 0x7, 0x8b, 0xff, 0xff, 0xff, 0xff ] ],
      [ [ 0xff, 0xff, 0xff, 0xff, 0xa8, 0x10, 0x0, 0x1, 0x50, 0xf7, 0xff, 0xff, 0xff, 0xff, 0xff ] ]
    ]
  ],
  [
    ';',
    [
      [ [ 0xff, 0xff, 0xff, 0xff, 0xff, 0xff, 0xff, 0xff, 0xff, 0xff, 0xff, 0xff, 0xff, 0xff, 0xff ] ],
      [ [ 0xff, 0xff, 0xff, 0xff, 0xff, 0xff, 0xff, 0xff, 0xff, 0xff, 0xff, 0xff, 0xff, 0xff, 0xff ] ],
      [ [ 0xff, 0xff, 0xff, 0xff, 0xff, 0xff, 0xff, 0xff, 0xff, 0xff, 0xff, 0xff, 0xff, 0xff, 0xff ] ],
      [ [ 0xff, 0xff, 0xff, 0xff, 0xff, 0xff, 0xff, 0xff, 0xff, 0xff, 0xff, 0xff, 0xff, 0xff, 0xff ] ],
      [ [ 0xff, 0xff, 0xff, 0xff, 0xff, 0xff, 0xff, 0xff, 0xff, 0xff, 0xff, 0xff, 0xff, 0xff, 0xff ] ],
      [ [ 0xff, 0xff, 0xff, 0xff, 0xff, 0xff, 0xff, 0xff, 0xff, 0xff, 0xff, 0xff, 0xff, 0xff, 0xff ] ],
      [ [ 0xff, 0xff, 0xff, 0xff, 0xff, 0xff, 0xff, 0xff, 0xff, 0xff, 0xff, 0xff, 0xff, 0xff, 0xff ] ],
      [ [ 0xff, 0xff, 0xff, 0xff, 0xff, 0xff, 0xff, 0xff, 0xff, 0xff, 0xff, 0xff, 0xff, 0xff, 0xff ] ],
      [ [ 0xff, 0xff, 0xff, 0xff, 0xff, 0xff, 0xff, 0xff, 0xff, 0xff, 0xff, 0xff, 0xff, 0xff, 0xff ] ],
      [ [ 0xff, 0xff, 0xb7, 0x4, 0x2, 0x2c, 0xcc, 0xff, 0xff, 0xff, 0xff, 0xff, 0xff, 0xff, 0xff ] ],
      [ [ 0xff, 0xff, 0x73, 0x0, 0x0, 0x0, 0x2, 0x85, 0xff, 0xff, 0xff, 0xff, 0xff, 0xff, 0xff ] ],
      [ [ 0xff, 0xff, 0xff, 0x7e, 0x2d, 0xf, 0x1, 0x0, 0x52, 0xff, 0xff, 0xff, 0xff, 0xff, 0xff ] ],
      [ [ 0xff, 0xff, 0xff, 0xff, 0xff, 0xff, 0xea, 0x3a, 0x0, 0x89, 0xff, 0xff, 0xff, 0xff, 0xff ] ],
      [ [ 0xff, 0xff, 0xff, 0xff, 0xff, 0xff, 0xff, 0xff, 0x7b, 0x3, 0xcc, 0xff, 0xff, 0xff, 0xff ] ],
      [ [ 0xff, 0xff, 0xff, 0xff, 0xff, 0xff, 0xff, 0xff, 0xff, 0x35, 0x2f, 0xff, 0xff, 0xff, 0xef ] ],
      [ [ 0xff, 0xff, 0xff, 0xff, 0xff, 0xff, 0xff, 0xff, 0xff, 0x7b, 0x3, 0xff, 0xff, 0xff, 0x3e ] ],
      [ [ 0xff, 0xff, 0xff, 0xff, 0xff, 0xff, 0xff, 0xff, 0xf7, 0x1c, 0x0, 0xf9, 0xff, 0xda, 0x0 ] ],
      [ [ 0xff, 0xff, 0xff, 0xff, 0x7c, 0x53, 0x5b, 0x3f, 0x8, 0x0, 0x5, 0xff, 0xff, 0x54, 0x0 ] ],
      [ [ 0xff, 0xff, 0xff, 0xff, 0x1c, 0x0, 0x0, 0x0, 0x0, 0x0, 0x6f, 0xff, 0xff, 0xf, 0x0 ] ],
      [ [ 0xff, 0xff, 0xff, 0xff, 0x1c, 0x0, 0x1, 0x6, 0x22, 0xab, 0xff, 0xff, 0xff, 0x2, 0x0 ] ],
      [ [ 0xff, 0xff, 0xff, 0xff, 0x1c, 0x70, 0xff, 0xff, 0xff, 0xff, 0xff, 0xff, 0xeb, 0x0, 0x0 ] ],
      [ [ 0xff, 0xff, 0xff, 0xff, 0x1c, 0x7a, 0xff, 0xff, 0xff, 0xff, 0xff, 0xff, 0xf7, 0x0, 0x0 ] ],
      [ [ 0xff, 0xff, 0xff, 0xff, 0x1c, 0x7a, 0xff, 0xff, 0xff, 0xff, 0xff, 0xff, 0xff, 0x4, 0x0 ] ],
      [ [ 0xff, 0xff, 0xff, 0xff, 0x7b, 0xc1, 0xff, 0xff, 0xff, 0xff, 0xff, 0xff, 0xff, 0x29, 0x0 ] ],
      [ [ 0xff, 0xff, 0xff, 0xff, 0xff, 0xff, 0xff, 0xff, 0xff, 0xff, 0xff, 0xff, 0xff, 0xa7, 0x0 ] ],
      [ [ 0xff, 0xff, 0xff, 0xff, 0xf1, 0xdc, 0xff, 0xff, 0xff, 0xff, 0xff, 0xff, 0xff, 0xff, 0x2c ] ]
    ]
  ],
  [
    '<',
    [
      [ [ 0xff, 0xff, 0xff, 0xff, 0xff, 0xff, 0xff, 0xff, 0xff, 0xff, 0xff, 0xff, 0xff, 0xff, 0xff ] ],
      [ [ 0xff, 0xff, 0xff, 0xff, 0xff, 0xff, 0xff, 0xff, 0xff, 0xff, 0xff, 0xff, 0xff, 0xff, 0xff ] ],
      [ [ 0xff, 0xff, 0xff, 0xff, 0xff, 0xff, 0xff, 0xff, 0xff, 0xff, 0xff, 0xff, 0xff, 0xff, 0xff ] ],
      [ [ 0xff, 0xff, 0xff, 0xff, 0xff, 0xff, 0xff, 0xff, 0xff, 0xff, 0xff, 0xff, 0xff, 0xff, 0xff ] ],
      [ [ 0xff, 0xff, 0xff, 0xff, 0xff, 0xff, 0xff, 0xff, 0xff, 0xff, 0xff, 0xff, 0xff, 0xff, 0xff ] ],
      [ [ 0xff, 0xff, 0xff, 0xff, 0xff, 0xff, 0xff, 0xff, 0xff, 0xff, 0xff, 0xff, 0xff, 0xff, 0xff ] ],
      [ [ 0xff, 0xff, 0xff, 0xff, 0xff, 0xff, 0xff, 0xff, 0xff, 0xff, 0xff, 0xff, 0xff, 0xff, 0xff ] ],
      [ [ 0xff, 0xff, 0xff, 0xff, 0xff, 0xff, 0xff, 0xff, 0xff, 0xff, 0xff, 0xff, 0xff, 0xff, 0xff ] ],
      [ [ 0xff, 0xff, 0xff, 0xff, 0xff, 0xff, 0xfd, 0x9a, 0x31, 0xe, 0x3, 0x0, 0x2, 0xd, 0x3e ] ],
      [ [ 0xff, 0xff, 0xff, 0xff, 0xff, 0x74, 0x5, 0x4, 0x3e, 0x7f, 0xb2, 0xb4, 0x77, 0x45, 0x3 ] ],
      [ [ 0xff, 0xff, 0xff, 0xc8, 0x10, 0x2, 0x6e, 0xfd, 0xff, 0xff, 0xff, 0xff, 0xff, 0xff, 0xe6 ] ],
      [ [ 0xff, 0xff, 0x95, 0x2, 0x13, 0xda, 0xff, 0xff, 0xff, 0xff, 0xff, 0xff, 0xff, 0xff, 0xff ] ],
      [ [ 0xff, 0x8c, 0x0, 0x19, 0xf1, 0xff, 0xff, 0xff, 0xff, 0xff, 0xff, 0xff, 0xff, 0xff, 0xff ] ],
      [ [ 0xab, 0x1, 0x9, 0xef, 0xff, 0xff, 0xff, 0xff, 0xc8, 0x36, 0x9, 0x2, 0x24, 0x66, 0x15 ] ],
      [ [ 0x6, 0x0, 0xb9, 0xff, 0xff, 0xff, 0xff, 0x56, 0x2, 0x58, 0xf3, 0xc3, 0x0, 0x0, 0x17 ] ],
      [ [ 0x0, 0x36, 0xff, 0xff, 0xff, 0xf7, 0x26, 0x0, 0x8e, 0xff, 0xff, 0xff, 0x9, 0x0, 0xa2 ] ],
      [ [ 0x0, 0xda, 0xff, 0xff, 0xff, 0x24, 0x0, 0x8b, 0xff, 0xff, 0xff, 0xb7, 0x0, 0x16, 0xff ] ],
      [ [ 0x1a, 0xff, 0xff, 0xff, 0x4c, 0x0, 0x36, 0xff, 0xff, 0xff, 0xfd, 0x16, 0x0, 0x97, 0xff ] ],
      [ [ 0x60, 0xff, 0xff, 0xba, 0x0, 0x4, 0xea, 0xff, 0xff, 0xff, 0x3e, 0x0, 0x10, 0xff, 0xff ] ],
      [ [ 0x91, 0xff, 0xff, 0x27, 0x0, 0x5d, 0xff, 0xff, 0xff, 0x4b, 0x14, 0x0, 0x76, 0xff, 0xff ] ],
      [ [ 0xb4, 0xff, 0xfd, 0x1, 0x0, 0xd9, 0xff, 0xf7, 0x33, 0x57, 0xd, 0x1, 0xf3, 0xff, 0xff ] ],
      [ [ 0x98, 0xff, 0xe0, 0x0, 0x0, 0xbe, 0x9a, 0x13, 0x74, 0xca, 0x0, 0x6, 0xe6, 0x97, 0x17 ] ],
      [ [ 0x5d, 0xff, 0xff, 0xd, 0x0, 0x0, 0x17, 0xc3, 0xff, 0xc7, 0x0, 0x0, 0x0, 0xe, 0x57 ] ],
      [ [ 0x14, 0xff, 0xff, 0xeb, 0x85, 0xd5, 0xff, 0xff, 0xff, 0xff, 0xe2, 0xca, 0xf5, 0xff, 0xff ] ],
      [ [ 0x0, 0x6f, 0xff, 0xff, 0xff, 0xff, 0xff, 0xff, 0xff, 0xff, 0xff, 0xff, 0xff, 0xff, 0xff ] ],
      [ [ 0x0, 0x1, 0xce, 0xff, 0xff, 0xff, 0xff, 0xff, 0xff, 0xff, 0xff, 0xff, 0xff, 0xff, 0xff ] ]
    ]
  ],
  [
    '=',
    [
      [ [ 0xff, 0xff, 0xff, 0xff, 0xff, 0xff, 0xff, 0xff, 0xff, 0xff, 0xff, 0xff, 0xff, 0xff, 0xff ] ],
      [ [ 0xff, 0xff, 0xff, 0xff, 0xff, 0xff, 0xff, 0xff, 0xff, 0xff, 0xff, 0xff, 0xff, 0xff, 0xff ] ],
      [ [ 0xff, 0xff, 0xff, 0xff, 0xff, 0xff, 0xff, 0xff, 0xff, 0xff, 0xff, 0xff, 0xff, 0xff, 0xff ] ],
      [ [ 0xff, 0xff, 0xff, 0xff, 0xff, 0xff, 0xff, 0xff, 0xff, 0xff, 0xff, 0xff, 0xff, 0xff, 0xff ] ],
      [ [ 0xff, 0xff, 0xff, 0xff, 0xff, 0xff, 0xff, 0xff, 0xff, 0xff, 0xff, 0xff, 0xff, 0xff, 0xff ] ],
      [ [ 0xff, 0xff, 0xff, 0xff, 0xff, 0xff, 0xff, 0xff, 0xff, 0xff, 0xff, 0xff, 0xff, 0xff, 0xff ] ],
      [ [ 0xff, 0xff, 0xff, 0xff, 0xff, 0xff, 0xff, 0xff, 0xff, 0xff, 0xff, 0xff, 0xff, 0xff, 0xff ] ],
      [ [ 0xff, 0xff, 0xff, 0xff, 0xff, 0xff, 0xff, 0xff, 0xff, 0xff, 0xff, 0xff, 0xff, 0xff, 0xff ] ],
      [ [ 0xd9, 0xff, 0xff, 0xff, 0xff, 0xff, 0xff, 0xff, 0xff, 0xff, 0xff, 0xff, 0xff, 0xff, 0xff ] ],
      [ [ 0x2, 0x6a, 0xff, 0xff, 0xff, 0xff, 0xff, 0xff, 0xff, 0xff, 0xff, 0xff, 0xff, 0xff, 0xff ] ],
      [ [ 0x2e, 0x0, 0x3b, 0xff, 0xff, 0xff, 0xff, 0xff, 0xff, 0xff, 0xff, 0xff, 0xff, 0xff, 0xff ] ],
      [ [ 0xff, 0x16, 0x0, 0xb0, 0xff, 0xff, 0xff, 0xff, 0xff, 0xff, 0xff, 0xff, 0xff, 0xff, 0xad ] ],
      [ [ 0xff, 0xc5, 0x0, 0x12, 0xff, 0xff, 0xff, 0xff, 0xff, 0xff, 0xff, 0xff, 0xff, 0xff, 0x35 ] ],
      [ [ 0xd1, 0xff, 0xc, 0x0, 0xd9, 0xff, 0xff, 0xff, 0xff, 0xff, 0xff, 0xff, 0xff, 0xf9, 0x2 ] ],
      [ [ 0xff, 0xff, 0x24, 0x0, 0x89, 0xff, 0xff, 0xff, 0xff, 0xff, 0xff, 0xff, 0xff, 0x81, 0x3 ] ],
      [ [ 0xff, 0xff, 0x43, 0x0, 0x6e, 0xff, 0xff, 0xff, 0xff, 0xff, 0xff, 0xff, 0xff, 0x1e, 0x38 ] ],
      [ [ 0xff, 0xff, 0x35, 0x0, 0x81, 0xff, 0xff, 0xff, 0xff, 0xff, 0xff, 0xff, 0xde, 0x0, 0xb0 ] ],
      [ [ 0xff, 0xff, 0x14, 0x0, 0xd1, 0xff, 0xff, 0xff, 0xff, 0xff, 0xff, 0xff, 0x58, 0xa, 0xff ] ],
      [ [ 0xff, 0xcc, 0x0, 0x17, 0xff, 0xff, 0xff, 0xff, 0xff, 0xff, 0xff, 0xff, 0xd, 0x4f, 0xff ] ],
      [ [ 0xff, 0x17, 0x0, 0xb5, 0xff, 0xff, 0xff, 0xff, 0xff, 0xff, 0xff, 0xb7, 0x0, 0xad, 0xda ] ],
      [ [ 0x47, 0x0, 0x77, 0xff, 0xff, 0xff, 0xff, 0xff, 0xff, 0xff, 0xff, 0x38, 0x0, 0x0, 0x0 ] ],
      [ [ 0xc, 0xb2, 0xff, 0xff, 0xff, 0xff, 0xff, 0xff, 0xff, 0xff, 0xf5, 0x2, 0x68, 0xff, 0xff ] ],
      [ [ 0xfb, 0xff, 0xff, 0xff, 0xff, 0xff, 0xff, 0xff, 0xff, 0xff, 0x73, 0x1, 0xed, 0xff, 0xff ] ],
      [ [ 0xff, 0xff, 0xff, 0xff, 0xff, 0xff, 0xff, 0xff, 0xff, 0xff, 0x12, 0x2c, 0xff, 0xff, 0xff ] ],
      [ [ 0xff, 0xff, 0xff, 0xff, 0xff, 0xff, 0xff, 0xff, 0xff, 0xb7, 0x0, 0xa0, 0xff, 0xff, 0xff ] ],
      [ [ 0xff, 0xff, 0xff, 0xff, 0xff, 0xff, 0xff, 0xff, 0xff, 0x30, 0x7, 0xff, 0xff, 0xff, 0xff ] ]
    ]
  ],
  [
    '>',
    [
      [ [ 0xff, 0xff, 0xff, 0xff, 0xff, 0xff, 0xff, 0xff, 0xff, 0xff, 0xff, 0xff, 0xff, 0xff, 0xff ] ],
      [ [ 0xff, 0xff, 0xff, 0xff, 0xff, 0xff, 0xff, 0xff, 0xff, 0xff, 0xff, 0xff, 0xff, 0xff, 0xff ] ],
      [ [ 0xff, 0xff, 0xff, 0xff, 0xff, 0xff, 0xff, 0xff, 0xff, 0xff, 0xff, 0xff, 0xff, 0xff, 0xff ] ],
      [ [ 0xff, 0xff, 0xff, 0xff, 0xff, 0xff, 0xff, 0xff, 0xff, 0xff, 0xff, 0xff, 0xff, 0xff, 0xff ] ],
      [ [ 0xff, 0xff, 0xff, 0xff, 0xff, 0xff, 0xff, 0xff, 0xff, 0xff, 0xff, 0xff, 0xff, 0xff, 0xff ] ],
      [ [ 0xff, 0xff, 0xff, 0xff, 0xff, 0xff, 0xff, 0xff, 0xff, 0xff, 0xff, 0xff, 0xff, 0xff, 0xff ] ],
      [ [ 0xff, 0xff, 0xff, 0xff, 0xff, 0xff, 0xff, 0xff, 0xff, 0xff, 0xff, 0xff, 0xff, 0xff, 0xff ] ],
      [ [ 0xff, 0xff, 0x5a, 0x68, 0xff, 0xff, 0xff, 0xff, 0xff, 0xff, 0xff, 0xff, 0xff, 0xff, 0xff ] ],
      [ [ 0x95, 0x14, 0x0, 0x10, 0xff, 0xff, 0xff, 0xff, 0xff, 0xff, 0xff, 0xff, 0xff, 0xe0, 0x0 ] ],
      [ [ 0x7, 0x0, 0x0, 0x0, 0xd1, 0xff, 0xff, 0xff, 0xff, 0xff, 0xff, 0xff, 0xff, 0xff, 0xb4 ] ],
      [ [ 0x7, 0x2, 0x0, 0x0, 0x57, 0xff, 0xff, 0xff, 0xff, 0xff, 0xff, 0xff, 0xff, 0xff, 0xff ] ],
      [ [ 0x0, 0xa8, 0x0, 0x0, 0x10, 0xff, 0xff, 0xff, 0xff, 0xff, 0xff, 0xff, 0xff, 0xff, 0xff ] ],
      [ [ 0x21, 0xff, 0x9, 0x0, 0x0, 0xce, 0xff, 0xff, 0xff, 0xff, 0xff, 0xff, 0xff, 0xff, 0xff ] ],
      [ [ 0x88, 0xff, 0x44, 0x0, 0x0, 0x54, 0xff, 0xff, 0xff, 0xff, 0xff, 0xff, 0xff, 0xff, 0xff ] ],
      [ [ 0xfb, 0xff, 0xb4, 0x0, 0x0, 0xf, 0xff, 0xff, 0xff, 0xff, 0xff, 0xff, 0xff, 0xff, 0xff ] ],
      [ [ 0xff, 0xff, 0xff, 0x7, 0x0, 0x0, 0xcc, 0xff, 0xff, 0xff, 0xff, 0xff, 0xff, 0xff, 0xff ] ],
      [ [ 0xff, 0xff, 0xff, 0x3c, 0x0, 0x0, 0x54, 0xff, 0xff, 0xff, 0xff, 0xff, 0xff, 0xff, 0xff ] ],
      [ [ 0xff, 0xff, 0xff, 0xa5, 0x0, 0x0, 0x10, 0xff, 0xff, 0xff, 0xff, 0xff, 0xff, 0xff, 0xff ] ],
      [ [ 0xff, 0xff, 0xff, 0xff, 0x4, 0x0, 0x0, 0xd7, 0xff, 0xff, 0xff, 0xff, 0xff, 0xff, 0xff ] ],
      [ [ 0xda, 0xda, 0xda, 0xda, 0x29, 0x0, 0x0, 0x5e, 0xff, 0xff, 0xff, 0xff, 0xff, 0xff, 0xff ] ],
      [ [ 0x0, 0x0, 0x0, 0x0, 0x0, 0x0, 0x0, 0x14, 0xff, 0xff, 0xff, 0xff, 0xff, 0xff, 0xff ] ],
      [ [ 0xff, 0xff, 0xff, 0xff, 0xfd, 0x4, 0x0, 0x0, 0xd3, 0xff, 0xff, 0xff, 0xff, 0xff, 0xff ] ],
      [ [ 0xff, 0xff, 0xff, 0xff, 0xff, 0x37, 0x0, 0x0, 0x53, 0xff, 0xff, 0xff, 0xff, 0xff, 0xff ] ],
      [ [ 0xff, 0xff, 0xff, 0xff, 0xff, 0xa7, 0x0, 0x0, 0xb, 0xff, 0xff, 0xff, 0xff, 0xff, 0xff ] ],
      [ [ 0xff, 0xff, 0xff, 0xff, 0xff, 0xff, 0x5, 0x0, 0x0, 0xad, 0xff, 0xff, 0xff, 0xff, 0xff ] ],
      [ [ 0xff, 0xff, 0xff, 0xff, 0xff, 0xff, 0x35, 0x0, 0x0, 0x32, 0xff, 0xff, 0xff, 0xff, 0xff ] ]
    ]
  ],
  [
    '?',
    [
      [ [ 0xff, 0xff, 0xff, 0xff, 0xff, 0xff, 0xff, 0xff, 0xff, 0xff, 0xff, 0xff, 0xff, 0xff, 0xff ] ],
      [ [ 0xff, 0xff, 0xff, 0xff, 0xff, 0xff, 0xff, 0xff, 0xff, 0xff, 0xff, 0xff, 0xff, 0xff, 0xff ] ],
      [ [ 0xff, 0xff, 0xff, 0xff, 0xff, 0xff, 0xff, 0xff, 0xff, 0xff, 0xff, 0xff, 0xff, 0xff, 0xff ] ],
      [ [ 0xff, 0xff, 0xff, 0xff, 0xff, 0xff, 0xff, 0xff, 0xff, 0xff, 0xff, 0xff, 0xff, 0xff, 0xff ] ],
      [ [ 0xff, 0xff, 0xff, 0xff, 0xff, 0xff, 0xff, 0xff, 0xff, 0xff, 0xff, 0xff, 0xff, 0xff, 0xff ] ],
      [ [ 0xff, 0xff, 0xff, 0xff, 0xff, 0xff, 0xff, 0xff, 0xff, 0xff, 0xff, 0xff, 0xff, 0xff, 0xff ] ],
      [ [ 0xff, 0xff, 0xff, 0xff, 0xff, 0xff, 0xff, 0xff, 0xff, 0xff, 0xff, 0xff, 0xff, 0xff, 0xff ] ],
      [ [ 0xff, 0xff, 0xff, 0xff, 0xff, 0xff, 0xff, 0xff, 0xff, 0xff, 0xff, 0xff, 0xff, 0xff, 0xff ] ],
      [ [ 0x1, 0x2, 0x2, 0x2, 0x1, 0x1, 0x0, 0x0, 0x2, 0x6, 0x13, 0x46, 0xd5, 0xff, 0xff ] ],
      [ [ 0xa8, 0x3e, 0x0, 0x0, 0x3, 0xed, 0xfb, 0xd3, 0x97, 0x2a, 0x1, 0x0, 0x2, 0x86, 0xff ] ],
      [ [ 0xff, 0xf3, 0x0, 0x0, 0xa, 0xff, 0xff, 0xff, 0xff, 0xff, 0xb9, 0x2, 0x0, 0x1, 0xd3 ] ],
      [ [ 0xff, 0xff, 0x1, 0x0, 0xc, 0xff, 0xff, 0xff, 0xff, 0xff, 0xff, 0x47, 0x0, 0x0, 0x56 ] ],
      [ [ 0xff, 0xff, 0x2, 0x0, 0xd, 0xff, 0xff, 0xff, 0xff, 0xff, 0xff, 0x8e, 0x0, 0x0, 0x35 ] ],
      [ [ 0xff, 0xff, 0x3, 0x0, 0xe, 0xff, 0xff, 0xff, 0xff, 0xff, 0xff, 0x7f, 0x0, 0x0, 0x4a ] ],
      [ [ 0xff, 0xff, 0x3, 0x0, 0xe, 0xff, 0xff, 0xff, 0xff, 0xff, 0xff, 0x3c, 0x0, 0x0, 0x8e ] ],
      [ [ 0xff, 0xff, 0x4, 0x0, 0xf, 0xff, 0xff, 0xff, 0xff, 0xff, 0xc3, 0x1, 0x0, 0x1d, 0xff ] ],
      [ [ 0xff, 0xff, 0x4, 0x0, 0xe, 0xff, 0xff, 0xea, 0xba, 0x4d, 0x3, 0x0, 0x40, 0xfb, 0xff ] ],
      [ [ 0xff, 0xff, 0x4, 0x0, 0x0, 0x0, 0x0, 0x0, 0x0, 0x0, 0x0, 0x4e, 0xf9, 0xff, 0xff ] ],
      [ [ 0xff, 0xff, 0x4, 0x0, 0xf, 0xff, 0xf1, 0xdc, 0x95, 0x48, 0x3, 0x0, 0x4, 0x88, 0xff ] ],
      [ [ 0xff, 0xff, 0x4, 0x0, 0xf, 0xff, 0xff, 0xff, 0xff, 0xff, 0xe8, 0x12, 0x0, 0x0, 0x60 ] ],
      [ [ 0xff, 0xff, 0x4, 0x0, 0xf, 0xff, 0xff, 0xff, 0xff, 0xff, 0xff, 0xe4, 0x1, 0x0, 0x0 ] ],
      [ [ 0xff, 0xff, 0x3, 0x0, 0xf, 0xff, 0xff, 0xff, 0xff, 0xff, 0xff, 0xff, 0x36, 0x0, 0x0 ] ],
      [ [ 0xff, 0xff, 0x3, 0x0, 0xf, 0xff, 0xff, 0xff, 0xff, 0xff, 0xff, 0xff, 0x6c, 0x0, 0x0 ] ],
      [ [ 0xff, 0xff, 0x2, 0x0, 0xf, 0xff, 0xff, 0xff, 0xff, 0xff, 0xff, 0xff, 0x7b, 0x0, 0x0 ] ],
      [ [ 0xff, 0xff, 0x1, 0x0, 0xa, 0xff, 0xff, 0xff, 0xff, 0xff, 0xff, 0xff, 0x47, 0x0, 0x0 ] ],
      [ [ 0xff, 0xff, 0x0, 0x0, 0x4, 0xff, 0xff, 0xff, 0xff, 0xff, 0xff, 0xff, 0x15, 0x0, 0x0 ] ]
    ]
  ],
  [
    '@',
    [
      [ [ 0xff, 0xff, 0xff, 0xff, 0xff, 0xff, 0xff, 0xff, 0xff, 0xff, 0xff, 0xff, 0xff, 0xff, 0xff ] ],
      [ [ 0xff, 0xff, 0xff, 0xff, 0xff, 0xff, 0xff, 0xff, 0xff, 0xff, 0xff, 0xff, 0xff, 0xff, 0xff ] ],
      [ [ 0xff, 0xff, 0xff, 0xff, 0xff, 0xff, 0xff, 0xff, 0xff, 0xff, 0xff, 0xff, 0xff, 0xff, 0xff ] ],
      [ [ 0xff, 0xff, 0xff, 0xff, 0xff, 0xff, 0xff, 0xff, 0xff, 0xff, 0xff, 0xff, 0xff, 0xff, 0xff ] ],
      [ [ 0xff, 0xff, 0xff, 0xff, 0xff, 0xff, 0xff, 0xff, 0xff, 0xff, 0xff, 0xff, 0xff, 0xff, 0xff ] ],
      [ [ 0xff, 0xff, 0xff, 0xff, 0xff, 0xff, 0xff, 0xff, 0xff, 0xff, 0xff, 0xff, 0xff, 0xff, 0xff ] ],
      [ [ 0xff, 0xff, 0xff, 0xff, 0xff, 0xff, 0xff, 0xff, 0xff, 0xff, 0xff, 0xff, 0xff, 0xff, 0xff ] ],
      [ [ 0xff, 0xff, 0xff, 0xff, 0xff, 0xff, 0xff, 0xff, 0xff, 0xff, 0xff, 0xff, 0xff, 0xff, 0xff ] ],
      [ [ 0xff, 0xff, 0xff, 0xff, 0xff, 0xff, 0xff, 0xff, 0xff, 0xff, 0xd9, 0x60, 0x18, 0x7, 0x1 ] ],
      [ [ 0xff, 0xff, 0xff, 0xff, 0xff, 0xff, 0xff, 0xff, 0xe6, 0x3b, 0x0, 0x6, 0x48, 0x9b, 0xca ] ],
      [ [ 0xff, 0xff, 0xff, 0xff, 0xff, 0xff, 0xff, 0xb9, 0x7, 0x0, 0x3f, 0xf7, 0xff, 0xff, 0xff ] ],
      [ [ 0xff, 0xff, 0xff, 0xff, 0xff, 0xff, 0xd1, 0x3, 0x0, 0x4a, 0xff, 0xff, 0xff, 0xff, 0xff ] ],
      [ [ 0xff, 0xff, 0xff, 0xff, 0xff, 0xfd, 0xe, 0x0, 0x8, 0xfd, 0xff, 0xff, 0xff, 0xff, 0xff ] ],
      [ [ 0xff, 0xff, 0xff, 0xff, 0xff, 0x6e, 0x0, 0x0, 0x6a, 0xff, 0xff, 0xff, 0xff, 0xff, 0xff ] ],
      [ [ 0xff, 0xff, 0xff, 0xff, 0xff, 0x8, 0x0, 0x3, 0xf9, 0xff, 0xff, 0xff, 0xff, 0xff, 0xff ] ],
      [ [ 0xff, 0xff, 0xff, 0xff, 0xc1, 0x0, 0x0, 0x15, 0xff, 0xff, 0xff, 0xff, 0xff, 0xff, 0xff ] ],
      [ [ 0xff, 0xff, 0xff, 0xff, 0x62, 0x0, 0x0, 0x2c, 0xff, 0xff, 0xff, 0xff, 0xff, 0xff, 0xff ] ],
      [ [ 0xff, 0xff, 0xff, 0xff, 0x45, 0x0, 0x0, 0x48, 0xff, 0xff, 0xff, 0xff, 0xff, 0xff, 0xff ] ],
      [ [ 0xff, 0xff, 0xff, 0xff, 0x36, 0x0, 0x0, 0x40, 0xff, 0xff, 0xff, 0xff, 0xff, 0xff, 0xff ] ],
      [ [ 0xff, 0xff, 0xff, 0xff, 0x4a, 0x0, 0x0, 0x22, 0xff, 0xff, 0xff, 0xff, 0xff, 0xff, 0xff ] ],
      [ [ 0xc8, 0xff, 0xff, 0xff, 0x6c, 0x0, 0x0, 0x4, 0xff, 0xff, 0xff, 0xff, 0xff, 0xff, 0xff ] ],
      [ [ 0x35, 0xff, 0xff, 0xff, 0xd1, 0x0, 0x0, 0x0, 0x9f, 0xff, 0xff, 0xff, 0xff, 0xff, 0xff ] ],
      [ [ 0x14, 0xff, 0xff, 0xff, 0xff, 0xb, 0x0, 0x0, 0x20, 0xff, 0xff, 0xff, 0xff, 0xff, 0xff ] ],
      [ [ 0x7, 0xff, 0xff, 0xff, 0xff, 0x6e, 0x0, 0x0, 0x0, 0x8e, 0xff, 0xff, 0xff, 0xff, 0xff ] ],
      [ [ 0x16, 0xff, 0xff, 0xff, 0xff, 0xfb, 0x9, 0x0, 0x0, 0x2, 0xd3, 0xff, 0xff, 0xff, 0xff ] ],
      [ [ 0x61, 0xff, 0xff, 0xff, 0xff, 0xff, 0xc1, 0x2, 0x0, 0x0, 0x6, 0xc0, 0xff, 0xff, 0xff ] ]
    ]
  ],
  [
    'A',
    [
      [ [ 0xff, 0xff, 0xff, 0xff, 0xff, 0xff, 0xff, 0xff, 0xff, 0xff, 0xff, 0xff, 0xff, 0xff, 0xff ] ],
      [ [ 0xff, 0xff, 0xff, 0xff, 0xff, 0xff, 0xff, 0xff, 0xff, 0xff, 0xff, 0xff, 0xff, 0xff, 0xff ] ],
      [ [ 0xff, 0xff, 0xff, 0xff, 0xff, 0xff, 0xff, 0xff, 0xff, 0xff, 0xff, 0xff, 0xff, 0xff, 0xff ] ],
      [ [ 0xff, 0xff, 0xff, 0xff, 0xff, 0xff, 0xff, 0xff, 0xff, 0xff, 0xff, 0xff, 0xff, 0xff, 0xff ] ],
      [ [ 0xff, 0xff, 0xff, 0xff, 0xff, 0xff, 0xff, 0xff, 0xff, 0xff, 0xff, 0xff, 0xff, 0xff, 0xff ] ],
      [ [ 0xff, 0xff, 0xff, 0xff, 0xff, 0xff, 0xff, 0xff, 0xff, 0xff, 0xff, 0xff, 0xff, 0xff, 0xff ] ],
      [ [ 0xff, 0xff, 0xff, 0xff, 0xff, 0xff, 0xff, 0xff, 0xff, 0xff, 0xff, 0xff, 0xff, 0xff, 0xff ] ],
      [ [ 0xff, 0xff, 0xff, 0xff, 0xff, 0xff, 0xff, 0xff, 0xff, 0xff, 0xff, 0xff, 0xff, 0xff, 0xff ] ],
      [ [ 0x1, 0x5, 0x1a, 0x52, 0xd1, 0xff, 0xef, 0xa8, 0xff, 0xff, 0xeb, 0x0, 0x1, 0x2, 0x2 ] ],
      [ [ 0xc7, 0x92, 0x36, 0x1, 0x0, 0x21, 0x44, 0x21, 0xff, 0xff, 0xff, 0xb5, 0xaf, 0x73, 0x0 ] ],
      [ [ 0xff, 0xff, 0xff, 0xc3, 0xf, 0x0, 0x0, 0xf, 0xff, 0xff, 0xff, 0xff, 0xff, 0xff, 0x6 ] ],
      [ [ 0xff, 0xff, 0xff, 0xff, 0xfb, 0x22, 0x0, 0x3, 0xff, 0xff, 0xff, 0xff, 0xff, 0xff, 0xa ] ],
      [ [ 0xff, 0xff, 0xff, 0xff, 0xff, 0xef, 0xa, 0x0, 0xea, 0xff, 0xff, 0xff, 0xff, 0xff, 0xd ] ],
      [ [ 0xff, 0xff, 0xff, 0xff, 0xff, 0xff, 0xb2, 0x0, 0xaa, 0xff, 0xff, 0xff, 0xff, 0xff, 0x10 ] ],
      [ [ 0xff, 0xff, 0xff, 0xff, 0xff, 0xff, 0xff, 0x2a, 0x89, 0xff, 0xff, 0xff, 0xff, 0xff, 0x12 ] ],
      [ [ 0xff, 0xff, 0xff, 0xff, 0xff, 0xff, 0xff, 0xff, 0xff, 0xff, 0xff, 0xff, 0xff, 0xff, 0x14 ] ],
      [ [ 0xff, 0xff, 0xff, 0xff, 0xff, 0xff, 0xff, 0xff, 0xff, 0xff, 0xff, 0xff, 0xff, 0xff, 0x15 ] ],
      [ [ 0xff, 0xff, 0xff, 0xff, 0xff, 0xff, 0xff, 0xff, 0xff, 0xff, 0xff, 0xff, 0xff, 0xff, 0x14 ] ],
      [ [ 0xff, 0xff, 0xff, 0xff, 0xff, 0xff, 0xff, 0xff, 0xff, 0xff, 0xff, 0xff, 0xff, 0xff, 0x14 ] ],
      [ [ 0xff, 0xff, 0xff, 0xff, 0xff, 0xff, 0xff, 0xff, 0xff, 0xff, 0xff, 0xff, 0xff, 0xff, 0x12 ] ],
      [ [ 0xff, 0xff, 0xff, 0xff, 0xff, 0xff, 0xff, 0xff, 0xff, 0xff, 0xff, 0xff, 0xff, 0xff, 0x10 ] ],
      [ [ 0xff, 0xff, 0xff, 0xff, 0xff, 0xff, 0xff, 0xff, 0xff, 0xff, 0xff, 0xff, 0xff, 0xff, 0xe ] ],
      [ [ 0xff, 0xff, 0xff, 0xff, 0xff, 0xff, 0xff, 0xff, 0xff, 0xff, 0xff, 0xff, 0xff, 0xff, 0xc ] ],
      [ [ 0xff, 0xff, 0xff, 0xff, 0xff, 0xff, 0xff, 0xff, 0xa7, 0xf9, 0xff, 0xff, 0xff, 0xff, 0xa ] ],
      [ [ 0xff, 0xff, 0xff, 0xff, 0xff, 0xff, 0xff, 0x84, 0xa, 0xeb, 0xff, 0xff, 0xff, 0xff, 0x8 ] ],
      [ [ 0xff, 0xff, 0xff, 0xff, 0xff, 0xfb, 0x4b, 0x5, 0xc8, 0xff, 0xff, 0xff, 0xff, 0xff, 0x6 ] ]
    ]
  ],
  [
    'B',
    [
      [ [ 0xff, 0xff, 0xff, 0xff, 0xff, 0xff, 0xff, 0xff, 0xff, 0xff, 0xff, 0xff, 0xff, 0xff, 0xff ] ],
      [ [ 0xff, 0xff, 0xff, 0xff, 0xff, 0xff, 0xff, 0xff, 0xff, 0xff, 0xff, 0xff, 0xff, 0xff, 0xff ] ],
      [ [ 0xff, 0xff, 0xff, 0xff, 0xff, 0xff, 0xff, 0xff, 0xff, 0xff, 0xff, 0xff, 0xff, 0xff, 0xff ] ],
      [ [ 0xff, 0xff, 0xff, 0xff, 0xff, 0xff, 0xff, 0xff, 0xff, 0xff, 0xff, 0xff, 0xff, 0xff, 0xff ] ],
      [ [ 0xff, 0xff, 0xff, 0xff, 0xff, 0xff, 0xff, 0xff, 0xff, 0xff, 0xff, 0xff, 0xff, 0xff, 0xff ] ],
      [ [ 0xff, 0xff, 0xff, 0xff, 0xff, 0xff, 0xff, 0xff, 0xff, 0xff, 0xff, 0xff, 0xff, 0xff, 0xff ] ],
      [ [ 0xff, 0xff, 0xff, 0xff, 0xff, 0xff, 0xff, 0xff, 0xff, 0xff, 0xff, 0xff, 0xff, 0xff, 0xff ] ],
      [ [ 0xff, 0xff, 0xff, 0xff, 0xff, 0xff, 0xff, 0xff, 0xff, 0xff, 0xff, 0xff, 0xff, 0xff, 0xff ] ],
      [ [ 0x2, 0x2, 0x1, 0x0, 0x0, 0x0, 0x1, 0x2, 0xc, 0x23, 0x50, 0xcc, 0xff, 0xff, 0xff ] ],
      [ [ 0x0, 0x0, 0x3b, 0xda, 0xff, 0xf7, 0xd1, 0x9d, 0x45, 0xb, 0x0, 0x0, 0x12, 0xab, 0xff ] ],
      [ [ 0x0, 0x0, 0xcc, 0xff, 0xff, 0xff, 0xff, 0xff, 0xff, 0xff, 0x86, 0x7, 0x0, 0x0, 0x3e ] ],
      [ [ 0x0, 0x0, 0xe0, 0xff, 0xff, 0xff, 0xff, 0xff, 0xff, 0xff, 0xff, 0xe6, 0x15, 0x0, 0x0 ] ],
      [ [ 0x0, 0x0, 0xe6, 0xff, 0xff, 0xff, 0xff, 0xff, 0xff, 0xff, 0xff, 0xff, 0xe8, 0x6, 0x0 ] ],
      [ [ 0x0, 0x0, 0xe8, 0xff, 0xff, 0xff, 0xff, 0xff, 0xff, 0xff, 0xff, 0xff, 0xff, 0x8c, 0x0 ] ],
      [ [ 0x0, 0x0, 0xea, 0xff, 0xff, 0xff, 0xff, 0xff, 0xff, 0xff, 0xff, 0xff, 0xff, 0xff, 0xc ] ],
      [ [ 0x0, 0x0, 0xea, 0xff, 0xff, 0xff, 0xff, 0xff, 0xff, 0xff, 0xff, 0xff, 0xff, 0xff, 0x4f ] ],
      [ [ 0x0, 0x0, 0xea, 0xff, 0xff, 0xff, 0xff, 0xff, 0xff, 0xff, 0xff, 0xff, 0xff, 0xff, 0xad ] ],
      [ [ 0x0, 0x0, 0xea, 0xff, 0xff, 0xff, 0xff, 0xff, 0xff, 0xff, 0xff, 0xff, 0xff, 0xff, 0xe8 ] ],
      [ [ 0x0, 0x0, 0xea, 0xff, 0xff, 0xff, 0xff, 0xff, 0xff, 0xff, 0xff, 0xff, 0xff, 0xff, 0xfd ] ],
      [ [ 0x0, 0x0, 0xe6, 0xff, 0xff, 0xff, 0xff, 0xff, 0xff, 0xff, 0xff, 0xff, 0xff, 0xff, 0xda ] ],
      [ [ 0x0, 0x0, 0xe4, 0xff, 0xff, 0xff, 0xff, 0xff, 0xff, 0xff, 0xff, 0xff, 0xff, 0xff, 0x9d ] ],
      [ [ 0x0, 0x0, 0xde, 0xff, 0xff, 0xff, 0xff, 0xff, 0xff, 0xff, 0xff, 0xff, 0xff, 0xff, 0x49 ] ],
      [ [ 0x0, 0x0, 0xdc, 0xff, 0xff, 0xff, 0xff, 0xff, 0xff, 0xff, 0xff, 0xff, 0xff, 0xff, 0x9 ] ],
      [ [ 0x0, 0x0, 0xd7, 0xff, 0xff, 0xff, 0xff, 0xff, 0xff, 0xff, 0xff, 0xff, 0xff, 0x85, 0x0 ] ],
      [ [ 0x0, 0x0, 0xd1, 0xff, 0xff, 0xff, 0xff, 0xff, 0xff, 0xff, 0xff, 0xff, 0xea, 0x5, 0x0 ] ],
      [ [ 0x0, 0x0, 0xc5, 0xff, 0xff, 0xff, 0xff, 0xff, 0xff, 0xff, 0xff, 0xeb, 0x11, 0x0, 0x0 ] ]
    ]
  ],
  [
    'C',
    [
      [ [ 0xff, 0xff, 0xff, 0xff, 0xff, 0xff, 0xff, 0xff, 0xff, 0xff, 0xff, 0xff, 0xff, 0xff, 0xff ] ],
      [ [ 0xff, 0xff, 0xff, 0xff, 0xff, 0xff, 0xff, 0xff, 0xff, 0xff, 0xff, 0xff, 0xff, 0xff, 0xff ] ],
      [ [ 0xff, 0xff, 0xff, 0xff, 0xff, 0xff, 0xff, 0xff, 0xff, 0xff, 0xff, 0xff, 0xff, 0xff, 0xff ] ],
      [ [ 0xff, 0xff, 0xff, 0xff, 0xff, 0xff, 0xff, 0xff, 0xff, 0xff, 0xff, 0xff, 0xff, 0xff, 0xff ] ],
      [ [ 0xff, 0xff, 0xff, 0xff, 0xff, 0xff, 0xff, 0xff, 0xff, 0xff, 0xff, 0xff, 0xff, 0xff, 0xff ] ],
      [ [ 0xff, 0xff, 0xff, 0xff, 0xff, 0xff, 0xff, 0xff, 0xff, 0xff, 0xff, 0xff, 0xff, 0xff, 0xff ] ],
      [ [ 0xff, 0xff, 0xff, 0xff, 0xff, 0xff, 0xff, 0xff, 0xff, 0xff, 0xff, 0xff, 0xff, 0xff, 0xff ] ],
      [ [ 0xff, 0xff, 0xff, 0xff, 0xff, 0xf7, 0xf5, 0xff, 0xff, 0xff, 0xff, 0xff, 0xff, 0xff, 0xff ] ],
      [ [ 0xff, 0xff, 0xff, 0xff, 0xff, 0x33, 0x0, 0x0, 0x0, 0x0, 0x0, 0x0, 0x0, 0x0, 0x0 ] ],
      [ [ 0xff, 0xff, 0xff, 0xff, 0xff, 0xdc, 0xaf, 0x82, 0x1, 0x0, 0x0, 0xc0, 0xef, 0xe4, 0xd9 ] ],
      [ [ 0xfd, 0xff, 0xff, 0xff, 0xff, 0xff, 0xff, 0xff, 0x13, 0x0, 0x0, 0xc5, 0xff, 0xff, 0xff ] ],
      [ [ 0x2b, 0xff, 0xff, 0xff, 0xff, 0xff, 0xff, 0xff, 0x1a, 0x0, 0x0, 0xc5, 0xff, 0xff, 0xff ] ],
      [ [ 0x0, 0x5a, 0xff, 0xff, 0xff, 0xff, 0xff, 0xff, 0x1c, 0x0, 0x0, 0xc5, 0xff, 0xff, 0xff ] ],
      [ [ 0x0, 0x1, 0xd7, 0xff, 0xff, 0xff, 0xff, 0xff, 0x1f, 0x0, 0x0, 0xc5, 0xff, 0xff, 0xff ] ],
      [ [ 0x0, 0x0, 0x50, 0xff, 0xff, 0xff, 0xff, 0xff, 0x20, 0x0, 0x0, 0xc5, 0xff, 0xff, 0xff ] ],
      [ [ 0x0, 0x0, 0xe, 0xff, 0xff, 0xff, 0xff, 0xff, 0x22, 0x0, 0x0, 0xc5, 0xff, 0xff, 0xff ] ],
      [ [ 0x0, 0x0, 0x1, 0xff, 0xff, 0xff, 0xff, 0xff, 0x23, 0x0, 0x0, 0xc5, 0xff, 0xff, 0xff ] ],
      [ [ 0x0, 0x0, 0x0, 0xe6, 0xff, 0xff, 0xff, 0xff, 0x24, 0x0, 0x0, 0xc0, 0xea, 0xd7, 0xbe ] ],
      [ [ 0x0, 0x0, 0x0, 0xd1, 0xff, 0xff, 0xff, 0xff, 0x25, 0x0, 0x0, 0x0, 0x0, 0x0, 0x0 ] ],
      [ [ 0x0, 0x0, 0x0, 0xf5, 0xff, 0xff, 0xff, 0xff, 0x25, 0x0, 0x0, 0xc5, 0xff, 0xf1, 0xd9 ] ],
      [ [ 0x0, 0x0, 0x2, 0xff, 0xff, 0xff, 0xff, 0xff, 0x25, 0x0, 0x0, 0xc5, 0xff, 0xff, 0xff ] ],
      [ [ 0x0, 0x0, 0x1f, 0xff, 0xff, 0xff, 0xff, 0xff, 0x25, 0x0, 0x0, 0xc1, 0xff, 0xff, 0xff ] ],
      [ [ 0x0, 0x0, 0x6e, 0xff, 0xff, 0xff, 0xff, 0xff, 0x25, 0x0, 0x0, 0xbc, 0xff, 0xff, 0xff ] ],
      [ [ 0x0, 0x7, 0xfb, 0xff, 0xff, 0xff, 0xff, 0xff, 0x25, 0x0, 0x0, 0xb7, 0xff, 0xff, 0xff ] ],
      [ [ 0x0, 0x8c, 0xff, 0xff, 0xff, 0xff, 0xff, 0xff, 0x25, 0x0, 0x0, 0xb0, 0xff, 0xff, 0xff ] ],
      [ [ 0x4d, 0xff, 0xff, 0xff, 0xff, 0xff, 0xff, 0xff, 0x25, 0x0, 0x0, 0xa5, 0xff, 0xff, 0xff ] ]
    ]
  ],
  [
    'D',
    [
      [ [ 0xff, 0xff, 0xff, 0xff, 0xff, 0xff, 0xff, 0xff, 0xff, 0xff, 0xff, 0xff, 0xff, 0xff, 0xff ] ],
      [ [ 0xff, 0xff, 0xff, 0xff, 0xff, 0xff, 0xff, 0xff, 0xff, 0xff, 0xff, 0xff, 0xff, 0xff, 0xff ] ],
      [ [ 0xff, 0xff, 0xff, 0xff, 0xff, 0xff, 0xff, 0xff, 0xff, 0xff, 0xff, 0xff, 0xff, 0xff, 0xff ] ],
      [ [ 0xff, 0xff, 0xff, 0xff, 0xff, 0xff, 0xff, 0xff, 0xff, 0xff, 0xff, 0xff, 0xff, 0xff, 0xff ] ],
      [ [ 0xff, 0xff, 0xff, 0xff, 0xff, 0xff, 0xff, 0xff, 0xff, 0xff, 0xff, 0xff, 0xff, 0xff, 0xff ] ],
      [ [ 0xff, 0xff, 0xff, 0xff, 0xff, 0xff, 0xff, 0xff, 0xff, 0xff, 0xff, 0xff, 0xff, 0xff, 0xff ] ],
      [ [ 0xff, 0xff, 0xff, 0xff, 0xff, 0xff, 0xff, 0xff, 0xff, 0xff, 0xff, 0xff, 0xff, 0xff, 0xff ] ],
      [ [ 0xff, 0xff, 0xff, 0xff, 0xff, 0xf3, 0xff, 0xff, 0xff, 0xff, 0xff, 0xf9, 0xed, 0xf7, 0xff ] ],
      [ [ 0x0, 0x0, 0x0, 0x0, 0x0, 0x0, 0xc5, 0xff, 0xff, 0xff, 0xed, 0x0, 0x0, 0x0, 0x0 ] ],
      [ [ 0xce, 0xb7, 0x68, 0x9, 0x0, 0x0, 0x54, 0xff, 0xff, 0xff, 0xff, 0xd7, 0xd1, 0x8f, 0x0 ] ],
      [ [ 0xff, 0xff, 0xff, 0xf7, 0x1d, 0x0, 0x11, 0xff, 0xff, 0xff, 0xff, 0xff, 0xff, 0xff, 0x5 ] ],
      [ [ 0xff, 0xff, 0xff, 0xff, 0xf3, 0xf, 0x0, 0xdc, 0xff, 0xff, 0xff, 0xff, 0xff, 0xff, 0x6 ] ],
      [ [ 0xff, 0xff, 0xff, 0xff, 0xff, 0xd5, 0x3, 0x67, 0xff, 0xff, 0xff, 0xff, 0xff, 0xff, 0x7 ] ],
      [ [ 0xff, 0xff, 0xff, 0xff, 0xff, 0xff, 0xa3, 0xa5, 0xff, 0xff, 0xff, 0xff, 0xff, 0xff, 0x8 ] ],
      [ [ 0xff, 0xd7, 0xc0, 0xff, 0xff, 0xff, 0xff, 0xff, 0xff, 0xff, 0xff, 0xff, 0xff, 0xff, 0x9 ] ],
      [ [ 0xff, 0x3f, 0x1d, 0xff, 0xff, 0xff, 0xff, 0xff, 0xff, 0xff, 0xff, 0xff, 0xff, 0xff, 0x9 ] ],
      [ [ 0xff, 0x15, 0x24, 0xff, 0xff, 0xff, 0xff, 0xff, 0xff, 0xff, 0xff, 0xff, 0xff, 0xff, 0x9 ] ],
      [ [ 0x56, 0x0, 0x27, 0xff, 0xff, 0xff, 0xff, 0xff, 0xff, 0xff, 0xff, 0xff, 0xff, 0xff, 0x9 ] ],
      [ [ 0x0, 0x0, 0x26, 0xff, 0xff, 0xff, 0xff, 0xff, 0xff, 0xff, 0xff, 0xff, 0xff, 0xff, 0x9 ] ],
      [ [ 0x84, 0x1, 0x20, 0xff, 0xff, 0xff, 0xff, 0xff, 0xff, 0xff, 0xff, 0xff, 0xff, 0xff, 0x8 ] ],
      [ [ 0xff, 0x32, 0x16, 0xff, 0xff, 0xff, 0xff, 0xff, 0xff, 0xff, 0xff, 0xff, 0xff, 0xff, 0x8 ] ],
      [ [ 0xff, 0x94, 0x2f, 0xff, 0xff, 0xff, 0xff, 0xff, 0xff, 0xff, 0xff, 0xff, 0xff, 0xff, 0x8 ] ],
      [ [ 0xff, 0xff, 0xff, 0xff, 0xff, 0xff, 0xff, 0xff, 0xff, 0xff, 0xff, 0xff, 0xff, 0xff, 0x7 ] ],
      [ [ 0xff, 0xff, 0xff, 0xff, 0xff, 0xff, 0xff, 0xf1, 0xca, 0xff, 0xff, 0xff, 0xff, 0xff, 0x6 ] ],
      [ [ 0xff, 0xff, 0xff, 0xff, 0xff, 0xff, 0xff, 0x29, 0x20, 0xff, 0xff, 0xff, 0xff, 0xff, 0x5 ] ],
      [ [ 0xff, 0xff, 0xff, 0xff, 0xff, 0xff, 0x67, 0x0, 0x7c, 0xff, 0xff, 0xff, 0xff, 0xff, 0x4 ] ]
    ]
  ],
  [
    'E',
    [
      [ [ 0xff, 0xff, 0xff, 0xff, 0xff, 0xff, 0xff, 0xff, 0xff, 0xff, 0xff, 0xff, 0xff, 0xff, 0xff ] ],
      [ [ 0xff, 0xff, 0xff, 0xff, 0xff, 0xff, 0xff, 0xff, 0xff, 0xff, 0xff, 0xff, 0xff, 0xff, 0xff ] ],
      [ [ 0xff, 0xff, 0xff, 0xff, 0xff, 0xff, 0xff, 0xff, 0xff, 0xff, 0xff, 0xff, 0xff, 0xff, 0xff ] ],
      [ [ 0xff, 0xff, 0xff, 0xff, 0xff, 0xff, 0xff, 0xff, 0xff, 0xff, 0xff, 0xff, 0xff, 0xff, 0xff ] ],
      [ [ 0xff, 0xff, 0xff, 0xff, 0xff, 0xff, 0xff, 0xff, 0xff, 0xff, 0xff, 0xff, 0xff, 0xff, 0xff ] ],
      [ [ 0xff, 0xff, 0xff, 0xff, 0xff, 0xff, 0xff, 0xff, 0xff, 0xff, 0xff, 0xff, 0xff, 0xff, 0xff ] ],
      [ [ 0xff, 0xff, 0xff, 0xff, 0xff, 0xff, 0xff, 0xff, 0xff, 0xff, 0xff, 0xff, 0xff, 0xff, 0xff ] ],
      [ [ 0xff, 0xff, 0xff, 0xff, 0xff, 0xff, 0xff, 0xff, 0xff, 0xff, 0xfd, 0xf3, 0xff, 0xff, 0xff ] ],
      [ [ 0x0, 0x0, 0x0, 0x0, 0x0, 0x0, 0x0, 0x0, 0x0, 0x0, 0x0, 0x0, 0xab, 0xff, 0xff ] ],
      [ [ 0x0, 0x0, 0xfb, 0xf5, 0xea, 0xdc, 0xca, 0xb4, 0x7a, 0x13, 0x0, 0x0, 0x57, 0xff, 0xff ] ],
      [ [ 0x0, 0x0, 0xff, 0xff, 0xff, 0xff, 0xff, 0xff, 0xff, 0xfd, 0x30, 0x0, 0x1e, 0xff, 0xff ] ],
      [ [ 0x0, 0x0, 0xff, 0xff, 0xff, 0xff, 0xff, 0xff, 0xff, 0xff, 0xfb, 0x14, 0x2, 0xff, 0xff ] ],
      [ [ 0x0, 0x0, 0xff, 0xff, 0xff, 0xff, 0xff, 0xff, 0xff, 0xff, 0xff, 0xda, 0x3, 0xb4, 0xff ] ],
      [ [ 0x0, 0x0, 0xff, 0xff, 0xff, 0xff, 0xff, 0xff, 0xff, 0xff, 0xff, 0xff, 0xd1, 0xf7, 0xff ] ],
      [ [ 0x0, 0x1, 0xff, 0xff, 0xff, 0xff, 0xff, 0xff, 0xff, 0xff, 0xff, 0xff, 0xff, 0xff, 0xff ] ],
      [ [ 0x0, 0x1, 0xff, 0xff, 0xff, 0xff, 0xff, 0x38, 0x4f, 0xff, 0xff, 0xff, 0xff, 0xff, 0xaa ] ],
      [ [ 0x0, 0x1, 0xff, 0xff, 0xff, 0xff, 0xff, 0xc, 0x4e, 0xff, 0xff, 0xff, 0xff, 0xff, 0x5b ] ],
      [ [ 0x0, 0x1, 0xff, 0xff, 0xf7, 0xde, 0x54, 0x0, 0x52, 0xff, 0xff, 0xff, 0xff, 0xff, 0x3d ] ],
      [ [ 0x0, 0x0, 0x0, 0x0, 0x0, 0x0, 0x0, 0x0, 0x50, 0xff, 0xff, 0xff, 0xff, 0xff, 0x3b ] ],
      [ [ 0x0, 0x1, 0xfd, 0xf1, 0xd3, 0xb2, 0x4e, 0x0, 0x4b, 0xff, 0xff, 0xff, 0xff, 0xff, 0x4d ] ],
      [ [ 0x0, 0x1, 0xff, 0xff, 0xff, 0xff, 0xff, 0x11, 0x42, 0xff, 0xff, 0xff, 0xff, 0xff, 0x6f ] ],
      [ [ 0x0, 0x1, 0xff, 0xff, 0xff, 0xff, 0xff, 0x42, 0x36, 0xff, 0xff, 0xff, 0xff, 0xff, 0xce ] ],
      [ [ 0x0, 0x0, 0xff, 0xff, 0xff, 0xff, 0xff, 0xea, 0xef, 0xff, 0xff, 0xff, 0xff, 0xff, 0xff ] ],
      [ [ 0x0, 0x0, 0xff, 0xff, 0xff, 0xff, 0xff, 0xff, 0xff, 0xff, 0xff, 0xff, 0xff, 0xff, 0xff ] ],
      [ [ 0x0, 0x0, 0xff, 0xff, 0xff, 0xff, 0xff, 0xff, 0xff, 0xff, 0xff, 0xff, 0xff, 0xff, 0xff ] ],
      [ [ 0x0, 0x0, 0xff, 0xff, 0xff, 0xff, 0xff, 0xff, 0xff, 0xff, 0xff, 0xff, 0xff, 0xff, 0xff ] ]
    ]
  ],
  [
    'F',
    [
      [ [ 0xff, 0xff, 0xff, 0xff, 0xff, 0xff, 0xff, 0xff, 0xff, 0xff, 0xff, 0xff, 0xff, 0xff, 0xff ] ],
      [ [ 0xff, 0xff, 0xff, 0xff, 0xff, 0xff, 0xff, 0xff, 0xff, 0xff, 0xff, 0xff, 0xff, 0xff, 0xff ] ],
      [ [ 0xff, 0xff, 0xff, 0xff, 0xff, 0xff, 0xff, 0xff, 0xff, 0xff, 0xff, 0xff, 0xff, 0xff, 0xff ] ],
      [ [ 0xff, 0xff, 0xff, 0xff, 0xff, 0xff, 0xff, 0xff, 0xff, 0xff, 0xff, 0xff, 0xff, 0xff, 0xff ] ],
      [ [ 0xff, 0xff, 0xff, 0xff, 0xff, 0xff, 0xff, 0xff, 0xff, 0xff, 0xff, 0xff, 0xff, 0xff, 0xff ] ],
      [ [ 0xff, 0xff, 0xff, 0xff, 0xff, 0xff, 0xff, 0xff, 0xff, 0xff, 0xff, 0xff, 0xff, 0xff, 0xff ] ],
      [ [ 0xff, 0xff, 0xff, 0xff, 0xff, 0xff, 0xff, 0xff, 0xff, 0xff, 0xff, 0xff, 0xff, 0xff, 0xff ] ],
      [ [ 0xff, 0xff, 0xff, 0xff, 0xff, 0xff, 0xff, 0xff, 0xff, 0xff, 0xff, 0xff, 0xff, 0xff, 0xff ] ],
      [ [ 0xff, 0xff, 0xff, 0xff, 0xff, 0xff, 0x91, 0x3e, 0x11, 0x5, 0x1, 0x0, 0x3, 0x12, 0x43 ] ],
      [ [ 0xff, 0xff, 0xff, 0xff, 0x6b, 0x8, 0x0, 0xe, 0x57, 0xa3, 0xc5, 0xb2, 0x82, 0x2e, 0x1 ] ],
      [ [ 0xff, 0xff, 0xd7, 0x17, 0x0, 0x1, 0x7a, 0xff, 0xff, 0xff, 0xff, 0xff, 0xff, 0xff, 0xdc ] ],
      [ [ 0xff, 0xde, 0x9, 0x0, 0x2, 0xb5, 0xff, 0xff, 0xff, 0xff, 0xff, 0xff, 0xff, 0xff, 0xff ] ],
      [ [ 0xff, 0x11, 0x0, 0x0, 0x8e, 0xff, 0xff, 0xff, 0xff, 0xff, 0xff, 0xff, 0xff, 0xff, 0xff ] ],
      [ [ 0x6a, 0x0, 0x0, 0x21, 0xff, 0xff, 0xff, 0xff, 0xff, 0xff, 0xff, 0xff, 0xff, 0xff, 0xff ] ],
      [ [ 0x7, 0x0, 0x0, 0xb0, 0xff, 0xff, 0xff, 0xff, 0xff, 0xff, 0xff, 0xff, 0xff, 0xff, 0xff ] ],
      [ [ 0x0, 0x0, 0x6, 0xff, 0xff, 0xff, 0xff, 0xff, 0xff, 0xff, 0xff, 0xff, 0xff, 0xff, 0xff ] ],
      [ [ 0x0, 0x0, 0x20, 0xff, 0xff, 0xff, 0xff, 0xff, 0xff, 0xff, 0xff, 0xff, 0xff, 0xff, 0xff ] ],
      [ [ 0x0, 0x0, 0x34, 0xff, 0xff, 0xff, 0xff, 0xff, 0xff, 0xff, 0xff, 0xff, 0xff, 0xff, 0xff ] ],
      [ [ 0x0, 0x0, 0x32, 0xff, 0xff, 0xff, 0xff, 0xff, 0xff, 0xff, 0xff, 0xff, 0xff, 0xff, 0xff ] ],
      [ [ 0x0, 0x0, 0x23, 0xff, 0xff, 0xff, 0xff, 0xff, 0xff, 0xff, 0xff, 0xff, 0xff, 0xf1, 0xc0 ] ],
      [ [ 0x0, 0x0, 0x10, 0xff, 0xff, 0xff, 0xff, 0xff, 0xff, 0xff, 0xff, 0xff, 0xff, 0x81, 0x0 ] ],
      [ [ 0x0, 0x0, 0x0, 0xf1, 0xff, 0xff, 0xff, 0xff, 0xff, 0xff, 0xff, 0xff, 0xff, 0xff, 0xff ] ],
      [ [ 0x9, 0x0, 0x0, 0x86, 0xff, 0xff, 0xff, 0xff, 0xff, 0xff, 0xff, 0xff, 0xff, 0xff, 0xff ] ],
      [ [ 0x6e, 0x0, 0x0, 0x13, 0xff, 0xff, 0xff, 0xff, 0xff, 0xff, 0xff, 0xff, 0xff, 0xff, 0xff ] ],
      [ [ 0xfb, 0x10, 0x0, 0x0, 0x82, 0xff, 0xff, 0xff, 0xff, 0xff, 0xff, 0xff, 0xff, 0xff, 0xff ] ],
      [ [ 0xff, 0xd1, 0x4, 0x0, 0x1, 0xad, 0xff, 0xff, 0xff, 0xff, 0xff, 0xff, 0xff, 0xff, 0xff ] ]
    ]
  ],
  [
    'G',
    [
      [ [ 0xff, 0xff, 0xff, 0xff, 0xff, 0xff, 0xff, 0xff, 0xff, 0xff, 0xff, 0xff, 0xff, 0xff, 0xff ] ],
      [ [ 0xff, 0xff, 0xff, 0xff, 0xff, 0xff, 0xff, 0xff, 0xff, 0xff, 0xff, 0xff, 0xff, 0xff, 0xff ] ],
      [ [ 0xff, 0xff, 0xff, 0xff, 0xff, 0xff, 0xff, 0xff, 0xff, 0xff, 0xff, 0xff, 0xff, 0xff, 0xff ] ],
      [ [ 0xff, 0xff, 0xff, 0xff, 0xff, 0xff, 0xff, 0xff, 0xff, 0xff, 0xff, 0xff, 0xff, 0xff, 0xff ] ],
      [ [ 0xff, 0xff, 0xff, 0xff, 0xff, 0xff, 0xff, 0xff, 0xff, 0xff, 0xff, 0xff, 0xff, 0xff, 0xff ] ],
      [ [ 0xff, 0xff, 0xff, 0xff, 0xff, 0xff, 0xff, 0xff, 0xff, 0xff, 0xff, 0xff, 0xff, 0xff, 0xff ] ],
      [ [ 0xff, 0xff, 0xff, 0xff, 0xff, 0xff, 0xff, 0xff, 0xff, 0xff, 0xff, 0xff, 0xff, 0xff, 0xff ] ],
      [ [ 0xff, 0xff, 0xff, 0xff, 0xff, 0xff, 0xff, 0xff, 0xff, 0xff, 0xff, 0xff, 0xff, 0xff, 0xff ] ],
      [ [ 0xbc, 0xff, 0xff, 0xfb, 0xff, 0xff, 0xff, 0xff, 0xff, 0x2, 0x0, 0x1, 0x2, 0x2, 0x2 ] ],
      [ [ 0x0, 0x1c, 0x8b, 0x7, 0xff, 0xff, 0xff, 0xff, 0xff, 0xba, 0xab, 0x3c, 0x0, 0x0, 0x0 ] ],
      [ [ 0x20, 0x0, 0x0, 0x0, 0xfd, 0xff, 0xff, 0xff, 0xff, 0xff, 0xff, 0xd3, 0x0, 0x0, 0x6 ] ],
      [ [ 0xff, 0x25, 0x0, 0x0, 0xf5, 0xff, 0xff, 0xff, 0xff, 0xff, 0xff, 0xe8, 0x0, 0x0, 0x8 ] ],
      [ [ 0xff, 0xe6, 0x4, 0x0, 0xed, 0xff, 0xff, 0xff, 0xff, 0xff, 0xff, 0xed, 0x0, 0x0, 0xa ] ],
      [ [ 0xff, 0xff, 0x6f, 0x0, 0xe4, 0xff, 0xff, 0xff, 0xff, 0xff, 0xff, 0xf5, 0x0, 0x0, 0xb ] ],
      [ [ 0xff, 0xff, 0xf3, 0x7, 0xe6, 0xff, 0xff, 0xff, 0xff, 0xff, 0xff, 0xfb, 0x0, 0x0, 0xc ] ],
      [ [ 0xff, 0xff, 0xff, 0xff, 0xff, 0xff, 0xff, 0xff, 0xff, 0xff, 0xff, 0xff, 0x0, 0x0, 0xd ] ],
      [ [ 0xff, 0xff, 0xff, 0xff, 0xff, 0xff, 0xff, 0xff, 0xff, 0xff, 0xff, 0xff, 0x0, 0x0, 0xe ] ],
      [ [ 0xff, 0xff, 0xff, 0xff, 0xff, 0xff, 0xff, 0xff, 0xff, 0xff, 0xff, 0xff, 0x0, 0x0, 0x8 ] ],
      [ [ 0xff, 0xff, 0xff, 0xff, 0xff, 0xff, 0xff, 0xff, 0xff, 0xff, 0xff, 0xff, 0x0, 0x0, 0x0 ] ],
      [ [ 0xcc, 0xd5, 0xd9, 0xd9, 0xd0, 0xc1, 0xe8, 0xff, 0xff, 0xff, 0xff, 0xff, 0x0, 0x0, 0xb ] ],
      [ [ 0x0, 0x0, 0x0, 0x0, 0x0, 0x0, 0x54, 0xff, 0xff, 0xff, 0xff, 0xff, 0x0, 0x0, 0xf ] ],
      [ [ 0xce, 0x5, 0x0, 0x0, 0x62, 0xff, 0xff, 0xff, 0xff, 0xff, 0xff, 0xfb, 0x0, 0x0, 0xe ] ],
      [ [ 0xff, 0x22, 0x0, 0x0, 0xbc, 0xff, 0xff, 0xff, 0xff, 0xff, 0xff, 0xf5, 0x0, 0x0, 0xc ] ],
      [ [ 0xff, 0x25, 0x0, 0x0, 0xbe, 0xff, 0xff, 0xff, 0xff, 0xff, 0xff, 0xef, 0x0, 0x0, 0xc ] ],
      [ [ 0xff, 0x23, 0x0, 0x0, 0xbe, 0xff, 0xff, 0xff, 0xff, 0xff, 0xff, 0xea, 0x0, 0x0, 0xb ] ],
      [ [ 0xff, 0x18, 0x0, 0x0, 0xbc, 0xff, 0xff, 0xff, 0xff, 0xff, 0xff, 0xe2, 0x0, 0x0, 0x9 ] ]
    ]
  ],
  [
    'H',
    [
      [ [ 0xff, 0xff, 0xff, 0xff, 0xff, 0xff, 0xff, 0xff, 0xff, 0xff, 0xff, 0xff, 0xff, 0xff, 0xff ] ],
      [ [ 0xff, 0xff, 0xff, 0xff, 0xff, 0xff, 0xff, 0xff, 0xff, 0xff, 0xff, 0xff, 0xff, 0xff, 0xff ] ],
      [ [ 0xff, 0xff, 0xff, 0xff, 0xff, 0xff, 0xff, 0xff, 0xff, 0xff, 0xff, 0xff, 0xff, 0xff, 0xff ] ],
      [ [ 0xff, 0xff, 0xff, 0xff, 0xff, 0xff, 0xff, 0xff, 0xff, 0xff, 0xff, 0xff, 0xff, 0xff, 0xff ] ],
      [ [ 0xff, 0xff, 0xff, 0xff, 0xff, 0xff, 0xff, 0xff, 0xff, 0xff, 0xff, 0xff, 0xff, 0xff, 0xff ] ],
      [ [ 0xff, 0xff, 0xff, 0xff, 0xff, 0xff, 0xff, 0xff, 0xff, 0xff, 0xff, 0xff, 0xff, 0xff, 0xff ] ],
      [ [ 0xff, 0xff, 0xff, 0xff, 0xff, 0xff, 0xff, 0xff, 0xff, 0xff, 0xff, 0xff, 0xff, 0xff, 0xff ] ],
      [ [ 0xff, 0xff, 0xff, 0xff, 0xff, 0xff, 0xff, 0xff, 0xff, 0xff, 0xff, 0xff, 0xff, 0xff, 0xff ] ],
      [ [ 0x1, 0x0, 0x12, 0xff, 0xff, 0xff, 0xff, 0xff, 0xf9, 0x0, 0x1, 0x2, 0x2, 0x2, 0x2 ] ],
      [ [ 0x78, 0xb0, 0xcc, 0xff, 0xff, 0xff, 0xff, 0xff, 0xff, 0xb7, 0xa8, 0x1c, 0x0, 0x0, 0x4 ] ],
      [ [ 0xff, 0xff, 0xff, 0xff, 0xff, 0xff, 0xff, 0xff, 0xff, 0xff, 0xff, 0x7b, 0x0, 0x0, 0x18 ] ],
      [ [ 0xff, 0xff, 0xff, 0xff, 0xff, 0xff, 0xff, 0xff, 0xff, 0xff, 0xff, 0x8e, 0x0, 0x0, 0x20 ] ],
      [ [ 0xff, 0xff, 0xff, 0xff, 0xff, 0xff, 0xff, 0xff, 0xff, 0xff, 0xff, 0x94, 0x0, 0x0, 0x23 ] ],
      [ [ 0xff, 0xff, 0xff, 0xff, 0xff, 0xff, 0xff, 0xff, 0xff, 0xff, 0xff, 0x9b, 0x0, 0x0, 0x24 ] ],
      [ [ 0xff, 0xff, 0xff, 0xff, 0xff, 0xff, 0xff, 0xff, 0xff, 0xff, 0xff, 0xa3, 0x0, 0x0, 0x26 ] ],
      [ [ 0xff, 0xff, 0xff, 0xff, 0xff, 0xff, 0xff, 0xff, 0xff, 0xff, 0xff, 0xa8, 0x0, 0x0, 0x28 ] ],
      [ [ 0xff, 0xff, 0xff, 0xff, 0xff, 0xff, 0xff, 0xff, 0xff, 0xff, 0xff, 0xad, 0x0, 0x0, 0x29 ] ],
      [ [ 0xd7, 0xda, 0xda, 0xda, 0xda, 0xda, 0xda, 0xda, 0xda, 0xda, 0xda, 0x81, 0x0, 0x0, 0x2b ] ],
      [ [ 0x0, 0x0, 0x0, 0x0, 0x0, 0x0, 0x0, 0x0, 0x0, 0x0, 0x0, 0x0, 0x0, 0x0, 0x2b ] ],
      [ [ 0xfd, 0xff, 0xff, 0xff, 0xff, 0xff, 0xff, 0xff, 0xff, 0xff, 0xff, 0x9f, 0x0, 0x0, 0x2a ] ],
      [ [ 0xff, 0xff, 0xff, 0xff, 0xff, 0xff, 0xff, 0xff, 0xff, 0xff, 0xff, 0xad, 0x0, 0x0, 0x28 ] ],
      [ [ 0xff, 0xff, 0xff, 0xff, 0xff, 0xff, 0xff, 0xff, 0xff, 0xff, 0xff, 0xa8, 0x0, 0x0, 0x26 ] ],
      [ [ 0xff, 0xff, 0xff, 0xff, 0xff, 0xff, 0xff, 0xff, 0xff, 0xff, 0xff, 0xa3, 0x0, 0x0, 0x23 ] ],
      [ [ 0xff, 0xff, 0xff, 0xff, 0xff, 0xff, 0xff, 0xff, 0xff, 0xff, 0xff, 0x9f, 0x0, 0x0, 0x21 ] ],
      [ [ 0xff, 0xff, 0xff, 0xff, 0xff, 0xff, 0xff, 0xff, 0xff, 0xff, 0xff, 0x98, 0x0, 0x0, 0x1f ] ],
      [ [ 0xff, 0xff, 0xff, 0xff, 0xff, 0xff, 0xff, 0xff, 0xff, 0xff, 0xff, 0x91, 0x0, 0x0, 0x1c ] ]
    ]
  ],
  [
    'I',
    [
      [ [ 0xff, 0xff, 0xff, 0xff, 0xff, 0xff, 0xff, 0xff, 0xff, 0xff, 0xff, 0xff, 0xff, 0xff, 0xff ] ],
      [ [ 0xff, 0xff, 0xff, 0xff, 0xff, 0xff, 0xff, 0xff, 0xff, 0xff, 0xff, 0xff, 0xff, 0xff, 0xff ] ],
      [ [ 0xff, 0xff, 0xff, 0xff, 0xff, 0xff, 0xff, 0xff, 0xff, 0xff, 0xff, 0xff, 0xff, 0xff, 0xff ] ],
      [ [ 0xff, 0xff, 0xff, 0xff, 0xff, 0xff, 0xff, 0xff, 0xff, 0xff, 0xff, 0xff, 0xff, 0xff, 0xff ] ],
      [ [ 0xff, 0xff, 0xff, 0xff, 0xff, 0xff, 0xff, 0xff, 0xff, 0xff, 0xff, 0xff, 0xff, 0xff, 0xff ] ],
      [ [ 0xff, 0xff, 0xff, 0xff, 0xff, 0xff, 0xff, 0xff, 0xff, 0xff, 0xff, 0xff, 0xff, 0xff, 0xff ] ],
      [ [ 0xff, 0xff, 0xff, 0xff, 0xff, 0xff, 0xff, 0xff, 0xff, 0xff, 0xff, 0xff, 0xff, 0xff, 0xff ] ],
      [ [ 0xff, 0xff, 0xff, 0xff, 0xff, 0xff, 0xff, 0xff, 0xff, 0xff, 0xff, 0xff, 0xff, 0xff, 0xff ] ],
      [ [ 0x1, 0x0, 0xaf, 0xff, 0x60, 0x0, 0x1, 0x2, 0x2, 0x2, 0x2, 0x1, 0x0, 0x17, 0xff ] ],
      [ [ 0x9f, 0xb0, 0xf9, 0xff, 0xe8, 0xb0, 0xab, 0x5d, 0x0, 0x0, 0x0, 0x53, 0xaf, 0xce, 0xff ] ],
      [ [ 0xff, 0xff, 0xff, 0xff, 0xff, 0xff, 0xff, 0xff, 0x2, 0x0, 0x0, 0xed, 0xff, 0xff, 0xff ] ],
      [ [ 0xff, 0xff, 0xff, 0xff, 0xff, 0xff, 0xff, 0xff, 0x3, 0x0, 0x0, 0xf3, 0xff, 0xff, 0xff ] ],
      [ [ 0xff, 0xff, 0xff, 0xff, 0xff, 0xff, 0xff, 0xff, 0x4, 0x0, 0x0, 0xfb, 0xff, 0xff, 0xff ] ],
      [ [ 0xff, 0xff, 0xff, 0xff, 0xff, 0xff, 0xff, 0xff, 0x6, 0x0, 0x0, 0xff, 0xff, 0xff, 0xff ] ],
      [ [ 0xff, 0xff, 0xff, 0xff, 0xff, 0xff, 0xff, 0xff, 0x7, 0x0, 0x0, 0xff, 0xff, 0xff, 0xff ] ],
      [ [ 0xff, 0xff, 0xff, 0xff, 0xff, 0xff, 0xff, 0xff, 0x8, 0x0, 0x0, 0xff, 0xff, 0xff, 0xff ] ],
      [ [ 0xff, 0xff, 0xff, 0xff, 0xff, 0xff, 0xff, 0xff, 0x9, 0x0, 0x1, 0xff, 0xff, 0xff, 0xff ] ],
      [ [ 0xff, 0xff, 0xff, 0xff, 0xff, 0xff, 0xff, 0xff, 0x9, 0x0, 0x1, 0xff, 0xff, 0xff, 0xff ] ],
      [ [ 0xff, 0xff, 0xff, 0xff, 0xff, 0xff, 0xff, 0xff, 0x9, 0x0, 0x1, 0xff, 0xff, 0xff, 0xff ] ],
      [ [ 0xff, 0xff, 0xff, 0xff, 0xff, 0xff, 0xff, 0xff, 0x8, 0x0, 0x1, 0xff, 0xff, 0xff, 0xff ] ],
      [ [ 0xff, 0xff, 0xff, 0xff, 0xff, 0xff, 0xff, 0xff, 0x8, 0x0, 0x0, 0xff, 0xff, 0xff, 0xff ] ],
      [ [ 0xff, 0xff, 0xff, 0xff, 0xff, 0xff, 0xff, 0xff, 0x7, 0x0, 0x0, 0xff, 0xff, 0xff, 0xff ] ],
      [ [ 0xff, 0xff, 0xff, 0xff, 0xff, 0xff, 0xff, 0xff, 0x6, 0x0, 0x0, 0xff, 0xff, 0xff, 0xff ] ],
      [ [ 0xff, 0xff, 0xff, 0xff, 0xff, 0xff, 0xff, 0xff, 0x5, 0x0, 0x0, 0xfd, 0xff, 0xff, 0xff ] ],
      [ [ 0xff, 0xff, 0xff, 0xff, 0xff, 0xff, 0xff, 0xff, 0x4, 0x0, 0x0, 0xf7, 0xff, 0xff, 0xff ] ],
      [ [ 0xff, 0xff, 0xff, 0xff, 0xff, 0xff, 0xff, 0xff, 0x2, 0x0, 0x0, 0xf1, 0xff, 0xff, 0xff ] ]
    ]
  ],
  [
    'J',
    [
      [ [ 0xff, 0xff, 0xff, 0xff, 0xff, 0xff, 0xff, 0xff, 0xff, 0xff, 0xff, 0xff, 0xff, 0xff, 0xff ] ],
      [ [ 0xff, 0xff, 0xff, 0xff, 0xff, 0xff, 0xff, 0xff, 0xff, 0xff, 0xff, 0xff, 0xff, 0xff, 0xff ] ],
      [ [ 0xff, 0xff, 0xff, 0xff, 0xff, 0xff, 0xff, 0xff, 0xff, 0xff, 0xff, 0xff, 0xff, 0xff, 0xff ] ],
      [ [ 0xff, 0xff, 0xff, 0xff, 0xff, 0xff, 0xff, 0xff, 0xff, 0xff, 0xff, 0xff, 0xff, 0xff, 0xff ] ],
      [ [ 0xff, 0xff, 0xff, 0xff, 0xff, 0xff, 0xff, 0xff, 0xff, 0xff, 0xff, 0xff, 0xff, 0xff, 0xff ] ],
      [ [ 0xff, 0xff, 0xff, 0xff, 0xff, 0xff, 0xff, 0xff, 0xff, 0xff, 0xff, 0xff, 0xff, 0xff, 0xff ] ],
      [ [ 0xff, 0xff, 0xff, 0xff, 0xff, 0xff, 0xff, 0xff, 0xff, 0xff, 0xff, 0xff, 0xff, 0xff, 0xff ] ],
      [ [ 0xff, 0xff, 0xff, 0xff, 0xff, 0xff, 0xff, 0xff, 0xff, 0xff, 0xff, 0xff, 0xff, 0xff, 0xff ] ],
      [ [ 0x81, 0x0, 0x1, 0x2, 0x2, 0x2, 0x2, 0x1, 0x0, 0x4f, 0xff, 0x92, 0x0, 0x1, 0x2 ] ],
      [ [ 0xeb, 0xb0, 0xa3, 0x19, 0x0, 0x0, 0x6, 0x95, 0xb0, 0xe4, 0xff, 0xf5, 0xb0, 0x5b, 0x0 ] ],
      [ [ 0xff, 0xff, 0xff, 0x7b, 0x0, 0x0, 0x28, 0xff, 0xff, 0xff, 0xff, 0xff, 0xff, 0xdc, 0x0 ] ],
      [ [ 0xff, 0xff, 0xff, 0x86, 0x0, 0x0, 0x2e, 0xff, 0xff, 0xff, 0xff, 0xff, 0xff, 0xe4, 0x0 ] ],
      [ [ 0xff, 0xff, 0xff, 0x8b, 0x0, 0x0, 0x30, 0xff, 0xff, 0xff, 0xff, 0xff, 0xff, 0xeb, 0x0 ] ],
      [ [ 0xff, 0xff, 0xff, 0x8f, 0x0, 0x0, 0x33, 0xff, 0xff, 0xff, 0xff, 0xff, 0xff, 0xf3, 0x0 ] ],
      [ [ 0xff, 0xff, 0xff, 0x92, 0x0, 0x0, 0x35, 0xff, 0xff, 0xff, 0xff, 0xff, 0xff, 0xfb, 0x0 ] ],
      [ [ 0xff, 0xff, 0xff, 0x94, 0x0, 0x0, 0x37, 0xff, 0xff, 0xff, 0xff, 0xff, 0xff, 0xff, 0x0 ] ],
      [ [ 0xff, 0xff, 0xff, 0x95, 0x0, 0x0, 0x38, 0xff, 0xff, 0xff, 0xff, 0xff, 0xff, 0xff, 0x0 ] ],
      [ [ 0xff, 0xff, 0xff, 0x95, 0x0, 0x0, 0x39, 0xff, 0xff, 0xff, 0xff, 0xff, 0xff, 0xff, 0x0 ] ],
      [ [ 0xff, 0xff, 0xff, 0x97, 0x0, 0x0, 0x39, 0xff, 0xff, 0xff, 0xff, 0xff, 0xff, 0xff, 0x0 ] ],
      [ [ 0xff, 0xff, 0xff, 0x97, 0x0, 0x0, 0x39, 0xff, 0xff, 0xff, 0xff, 0xff, 0xff, 0xff, 0x0 ] ],
      [ [ 0xff, 0xff, 0xff, 0x9d, 0x0, 0x0, 0x3c, 0xff, 0xff, 0xff, 0xff, 0xff, 0xff, 0xff, 0x0 ] ],
      [ [ 0xff, 0xff, 0xff, 0xa5, 0x0, 0x0, 0x3e, 0xff, 0xff, 0xff, 0xff, 0xff, 0xff, 0xfd, 0x0 ] ],
      [ [ 0xff, 0xff, 0xff, 0xa8, 0x0, 0x0, 0x42, 0xff, 0xff, 0xff, 0xff, 0xff, 0xff, 0xfb, 0x0 ] ],
      [ [ 0xff, 0xff, 0xff, 0xad, 0x0, 0x0, 0x47, 0xff, 0xff, 0xff, 0xff, 0xff, 0xff, 0xf7, 0x0 ] ],
      [ [ 0xff, 0xff, 0xff, 0xb2, 0x0, 0x0, 0x4e, 0xff, 0xff, 0xff, 0xff, 0xff, 0xff, 0xf1, 0x0 ] ],
      [ [ 0xff, 0xff, 0xff, 0xb4, 0x0, 0x0, 0x55, 0xff, 0xff, 0xff, 0xff, 0xff, 0xff, 0xea, 0x0 ] ]
    ]
  ],
  [
    'K',
    [
      [ [ 0xff, 0xff, 0xff, 0xff, 0xff, 0xff, 0xff, 0xff, 0xff, 0xff, 0xff, 0xff, 0xff, 0xff, 0xff ] ],
      [ [ 0xff, 0xff, 0xff, 0xff, 0xff, 0xff, 0xff, 0xff, 0xff, 0xff, 0xff, 0xff, 0xff, 0xff, 0xff ] ],
      [ [ 0xff, 0xff, 0xff, 0xff, 0xff, 0xff, 0xff, 0xff, 0xff, 0xff, 0xff, 0xff, 0xff, 0xff, 0xff ] ],
      [ [ 0xff, 0xff, 0xff, 0xff, 0xff, 0xff, 0xff, 0xff, 0xff, 0xff, 0xff, 0xff, 0xff, 0xff, 0xff ] ],
      [ [ 0xff, 0xff, 0xff, 0xff, 0xff, 0xff, 0xff, 0xff, 0xff, 0xff, 0xff, 0xff, 0xff, 0xff, 0xff ] ],
      [ [ 0xff, 0xff, 0xff, 0xff, 0xff, 0xff, 0xff, 0xff, 0xff, 0xff, 0xff, 0xff, 0xff, 0xff, 0xff ] ],
      [ [ 0xff, 0xff, 0xff, 0xff, 0xff, 0xff, 0xff, 0xff, 0xff, 0xff, 0xff, 0xff, 0xff, 0xff, 0xff ] ],
      [ [ 0xff, 0xff, 0xff, 0xff, 0xff, 0xff, 0xff, 0xff, 0xff, 0xff, 0xff, 0xff, 0xff, 0xff, 0xff ] ],
      [ [ 0x2, 0x2, 0x1, 0x0, 0xd3, 0xff, 0xff, 0xff, 0xff, 0x6, 0x1, 0x2, 0x2, 0x1, 0x12 ] ],
      [ [ 0x0, 0x1, 0x97, 0xb2, 0xff, 0xff, 0xff, 0xff, 0xff, 0xbc, 0x0, 0x0, 0x26, 0x92, 0xcc ] ],
      [ [ 0x0, 0xb, 0xff, 0xff, 0xff, 0xff, 0xff, 0xff, 0xff, 0x31, 0x0, 0x5c, 0xff, 0xff, 0xff ] ],
      [ [ 0x0, 0xd, 0xff, 0xff, 0xff, 0xff, 0xff, 0xff, 0x66, 0x0, 0x56, 0xff, 0xff, 0xff, 0xff ] ],
      [ [ 0x0, 0xf, 0xff, 0xff, 0xff, 0xff, 0xff, 0xa0, 0x0, 0x44, 0xff, 0xff, 0xff, 0xff, 0xff ] ],
      [ [ 0x0, 0x11, 0xff, 0xff, 0xff, 0xff, 0xd0, 0x3, 0x2e, 0xff, 0xff, 0xff, 0xff, 0xff, 0xff ] ],
      [ [ 0x0, 0x12, 0xff, 0xff, 0xff, 0xef, 0xc, 0x1a, 0xfb, 0xff, 0xff, 0xff, 0xff, 0xff, 0xff ] ],
      [ [ 0x0, 0x14, 0xff, 0xff, 0xff, 0x20, 0xd, 0xed, 0xff, 0xff, 0xff, 0xff, 0xff, 0xff, 0xff ] ],
      [ [ 0x0, 0x14, 0xff, 0xff, 0x40, 0x4, 0xd7, 0xff, 0xff, 0xff, 0xff, 0xff, 0xff, 0xff, 0xff ] ],
      [ [ 0x0, 0x15, 0xd3, 0x40, 0x0, 0x49, 0xff, 0xff, 0xff, 0xff, 0xff, 0xff, 0xff, 0xff, 0xff ] ],
      [ [ 0x0, 0x0, 0x1, 0x0, 0x0, 0x0, 0x9f, 0xff, 0xff, 0xff, 0xff, 0xff, 0xff, 0xff, 0xff ] ],
      [ [ 0x0, 0x15, 0xff, 0x73, 0x0, 0x0, 0x3, 0xcc, 0xff, 0xff, 0xff, 0xff, 0xff, 0xff, 0xff ] ],
      [ [ 0x0, 0x15, 0xff, 0xff, 0x55, 0x0, 0x0, 0xb, 0xed, 0xff, 0xff, 0xff, 0xff, 0xff, 0xff ] ],
      [ [ 0x0, 0x14, 0xff, 0xff, 0xff, 0x23, 0x0, 0x0, 0x1f, 0xff, 0xff, 0xff, 0xff, 0xff, 0xff ] ],
      [ [ 0x0, 0x14, 0xff, 0xff, 0xff, 0xed, 0x9, 0x0, 0x0, 0x45, 0xff, 0xff, 0xff, 0xff, 0xff ] ],
      [ [ 0x0, 0x13, 0xff, 0xff, 0xff, 0xff, 0xc1, 0x1, 0x0, 0x0, 0x78, 0xff, 0xff, 0xff, 0xff ] ],
      [ [ 0x0, 0x11, 0xff, 0xff, 0xff, 0xff, 0xff, 0x78, 0x0, 0x0, 0x1, 0xab, 0xff, 0xff, 0xff ] ],
      [ [ 0x0, 0x10, 0xff, 0xff, 0xff, 0xff, 0xff, 0xff, 0x35, 0x0, 0x0, 0x4, 0xd7, 0xff, 0xff ] ]
    ]
  ],
  [
    'L',
    [
      [ [ 0xff, 0xff, 0xff, 0xff, 0xff, 0xff, 0xff, 0xff, 0xff, 0xff, 0xff, 0xff, 0xff, 0xff, 0xff ] ],
      [ [ 0xff, 0xff, 0xff, 0xff, 0xff, 0xff, 0xff, 0xff, 0xff, 0xff, 0xff, 0xff, 0xff, 0xff, 0xff ] ],
      [ [ 0xff, 0xff, 0xff, 0xff, 0xff, 0xff, 0xff, 0xff, 0xff, 0xff, 0xff, 0xff, 0xff, 0xff, 0xff ] ],
      [ [ 0xff, 0xff, 0xff, 0xff, 0xff, 0xff, 0xff, 0xff, 0xff, 0xff, 0xff, 0xff, 0xff, 0xff, 0xff ] ],
      [ [ 0xff, 0xff, 0xff, 0xff, 0xff, 0xff, 0xff, 0xff, 0xff, 0xff, 0xff, 0xff, 0xff, 0xff, 0xff ] ],
      [ [ 0xff, 0xff, 0xff, 0xff, 0xff, 0xff, 0xff, 0xff, 0xff, 0xff, 0xff, 0xff, 0xff, 0xff, 0xff ] ],
      [ [ 0xff, 0xff, 0xff, 0xff, 0xff, 0xff, 0xff, 0xff, 0xff, 0xff, 0xff, 0xff, 0xff, 0xff, 0xff ] ],
      [ [ 0xff, 0xff, 0xff, 0xff, 0xff, 0xff, 0xff, 0xff, 0xff, 0xff, 0xff, 0xff, 0xff, 0xff, 0xff ] ],
      [ [ 0xff, 0xff, 0x2a, 0x0, 0x1, 0x2, 0x2, 0x2, 0x2, 0x1, 0x0, 0xb7, 0xff, 0xff, 0xff ] ],
      [ [ 0xff, 0xff, 0xd7, 0xaf, 0x6e, 0x0, 0x0, 0x0, 0x60, 0xaf, 0xb2, 0xfd, 0xff, 0xff, 0xff ] ],
      [ [ 0xff, 0xff, 0xff, 0xff, 0xff, 0x3, 0x0, 0x0, 0xe6, 0xff, 0xff, 0xff, 0xff, 0xff, 0xff ] ],
      [ [ 0xff, 0xff, 0xff, 0xff, 0xff, 0x5, 0x0, 0x0, 0xf3, 0xff, 0xff, 0xff, 0xff, 0xff, 0xff ] ],
      [ [ 0xff, 0xff, 0xff, 0xff, 0xff, 0x6, 0x0, 0x0, 0xfd, 0xff, 0xff, 0xff, 0xff, 0xff, 0xff ] ],
      [ [ 0xff, 0xff, 0xff, 0xff, 0xff, 0x7, 0x0, 0x0, 0xff, 0xff, 0xff, 0xff, 0xff, 0xff, 0xff ] ],
      [ [ 0xff, 0xff, 0xff, 0xff, 0xff, 0x8, 0x0, 0x0, 0xff, 0xff, 0xff, 0xff, 0xff, 0xff, 0xff ] ],
      [ [ 0xff, 0xff, 0xff, 0xff, 0xff, 0x9, 0x0, 0x0, 0xff, 0xff, 0xff, 0xff, 0xff, 0xff, 0xff ] ],
      [ [ 0xff, 0xff, 0xff, 0xff, 0xff, 0x9, 0x0, 0x1, 0xff, 0xff, 0xff, 0xff, 0xff, 0xff, 0xff ] ],
      [ [ 0xff, 0xff, 0xff, 0xff, 0xff, 0x9, 0x0, 0x1, 0xff, 0xff, 0xff, 0xff, 0xff, 0xff, 0xff ] ],
      [ [ 0xff, 0xff, 0xff, 0xff, 0xff, 0x8, 0x0, 0x1, 0xff, 0xff, 0xff, 0xff, 0xff, 0xff, 0xff ] ],
      [ [ 0xff, 0xff, 0xff, 0xff, 0xff, 0x8, 0x0, 0x1, 0xff, 0xff, 0xff, 0xff, 0xff, 0xff, 0xff ] ],
      [ [ 0xff, 0xff, 0xff, 0xff, 0xff, 0x7, 0x0, 0x1, 0xff, 0xff, 0xff, 0xff, 0xff, 0xff, 0xff ] ],
      [ [ 0xff, 0xff, 0xff, 0xff, 0xff, 0x7, 0x0, 0x1, 0xff, 0xff, 0xff, 0xff, 0xff, 0xff, 0xff ] ],
      [ [ 0xff, 0xff, 0xff, 0xff, 0xff, 0x6, 0x0, 0x0, 0xff, 0xff, 0xff, 0xff, 0xff, 0xff, 0xff ] ],
      [ [ 0xff, 0xff, 0xff, 0xff, 0xff, 0x5, 0x0, 0x0, 0xff, 0xff, 0xff, 0xff, 0xff, 0xff, 0xff ] ],
      [ [ 0xff, 0xff, 0xff, 0xff, 0xff, 0x5, 0x0, 0x0, 0xff, 0xff, 0xff, 0xff, 0xff, 0xff, 0xff ] ],
      [ [ 0xff, 0xff, 0xff, 0xff, 0xff, 0x4, 0x0, 0x0, 0xff, 0xff, 0xff, 0xff, 0xff, 0xff, 0xff ] ]
    ]
  ],
  [
    'M',
    [
      [ [ 0xff, 0xff, 0xff, 0xff, 0xff, 0xff, 0xff, 0xff, 0xff, 0xff, 0xff, 0xff, 0xff, 0xff, 0xff ] ],
      [ [ 0xff, 0xff, 0xff, 0xff, 0xff, 0xff, 0xff, 0xff, 0xff, 0xff, 0xff, 0xff, 0xff, 0xff, 0xff ] ],
      [ [ 0xff, 0xff, 0xff, 0xff, 0xff, 0xff, 0xff, 0xff, 0xff, 0xff, 0xff, 0xff, 0xff, 0xff, 0xff ] ],
      [ [ 0xff, 0xff, 0xff, 0xff, 0xff, 0xff, 0xff, 0xff, 0xff, 0xff, 0xff, 0xff, 0xff, 0xff, 0xff ] ],
      [ [ 0xff, 0xff, 0xff, 0xff, 0xff, 0xff, 0xff, 0xff, 0xff, 0xff, 0xff, 0xff, 0xff, 0xff, 0xff ] ],
      [ [ 0xff, 0xff, 0xff, 0xff, 0xff, 0xff, 0xff, 0xff, 0xff, 0xff, 0xff, 0xff, 0xff, 0xff, 0xff ] ],
      [ [ 0xff, 0xff, 0xff, 0xff, 0xff, 0xff, 0xff, 0xff, 0xff, 0xff, 0xff, 0xff, 0xff, 0xff, 0xff ] ],
      [ [ 0xff, 0xff, 0xff, 0xff, 0xff, 0xff, 0xff, 0xff, 0xff, 0xff, 0xff, 0xff, 0xff, 0xff, 0xff ] ],
      [ [ 0xff, 0xff, 0xff, 0xff, 0xff, 0xff, 0x92, 0x0, 0x1, 0x2, 0x2, 0x1, 0x0, 0x6, 0xf3 ] ],
      [ [ 0xff, 0xff, 0xff, 0xff, 0xff, 0xff, 0xf3, 0xb0, 0xaf, 0x68, 0x0, 0x0, 0x0, 0x0, 0x6b ] ],
      [ [ 0xff, 0xff, 0xff, 0xff, 0xff, 0xff, 0xff, 0xff, 0xff, 0xfd, 0x0, 0x23, 0x0, 0x0, 0xd ] ],
      [ [ 0xff, 0xff, 0xff, 0xff, 0xff, 0xff, 0xff, 0xff, 0xff, 0xff, 0x0, 0x97, 0x4, 0x0, 0x0 ] ],
      [ [ 0xff, 0xff, 0xff, 0xff, 0xff, 0xff, 0xff, 0xff, 0xff, 0xff, 0x0, 0xa5, 0x50, 0x0, 0x0 ] ],
      [ [ 0xff, 0xff, 0xff, 0xff, 0xff, 0xff, 0xff, 0xff, 0xff, 0xff, 0x0, 0xad, 0xe6, 0x1, 0x0 ] ],
      [ [ 0xff, 0xff, 0xff, 0xff, 0xff, 0xff, 0xff, 0xff, 0xff, 0xff, 0x1, 0xb4, 0xff, 0x32, 0x0 ] ],
      [ [ 0xff, 0xff, 0xff, 0xff, 0xff, 0xff, 0xff, 0xff, 0xff, 0xff, 0x1, 0xba, 0xff, 0xbe, 0x0 ] ],
      [ [ 0xff, 0xff, 0xff, 0xff, 0xff, 0xff, 0xff, 0xff, 0xff, 0xff, 0x0, 0xc0, 0xff, 0xff, 0x17 ] ],
      [ [ 0xff, 0xff, 0xff, 0xff, 0xff, 0xff, 0xff, 0xff, 0xff, 0xff, 0x0, 0xc3, 0xff, 0xff, 0x82 ] ],
      [ [ 0xff, 0xff, 0xff, 0xff, 0xff, 0xff, 0xff, 0xff, 0xff, 0xff, 0x0, 0xc5, 0xff, 0xff, 0xfd ] ],
      [ [ 0xff, 0xff, 0xff, 0xff, 0xff, 0xff, 0xff, 0xff, 0xff, 0xf5, 0x0, 0xc7, 0xff, 0xff, 0xff ] ],
      [ [ 0xff, 0xff, 0xff, 0xff, 0xff, 0xff, 0xff, 0xff, 0xff, 0xe6, 0x0, 0xc7, 0xff, 0xff, 0xff ] ],
      [ [ 0xff, 0xff, 0xff, 0xff, 0xff, 0xff, 0xff, 0xff, 0xff, 0xd1, 0x0, 0xc7, 0xff, 0xff, 0xff ] ],
      [ [ 0xff, 0xff, 0xff, 0xff, 0xc7, 0xe8, 0xff, 0xff, 0xff, 0xbe, 0x0, 0xc5, 0xff, 0xff, 0xff ] ],
      [ [ 0xff, 0xff, 0xff, 0xff, 0x12, 0x95, 0xff, 0xff, 0xff, 0xab, 0x0, 0xc1, 0xff, 0xff, 0xff ] ],
      [ [ 0xff, 0xff, 0xff, 0x94, 0x1, 0xf5, 0xff, 0xff, 0xff, 0x92, 0x0, 0xbc, 0xff, 0xff, 0xff ] ],
      [ [ 0xff, 0xff, 0xf5, 0x9, 0x14, 0xff, 0xff, 0xff, 0xff, 0x70, 0x0, 0xab, 0xff, 0xff, 0xff ] ]
    ]
  ],
  [
    'N',
    [
      [ [ 0xff, 0xff, 0xff, 0xff, 0xff, 0xff, 0xff, 0xff, 0xff, 0xff, 0xff, 0xff, 0xff, 0xff, 0xff ] ],
      [ [ 0xff, 0xff, 0xff, 0xff, 0xff, 0xff, 0xff, 0xff, 0xff, 0xff, 0xff, 0xff, 0xff, 0xff, 0xff ] ],
      [ [ 0xff, 0xff, 0xff, 0xff, 0xff, 0xff, 0xff, 0xff, 0xff, 0xff, 0xff, 0xff, 0xff, 0xff, 0xff ] ],
      [ [ 0xff, 0xff, 0xff, 0xff, 0xff, 0xff, 0xff, 0xff, 0xff, 0xff, 0xff, 0xff, 0xff, 0xff, 0xff ] ],
      [ [ 0xff, 0xff, 0xff, 0xff, 0xff, 0xff, 0xff, 0xff, 0xff, 0xff, 0xff, 0xff, 0xff, 0xff, 0xff ] ],
      [ [ 0xff, 0xff, 0xff, 0xff, 0xff, 0xff, 0xff, 0xff, 0xff, 0xff, 0xff, 0xff, 0xff, 0xff, 0xff ] ],
      [ [ 0xff, 0xff, 0xff, 0xff, 0xff, 0xff, 0xff, 0xff, 0xff, 0xff, 0xff, 0xff, 0xff, 0xff, 0xff ] ],
      [ [ 0xff, 0xff, 0xff, 0xff, 0xff, 0xff, 0xff, 0xff, 0xff, 0xff, 0xff, 0xff, 0xff, 0xff, 0xff ] ],
      [ [ 0xff, 0xff, 0xff, 0xff, 0xff, 0xff, 0xff, 0xff, 0xff, 0xff, 0xff, 0xff, 0xa3, 0x2, 0x2 ] ],
      [ [ 0xff, 0xff, 0xff, 0xff, 0xff, 0xff, 0xff, 0xff, 0xff, 0xff, 0xff, 0xff, 0x26, 0x0, 0x0 ] ],
      [ [ 0xff, 0xff, 0xff, 0xff, 0xff, 0xff, 0xff, 0xff, 0xff, 0xff, 0xff, 0xd3, 0x0, 0x30, 0x0 ] ],
      [ [ 0xa0, 0xff, 0xff, 0xff, 0xff, 0xff, 0xff, 0xff, 0xff, 0xff, 0xff, 0x3e, 0x1f, 0x5e, 0x0 ] ],
      [ [ 0x23, 0xff, 0xff, 0xff, 0xff, 0xff, 0xff, 0xff, 0xff, 0xff, 0xeb, 0x2, 0xab, 0x63, 0x0 ] ],
      [ [ 0x0, 0xd5, 0xff, 0xff, 0xff, 0xff, 0xff, 0xff, 0xff, 0xff, 0x54, 0x17, 0xff, 0x66, 0x0 ] ],
      [ [ 0x0, 0x44, 0xff, 0xff, 0xff, 0xff, 0xff, 0xff, 0xff, 0xf9, 0x4, 0x95, 0xff, 0x66, 0x0 ] ],
      [ [ 0x0, 0x3, 0xf7, 0xff, 0xff, 0xff, 0xff, 0xff, 0xff, 0x6a, 0xe, 0xff, 0xff, 0x67, 0x0 ] ],
      [ [ 0x0, 0x0, 0x70, 0xff, 0xff, 0xff, 0xff, 0xff, 0xfd, 0x8, 0x7c, 0xff, 0xff, 0x68, 0x0 ] ],
      [ [ 0x0, 0x0, 0xf, 0xff, 0xff, 0xff, 0xff, 0xff, 0x7f, 0x7, 0xfd, 0xff, 0xff, 0x68, 0x0 ] ],
      [ [ 0x5, 0x0, 0x0, 0xa8, 0xff, 0xff, 0xff, 0xff, 0x12, 0x65, 0xff, 0xff, 0xff, 0x6a, 0x0 ] ],
      [ [ 0x4d, 0x0, 0x0, 0x26, 0xff, 0xff, 0xff, 0xaa, 0x4, 0xf5, 0xff, 0xff, 0xff, 0x68, 0x0 ] ],
      [ [ 0xdc, 0x0, 0x0, 0x0, 0xda, 0xff, 0xff, 0x23, 0x4f, 0xff, 0xff, 0xff, 0xff, 0x67, 0x0 ] ],
      [ [ 0xff, 0x26, 0x0, 0x0, 0x49, 0xff, 0xcc, 0x2, 0xe6, 0xff, 0xff, 0xff, 0xff, 0x66, 0x0 ] ],
      [ [ 0xff, 0xa2, 0x0, 0x0, 0x4, 0xf9, 0x35, 0x36, 0xff, 0xff, 0xff, 0xff, 0xff, 0x65, 0x0 ] ],
      [ [ 0xff, 0xff, 0xc, 0x0, 0x0, 0x5d, 0x1, 0xc8, 0xff, 0xff, 0xff, 0xff, 0xff, 0x62, 0x0 ] ],
      [ [ 0xff, 0xff, 0x66, 0x0, 0x0, 0x0, 0x20, 0xff, 0xff, 0xff, 0xff, 0xff, 0xff, 0x60, 0x0 ] ],
      [ [ 0xff, 0xff, 0xef, 0x2, 0x0, 0x0, 0xa2, 0xff, 0xff, 0xff, 0xff, 0xff, 0xff, 0x5c, 0x0 ] ]
    ]
  ],
  [
    'O',
    [
      [ [ 0xff, 0xff, 0xff, 0xff, 0xff, 0xff, 0xff, 0xff, 0xff, 0xff, 0xff, 0xff, 0xff, 0xff, 0xff ] ],
      [ [ 0xff, 0xff, 0xff, 0xff, 0xff, 0xff, 0xff, 0xff, 0xff, 0xff, 0xff, 0xff, 0xff, 0xff, 0xff ] ],
      [ [ 0xff, 0xff, 0xff, 0xff, 0xff, 0xff, 0xff, 0xff, 0xff, 0xff, 0xff, 0xff, 0xff, 0xff, 0xff ] ],
      [ [ 0xff, 0xff, 0xff, 0xff, 0xff, 0xff, 0xff, 0xff, 0xff, 0xff, 0xff, 0xff, 0xff, 0xff, 0xff ] ],
      [ [ 0xff, 0xff, 0xff, 0xff, 0xff, 0xff, 0xff, 0xff, 0xff, 0xff, 0xff, 0xff, 0xff, 0xff, 0xff ] ],
      [ [ 0xff, 0xff, 0xff, 0xff, 0xff, 0xff, 0xff, 0xff, 0xff, 0xff, 0xff, 0xff, 0xff, 0xff, 0xff ] ],
      [ [ 0xff, 0xff, 0xff, 0xff, 0xff, 0xff, 0xff, 0xff, 0xff, 0xff, 0xff, 0xff, 0xff, 0xff, 0xff ] ],
      [ [ 0xff, 0xff, 0xff, 0xff, 0xff, 0xff, 0xff, 0xff, 0xff, 0xff, 0xff, 0xff, 0xff, 0xff, 0xff ] ],
      [ [ 0x2, 0x1, 0x1, 0x0, 0xef, 0x74, 0x0, 0x1, 0x2, 0x2, 0x1, 0x26, 0xf9, 0xff, 0xff ] ],
      [ [ 0x0, 0x10, 0xa7, 0xb9, 0xff, 0xeb, 0xa8, 0x74, 0x4, 0x0, 0x0, 0x0, 0x37, 0xff, 0xff ] ],
      [ [ 0x0, 0x42, 0xff, 0xff, 0xff, 0xff, 0xff, 0xff, 0x8c, 0x0, 0x0, 0x0, 0x0, 0x72, 0xff ] ],
      [ [ 0x0, 0x49, 0xff, 0xff, 0xff, 0xff, 0xff, 0xff, 0xf3, 0x0, 0x8, 0x0, 0x0, 0x1, 0xaf ] ],
      [ [ 0x0, 0x4c, 0xff, 0xff, 0xff, 0xff, 0xff, 0xff, 0xff, 0x1, 0xa8, 0x6, 0x0, 0x0, 0x5 ] ],
      [ [ 0x0, 0x4f, 0xff, 0xff, 0xff, 0xff, 0xff, 0xff, 0xff, 0x1, 0xc5, 0xb7, 0x1, 0x0, 0x0 ] ],
      [ [ 0x0, 0x54, 0xff, 0xff, 0xff, 0xff, 0xff, 0xff, 0xff, 0x1, 0xc5, 0xff, 0x81, 0x0, 0x0 ] ],
      [ [ 0x0, 0x56, 0xff, 0xff, 0xff, 0xff, 0xff, 0xff, 0xff, 0x1, 0xc5, 0xff, 0xff, 0x4b, 0x0 ] ],
      [ [ 0x0, 0x5a, 0xff, 0xff, 0xff, 0xff, 0xff, 0xff, 0xff, 0x1, 0xc5, 0xff, 0xff, 0xff, 0x23 ] ],
      [ [ 0x0, 0x5b, 0xff, 0xff, 0xff, 0xff, 0xff, 0xff, 0xff, 0x1, 0xc5, 0xff, 0xff, 0xff, 0xf1 ] ],
      [ [ 0x0, 0x5b, 0xff, 0xff, 0xff, 0xff, 0xff, 0xff, 0xff, 0x0, 0xc1, 0xff, 0xff, 0xff, 0xff ] ],
      [ [ 0x0, 0x5b, 0xff, 0xff, 0xff, 0xff, 0xff, 0xff, 0xff, 0x0, 0xbc, 0xff, 0xff, 0xff, 0xff ] ],
      [ [ 0x0, 0x5a, 0xff, 0xff, 0xff, 0xff, 0xff, 0xff, 0xff, 0x0, 0xb2, 0xff, 0xff, 0xff, 0xff ] ],
      [ [ 0x0, 0x55, 0xff, 0xff, 0xff, 0xff, 0xff, 0xff, 0xff, 0x0, 0xa5, 0xff, 0xff, 0xff, 0xff ] ],
      [ [ 0x0, 0x52, 0xff, 0xff, 0xff, 0xff, 0xff, 0xff, 0xff, 0x0, 0x95, 0xff, 0xff, 0xff, 0xff ] ],
      [ [ 0x0, 0x4e, 0xff, 0xff, 0xff, 0xff, 0xff, 0xff, 0xff, 0x0, 0x86, 0xff, 0xff, 0xff, 0xff ] ],
      [ [ 0x0, 0x4b, 0xff, 0xff, 0xff, 0xff, 0xff, 0xff, 0xf5, 0x0, 0x76, 0xff, 0xff, 0xff, 0xff ] ],
      [ [ 0x0, 0x48, 0xff, 0xff, 0xff, 0xff, 0xff, 0xff, 0xe6, 0x0, 0x63, 0xff, 0xff, 0xff, 0xff ] ]
    ]
  ],
  [
    'P',
    [
      [ [ 0xff, 0xff, 0xff, 0xff, 0xff, 0xff, 0xff, 0xff, 0xff, 0xff, 0xff, 0xff, 0xff, 0xff, 0xff ] ],
      [ [ 0xff, 0xff, 0xff, 0xff, 0xff, 0xff, 0xff, 0xff, 0xff, 0xff, 0xff, 0xff, 0xff, 0xff, 0xff ] ],
      [ [ 0xff, 0xff, 0xff, 0xff, 0xff, 0xff, 0xff, 0xff, 0xff, 0xff, 0xff, 0xff, 0xff, 0xff, 0xff ] ],
      [ [ 0xff, 0xff, 0xff, 0xff, 0xff, 0xff, 0xff, 0xff, 0xff, 0xff, 0xff, 0xff, 0xff, 0xff, 0xff ] ],
      [ [ 0xff, 0xff, 0xff, 0xff, 0xff, 0xff, 0xff, 0xff, 0xff, 0xff, 0xff, 0xff, 0xff, 0xff, 0xff ] ],
      [ [ 0xff, 0xff, 0xff, 0xff, 0xff, 0xff, 0xff, 0xff, 0xff, 0xff, 0xff, 0xff, 0xff, 0xff, 0xff ] ],
      [ [ 0xff, 0xff, 0xff, 0xff, 0xff, 0xff, 0xff, 0xff, 0xff, 0xff, 0xff, 0xff, 0xff, 0xff, 0xff ] ],
      [ [ 0xff, 0xff, 0xff, 0xff, 0xff, 0xff, 0xff, 0xff, 0xff, 0xff, 0xff, 0xff, 0xff, 0xff, 0xff ] ],
      [ [ 0xff, 0xff, 0xff, 0xff, 0xff, 0xf9, 0x0, 0x1, 0x2, 0x2, 0x2, 0x1, 0x2e, 0xff, 0xff ] ],
      [ [ 0xff, 0xff, 0xff, 0xff, 0xff, 0xff, 0xb5, 0x85, 0xa, 0x0, 0x6, 0x8c, 0xd5, 0xff, 0xff ] ],
      [ [ 0xff, 0xff, 0xff, 0xff, 0xff, 0xff, 0xff, 0xff, 0x98, 0x0, 0x3a, 0xff, 0xff, 0xff, 0xff ] ],
      [ [ 0xff, 0xff, 0xff, 0xff, 0xff, 0xff, 0xff, 0xff, 0xde, 0x0, 0x54, 0xff, 0xff, 0xff, 0xff ] ],
      [ [ 0xe0, 0xff, 0xff, 0xff, 0xff, 0xff, 0xff, 0xff, 0xff, 0x0, 0x5e, 0xff, 0xff, 0xff, 0xff ] ],
      [ [ 0x16, 0xfb, 0xff, 0xff, 0xff, 0xff, 0xff, 0xff, 0xff, 0x1, 0x68, 0xff, 0xff, 0xff, 0xff ] ],
      [ [ 0x0, 0x3e, 0xff, 0xff, 0xff, 0xff, 0xff, 0xff, 0xff, 0x4, 0x6f, 0xff, 0xff, 0xff, 0xff ] ],
      [ [ 0x0, 0x0, 0x78, 0xff, 0xff, 0xff, 0xff, 0xff, 0xff, 0x6, 0x72, 0xff, 0xff, 0xff, 0xff ] ],
      [ [ 0x0, 0x0, 0x1, 0xb2, 0xff, 0xff, 0xff, 0xff, 0xff, 0x8, 0x73, 0xff, 0xff, 0xff, 0xff ] ],
      [ [ 0xd, 0x0, 0x0, 0x5, 0xd9, 0xff, 0xff, 0xff, 0xff, 0xa, 0x74, 0xff, 0xff, 0xff, 0xff ] ],
      [ [ 0xd3, 0x4, 0x0, 0x0, 0xf, 0xf3, 0xff, 0xff, 0xff, 0xb, 0x74, 0xff, 0xff, 0xff, 0xff ] ],
      [ [ 0xff, 0xb4, 0x1, 0x0, 0x0, 0x25, 0xff, 0xff, 0xff, 0xc, 0x74, 0xff, 0xff, 0xff, 0xff ] ],
      [ [ 0xff, 0xff, 0x81, 0x0, 0x0, 0x0, 0x4b, 0xff, 0xff, 0xc, 0x74, 0xff, 0xff, 0xff, 0xff ] ],
      [ [ 0xff, 0xff, 0xff, 0x4a, 0x0, 0x0, 0x0, 0x7b, 0xff, 0xd, 0x74, 0xff, 0xff, 0xff, 0xff ] ],
      [ [ 0xff, 0xff, 0xff, 0xff, 0x20, 0x0, 0x0, 0x1, 0xad, 0xd, 0x74, 0xff, 0xff, 0xff, 0xff ] ],
      [ [ 0xff, 0xff, 0xff, 0xff, 0xef, 0xb, 0x0, 0x0, 0x4, 0x5, 0x74, 0xff, 0xff, 0xff, 0xff ] ],
      [ [ 0xff, 0xff, 0xff, 0xff, 0xff, 0xcc, 0x3, 0x0, 0x0, 0x0, 0x74, 0xff, 0xff, 0xff, 0xff ] ],
      [ [ 0xff, 0xff, 0xff, 0xff, 0xff, 0xff, 0xaa, 0x1, 0x0, 0x0, 0x74, 0xff, 0xff, 0xff, 0xff ] ]
    ]
  ],
  [
    'Q',
    [
      [ [ 0xff, 0xff, 0xff, 0xff, 0xff, 0xff, 0xff, 0xff, 0xff, 0xff, 0xff, 0xff, 0xff, 0xff, 0xff ] ],
      [ [ 0xff, 0xff, 0xff, 0xff, 0xff, 0xff, 0xff, 0xff, 0xff, 0xff, 0xff, 0xff, 0xff, 0xff, 0xff ] ],
      [ [ 0xff, 0xff, 0xff, 0xff, 0xff, 0xff, 0xff, 0xff, 0xff, 0xff, 0xff, 0xff, 0xff, 0xff, 0xff ] ],
      [ [ 0xff, 0xff, 0xff, 0xff, 0xff, 0xff, 0xff, 0xff, 0xff, 0xff, 0xff, 0xff, 0xff, 0xff, 0xff ] ],
      [ [ 0xff, 0xff, 0xff, 0xff, 0xff, 0xff, 0xff, 0xff, 0xff, 0xff, 0xff, 0xff, 0xff, 0xff, 0xff ] ],
      [ [ 0xff, 0xff, 0xff, 0xff, 0xff, 0xff, 0xff, 0xff, 0xff, 0xff, 0xff, 0xff, 0xff, 0xff, 0xff ] ],
      [ [ 0xff, 0xff, 0xff, 0xff, 0xff, 0xff, 0xff, 0xff, 0xff, 0xff, 0xff, 0xff, 0xff, 0xff, 0xff ] ],
      [ [ 0xff, 0xff, 0xff, 0xff, 0xff, 0xff, 0xff, 0xff, 0xff, 0xff, 0xff, 0xff, 0xff, 0xff, 0xff ] ],
      [ [ 0xff, 0xff, 0xff, 0xff, 0xff, 0xff, 0xf7, 0x6f, 0x26, 0x6, 0x1, 0x0, 0x1, 0xe, 0x35 ] ],
      [ [ 0xff, 0xff, 0xff, 0xff, 0xff, 0x78, 0x6, 0x0, 0x31, 0x8f, 0xbe, 0xad, 0x72, 0x1c, 0x0 ] ],
      [ [ 0xff, 0xff, 0xff, 0xff, 0x3f, 0x0, 0xb, 0xb7, 0xff, 0xff, 0xff, 0xff, 0xff, 0xff, 0xa5 ] ],
      [ [ 0xff, 0xff, 0xff, 0x2f, 0x0, 0x7, 0xe2, 0xff, 0xff, 0xff, 0xff, 0xff, 0xff, 0xff, 0xff ] ],
      [ [ 0xff, 0xff, 0x63, 0x0, 0x0, 0xbe, 0xff, 0xff, 0xff, 0xff, 0xff, 0xff, 0xff, 0xff, 0xff ] ],
      [ [ 0xff, 0xc5, 0x1, 0x0, 0x33, 0xff, 0xff, 0xff, 0xff, 0xff, 0xff, 0xff, 0xff, 0xff, 0xff ] ],
      [ [ 0xff, 0x2e, 0x0, 0x0, 0xc5, 0xff, 0xff, 0xff, 0xff, 0xff, 0xff, 0xff, 0xff, 0xff, 0xff ] ],
      [ [ 0xe8, 0x1, 0x0, 0x9, 0xff, 0xff, 0xff, 0xff, 0xff, 0xff, 0xff, 0xff, 0xff, 0xff, 0xff ] ],
      [ [ 0x86, 0x0, 0x0, 0x26, 0xff, 0xff, 0xff, 0xff, 0xff, 0xff, 0xff, 0xff, 0xff, 0xff, 0xff ] ],
      [ [ 0x49, 0x0, 0x0, 0x3c, 0xff, 0xff, 0xff, 0xff, 0xff, 0xff, 0xff, 0xff, 0xff, 0xff, 0xff ] ],
      [ [ 0x37, 0x0, 0x0, 0x35, 0xff, 0xff, 0xff, 0xff, 0xff, 0xff, 0xff, 0xff, 0xff, 0xff, 0xff ] ],
      [ [ 0x4c, 0x0, 0x0, 0x22, 0xff, 0xff, 0xff, 0xff, 0xff, 0xff, 0xff, 0xff, 0xff, 0xff, 0xff ] ],
      [ [ 0x76, 0x0, 0x0, 0xd, 0xff, 0xff, 0xff, 0xff, 0xff, 0xff, 0xff, 0xff, 0xff, 0xff, 0xff ] ],
      [ [ 0xb2, 0x0, 0x0, 0x0, 0xd9, 0xff, 0xff, 0xff, 0xff, 0xff, 0xff, 0xff, 0xff, 0xff, 0xff ] ],
      [ [ 0xff, 0xb, 0x0, 0x0, 0x5a, 0xff, 0xff, 0xff, 0xff, 0xff, 0xff, 0xff, 0xff, 0xff, 0xff ] ],
      [ [ 0xff, 0x67, 0x0, 0x0, 0x3, 0xeb, 0xff, 0xff, 0xff, 0xff, 0xff, 0xff, 0xff, 0xff, 0xff ] ],
      [ [ 0xff, 0xf7, 0xf, 0x0, 0x0, 0x2e, 0xff, 0xff, 0xff, 0xff, 0xff, 0xff, 0xff, 0xff, 0xff ] ],
      [ [ 0xff, 0xff, 0xce, 0x2, 0x0, 0x0, 0x49, 0xff, 0xff, 0xff, 0xff, 0xff, 0xff, 0xff, 0xff ] ]
    ]
  ],
  [
    'R',
    [
      [ [ 0xff, 0xff, 0xff, 0xff, 0xff, 0xff, 0xff, 0xff, 0xff, 0xff, 0xff, 0xff, 0xff, 0xff, 0xff ] ],
      [ [ 0xff, 0xff, 0xff, 0xff, 0xff, 0xff, 0xff, 0xff, 0xff, 0xff, 0xff, 0xff, 0xff, 0xff, 0xff ] ],
      [ [ 0xff, 0xff, 0xff, 0xff, 0xff, 0xff, 0xff, 0xff, 0xff, 0xff, 0xff, 0xff, 0xff, 0xff, 0xff ] ],
      [ [ 0xff, 0xff, 0xff, 0xff, 0xff, 0xff, 0xff, 0xff, 0xff, 0xff, 0xff, 0xff, 0xff, 0xff, 0xff ] ],
      [ [ 0xff, 0xff, 0xff, 0xff, 0xff, 0xff, 0xff, 0xff, 0xff, 0xff, 0xff, 0xff, 0xff, 0xff, 0xff ] ],
      [ [ 0xff, 0xff, 0xff, 0xff, 0xff, 0xff, 0xff, 0xff, 0xff, 0xff, 0xff, 0xff, 0xff, 0xff, 0xff ] ],
      [ [ 0xff, 0xff, 0xff, 0xff, 0xff, 0xff, 0xff, 0xff, 0xff, 0xff, 0xff, 0xff, 0xff, 0xff, 0xff ] ],
      [ [ 0xff, 0xff, 0xff, 0xff, 0xff, 0xff, 0xff, 0xff, 0xff, 0xff, 0xff, 0xff, 0xff, 0xff, 0xff ] ],
      [ [ 0xaf, 0xff, 0xff, 0xff, 0xff, 0xff, 0xff, 0xff, 0xff, 0xe0, 0x0, 0x1, 0x2, 0x2, 0x2 ] ],
      [ [ 0x0, 0x16, 0xc8, 0xff, 0xff, 0xff, 0xff, 0xff, 0xff, 0xff, 0xb2, 0xaf, 0x6c, 0x0, 0x0 ] ],
      [ [ 0x8, 0x0, 0x1, 0x7e, 0xff, 0xff, 0xff, 0xff, 0xff, 0xff, 0xff, 0xff, 0xff, 0x0, 0x0 ] ],
      [ [ 0xe4, 0x11, 0x0, 0x0, 0x78, 0xff, 0xff, 0xff, 0xff, 0xff, 0xff, 0xff, 0xff, 0x0, 0x0 ] ],
      [ [ 0xff, 0xe0, 0x5, 0x0, 0x1, 0xbc, 0xff, 0xff, 0xff, 0xff, 0xff, 0xff, 0xff, 0x0, 0x0 ] ],
      [ [ 0xff, 0xff, 0x92, 0x0, 0x0, 0xe, 0xff, 0xff, 0xff, 0xff, 0xff, 0xff, 0xff, 0x0, 0x0 ] ],
      [ [ 0xff, 0xff, 0xff, 0x13, 0x0, 0x0, 0x92, 0xff, 0xff, 0xff, 0xff, 0xff, 0xff, 0x0, 0x0 ] ],
      [ [ 0xff, 0xff, 0xff, 0x6a, 0x0, 0x0, 0x23, 0xff, 0xff, 0xff, 0xff, 0xff, 0xff, 0x1, 0x0 ] ],
      [ [ 0xff, 0xff, 0xff, 0xda, 0x0, 0x0, 0x2, 0xff, 0xff, 0xff, 0xff, 0xff, 0xff, 0x1, 0x0 ] ],
      [ [ 0xff, 0xff, 0xff, 0xff, 0x2, 0x0, 0x0, 0xef, 0xff, 0xff, 0xff, 0xff, 0xff, 0x1, 0x0 ] ],
      [ [ 0xff, 0xff, 0xff, 0xff, 0x9, 0x0, 0x0, 0xba, 0xff, 0xff, 0xff, 0xff, 0xff, 0x1, 0x0 ] ],
      [ [ 0xff, 0xff, 0xff, 0xff, 0xb, 0x0, 0x0, 0xc7, 0xff, 0xff, 0xff, 0xff, 0xff, 0x0, 0x0 ] ],
      [ [ 0xff, 0xff, 0xff, 0xff, 0x3, 0x0, 0x0, 0xf3, 0xff, 0xff, 0xff, 0xff, 0xff, 0x0, 0x0 ] ],
      [ [ 0xff, 0xff, 0xff, 0xda, 0x0, 0x0, 0x12, 0xff, 0xff, 0xff, 0xff, 0xff, 0xff, 0x0, 0x0 ] ],
      [ [ 0xff, 0xff, 0xff, 0x6c, 0x0, 0x0, 0x68, 0xff, 0xff, 0xff, 0xff, 0xff, 0xff, 0x0, 0x0 ] ],
      [ [ 0xff, 0xff, 0xff, 0x12, 0x0, 0x5, 0xf5, 0xff, 0xff, 0xff, 0xff, 0xff, 0xff, 0x0, 0x0 ] ],
      [ [ 0xff, 0xff, 0x8e, 0x0, 0x0, 0x92, 0xff, 0xff, 0xff, 0xff, 0xff, 0xff, 0xf9, 0x0, 0x0 ] ],
      [ [ 0xff, 0xd1, 0x3, 0x0, 0x58, 0xff, 0xff, 0xff, 0xff, 0xff, 0xff, 0xff, 0xed, 0x0, 0x0 ] ]
    ]
  ],
  [
    'S',
    [
      [ [ 0xff, 0xff, 0xff, 0xff, 0xff, 0xff, 0xff, 0xff, 0xff, 0xff, 0xff, 0xff, 0xff, 0xff, 0xff ] ],
      [ [ 0xff, 0xff, 0xff, 0xff, 0xff, 0xff, 0xff, 0xff, 0xff, 0xff, 0xff, 0xff, 0xff, 0xff, 0xff ] ],
      [ [ 0xff, 0xff, 0xff, 0xff, 0xff, 0xff, 0xff, 0xff, 0xff, 0xff, 0xff, 0xff, 0xff, 0xff, 0xff ] ],
      [ [ 0xff, 0xff, 0xff, 0xff, 0xff, 0xff, 0xff, 0xff, 0xff, 0xff, 0xff, 0xff, 0xff, 0xff, 0xff ] ],
      [ [ 0xff, 0xff, 0xff, 0xff, 0xff, 0xff, 0xff, 0xff, 0xff, 0xff, 0xff, 0xff, 0xff, 0xff, 0xff ] ],
      [ [ 0xff, 0xff, 0xff, 0xff, 0xff, 0xff, 0xff, 0xff, 0xff, 0xff, 0xff, 0xff, 0xff, 0xff, 0xff ] ],
      [ [ 0xff, 0xff, 0xff, 0xff, 0xff, 0xff, 0xff, 0xff, 0xff, 0xff, 0xff, 0xff, 0xff, 0xff, 0xff ] ],
      [ [ 0xff, 0xff, 0xff, 0xff, 0xff, 0xff, 0xff, 0xff, 0xff, 0xff, 0xff, 0xff, 0xff, 0xff, 0xff ] ],
      [ [ 0x1, 0x0, 0x0, 0x0, 0x1, 0x7, 0x1a, 0x5d, 0xe4, 0xff, 0xff, 0xff, 0xff, 0xff, 0xff ] ],
      [ [ 0xd, 0xe0, 0xff, 0xed, 0xaa, 0x32, 0x1, 0x0, 0x2, 0x78, 0xff, 0xff, 0xff, 0xff, 0xff ] ],
      [ [ 0x13, 0xff, 0xff, 0xff, 0xff, 0xff, 0xbc, 0x2, 0x0, 0x0, 0x8f, 0xff, 0xff, 0xff, 0xff ] ],
      [ [ 0x13, 0xff, 0xff, 0xff, 0xff, 0xff, 0xff, 0xad, 0x0, 0x0, 0x1, 0xd9, 0xff, 0xff, 0xff ] ],
      [ [ 0x13, 0xff, 0xff, 0xff, 0xff, 0xff, 0xff, 0xff, 0x15, 0x0, 0x0, 0x58, 0xff, 0xff, 0xff ] ],
      [ [ 0x13, 0xff, 0xff, 0xff, 0xff, 0xff, 0xff, 0xff, 0x36, 0x0, 0x0, 0x2e, 0xff, 0xff, 0x97 ] ],
      [ [ 0x13, 0xff, 0xff, 0xff, 0xff, 0xff, 0xff, 0xff, 0x37, 0x0, 0x0, 0x32, 0xff, 0xff, 0x11 ] ],
      [ [ 0x13, 0xff, 0xff, 0xff, 0xff, 0xff, 0xff, 0xff, 0x1c, 0x0, 0x0, 0x5e, 0xff, 0xd0, 0x0 ] ],
      [ [ 0x13, 0xff, 0xff, 0xff, 0xff, 0xff, 0xff, 0xd5, 0x0, 0x0, 0x2, 0xda, 0xff, 0x68, 0x0 ] ],
      [ [ 0x13, 0xff, 0xff, 0xff, 0xff, 0xff, 0xe4, 0x11, 0x0, 0x0, 0x8b, 0xff, 0xff, 0x46, 0x0 ] ],
      [ [ 0xb, 0xc0, 0xed, 0xf5, 0xc1, 0x55, 0x3, 0x0, 0x4, 0x72, 0xff, 0xff, 0xff, 0x37, 0x0 ] ],
      [ [ 0x1, 0x6, 0x3, 0x1, 0x2, 0xd, 0x21, 0x5e, 0xf5, 0xff, 0xff, 0xff, 0xff, 0x4d, 0x0 ] ],
      [ [ 0x13, 0xff, 0xff, 0xff, 0xff, 0xff, 0xff, 0xff, 0xff, 0xff, 0xff, 0xff, 0xff, 0x6c, 0x0 ] ],
      [ [ 0x13, 0xff, 0xff, 0xff, 0xff, 0xff, 0xff, 0xff, 0xff, 0xff, 0xff, 0xff, 0xff, 0xce, 0x0 ] ],
      [ [ 0x12, 0xff, 0xff, 0xff, 0xff, 0xff, 0xff, 0xff, 0xff, 0xff, 0xff, 0xff, 0xff, 0xff, 0xb ] ],
      [ [ 0x12, 0xff, 0xff, 0xff, 0xff, 0xff, 0xff, 0xff, 0xff, 0xff, 0xff, 0xff, 0xff, 0xff, 0x73 ] ],
      [ [ 0x10, 0xff, 0xff, 0xff, 0xff, 0xff, 0xff, 0xff, 0xff, 0xff, 0xff, 0xff, 0xff, 0xff, 0xff ] ],
      [ [ 0xf, 0xff, 0xff, 0xff, 0xff, 0xff, 0xff, 0xff, 0xff, 0xff, 0xff, 0xff, 0xff, 0xff, 0xff ] ]
    ]
  ],
  [
    'T',
    [
      [ [ 0xff, 0xff, 0xff, 0xff, 0xff, 0xff, 0xff, 0xff, 0xff, 0xff, 0xff, 0xff, 0xff, 0xff, 0xff ] ],
      [ [ 0xff, 0xff, 0xff, 0xff, 0xff, 0xff, 0xff, 0xff, 0xff, 0xff, 0xff, 0xff, 0xff, 0xff, 0xff ] ],
      [ [ 0xff, 0xff, 0xff, 0xff, 0xff, 0xff, 0xff, 0xff, 0xff, 0xff, 0xff, 0xff, 0xff, 0xff, 0xff ] ],
      [ [ 0xff, 0xff, 0xff, 0xff, 0xff, 0xff, 0xff, 0xff, 0xff, 0xff, 0xff, 0xff, 0xff, 0xff, 0xff ] ],
      [ [ 0xff, 0xff, 0xff, 0xff, 0xff, 0xff, 0xff, 0xff, 0xff, 0xff, 0xff, 0xff, 0xff, 0xff, 0xff ] ],
      [ [ 0xff, 0xff, 0xff, 0xff, 0xff, 0xff, 0xff, 0xff, 0xff, 0xff, 0xff, 0xff, 0xff, 0xff, 0xff ] ],
      [ [ 0xff, 0xff, 0xff, 0xff, 0xff, 0xff, 0xff, 0xff, 0xff, 0xff, 0xff, 0xff, 0xff, 0xff, 0xff ] ],
      [ [ 0xff, 0xff, 0xff, 0xff, 0xff, 0xff, 0xff, 0xff, 0xff, 0xff, 0xff, 0xff, 0xff, 0xff, 0xff ] ],
      [ [ 0xff, 0xff, 0xff, 0xff, 0xff, 0x8c, 0x2f, 0x8, 0x1, 0x0, 0x4, 0xe, 0x3f, 0xa3, 0xff ] ],
      [ [ 0xff, 0xff, 0xff, 0x7a, 0x9, 0x3, 0x44, 0x81, 0xb9, 0xb7, 0x81, 0x29, 0x0, 0x0, 0x14 ] ],
      [ [ 0xff, 0xea, 0x26, 0x0, 0x23, 0xed, 0xff, 0xff, 0xff, 0xff, 0xff, 0xff, 0xc0, 0xf, 0x0 ] ],
      [ [ 0xf3, 0x13, 0x0, 0x21, 0xff, 0xff, 0xff, 0xff, 0xff, 0xff, 0xff, 0xff, 0xff, 0xf5, 0x21 ] ],
      [ [ 0x26, 0x0, 0x6, 0xed, 0xff, 0xff, 0xff, 0xff, 0xff, 0xff, 0xff, 0xff, 0xff, 0xff, 0xf3 ] ],
      [ [ 0x0, 0x0, 0x5e, 0xff, 0xff, 0xff, 0xff, 0xff, 0xff, 0xff, 0xff, 0xff, 0xff, 0xff, 0xff ] ],
      [ [ 0x0, 0x0, 0xef, 0xff, 0xff, 0xff, 0xff, 0xff, 0xff, 0xff, 0xff, 0xff, 0xff, 0xff, 0xff ] ],
      [ [ 0x0, 0x10, 0xff, 0xff, 0xff, 0xff, 0xff, 0xff, 0xff, 0xff, 0xff, 0xff, 0xff, 0xff, 0xff ] ],
      [ [ 0x0, 0x2e, 0xff, 0xff, 0xff, 0xff, 0xff, 0xff, 0xff, 0xff, 0xff, 0xff, 0xff, 0xff, 0xff ] ],
      [ [ 0x0, 0x3f, 0xff, 0xff, 0xff, 0xff, 0xff, 0xff, 0xff, 0xff, 0xff, 0xff, 0xff, 0xff, 0xff ] ],
      [ [ 0x0, 0x3c, 0xff, 0xff, 0xff, 0xff, 0xff, 0xff, 0xff, 0xff, 0xff, 0xff, 0xff, 0xff, 0xff ] ],
      [ [ 0x0, 0x25, 0xff, 0xff, 0xff, 0xff, 0xff, 0xff, 0xff, 0xff, 0xff, 0xff, 0xff, 0xff, 0xff ] ],
      [ [ 0x0, 0x11, 0xff, 0xff, 0xff, 0xff, 0xff, 0xff, 0xff, 0xff, 0xff, 0xff, 0xff, 0xff, 0xff ] ],
      [ [ 0x0, 0x0, 0xe6, 0xff, 0xff, 0xff, 0xff, 0xff, 0xff, 0xff, 0xff, 0xff, 0xff, 0xff, 0xff ] ],
      [ [ 0x0, 0x0, 0x6a, 0xff, 0xff, 0xff, 0xff, 0xff, 0xff, 0xff, 0xff, 0xff, 0xff, 0xff, 0xff ] ],
      [ [ 0x0, 0x0, 0x9, 0xfb, 0xff, 0xff, 0xff, 0xff, 0xff, 0xff, 0xff, 0xff, 0xff, 0xff, 0xff ] ],
      [ [ 0x10, 0x0, 0x0, 0x58, 0xff, 0xff, 0xff, 0xff, 0xff, 0xff, 0xff, 0xff, 0xff, 0xff, 0xff ] ],
      [ [ 0xd7, 0x5, 0x0, 0x0, 0x97, 0xff, 0xff, 0xff, 0xff, 0xff, 0xff, 0xff, 0xff, 0xff, 0xa3 ] ]
    ]
  ],
  [
    'U',
    [
      [ [ 0xff, 0xff, 0xff, 0xff, 0xff, 0xff, 0xff, 0xff, 0xff, 0xff, 0xff, 0xff, 0xff, 0xff, 0xff ] ],
      [ [ 0xff, 0xff, 0xff, 0xff, 0xff, 0xff, 0xff, 0xff, 0xff, 0xff, 0xff, 0xff, 0xff, 0xff, 0xff ] ],
      [ [ 0xff, 0xff, 0xff, 0xff, 0xff, 0xff, 0xff, 0xff, 0xff, 0xff, 0xff, 0xff, 0xff, 0xff, 0xff ] ],
      [ [ 0xff, 0xff, 0xff, 0xff, 0xff, 0xff, 0xff, 0xff, 0xff, 0xff, 0xff, 0xff, 0xff, 0xff, 0xff ] ],
      [ [ 0xff, 0xff, 0xff, 0xff, 0xff, 0xff, 0xff, 0xff, 0xff, 0xff, 0xff, 0xff, 0xff, 0xff, 0xff ] ],
      [ [ 0xff, 0xff, 0xff, 0xff, 0xff, 0xff, 0xff, 0xff, 0xff, 0xff, 0xff, 0xff, 0xff, 0xff, 0xff ] ],
      [ [ 0xff, 0xff, 0xff, 0xff, 0xff, 0xff, 0xff, 0xff, 0xff, 0xff, 0xff, 0xff, 0xff, 0xff, 0xff ] ],
      [ [ 0xff, 0xff, 0xff, 0xff, 0xff, 0xff, 0xff, 0xff, 0xff, 0xff, 0xff, 0xff, 0xff, 0xff, 0xff ] ],
      [ [ 0xff, 0xff, 0xff, 0xff, 0xff, 0xff, 0xff, 0x66, 0x0, 0x1, 0x2, 0x2, 0x2, 0x1, 0x1 ] ],
      [ [ 0xa8, 0xff, 0xff, 0xff, 0xff, 0xff, 0xff, 0xe8, 0xaf, 0x4b, 0x0, 0x0, 0x0, 0xad, 0xff ] ],
      [ [ 0x0, 0x60, 0xff, 0xff, 0xff, 0xff, 0xff, 0xff, 0xff, 0xfd, 0x1, 0x0, 0x5, 0xff, 0xff ] ],
      [ [ 0x0, 0x0, 0x55, 0xff, 0xff, 0xff, 0xff, 0xff, 0xff, 0xff, 0x5, 0x0, 0x5, 0xff, 0xff ] ],
      [ [ 0xe, 0x0, 0x0, 0x92, 0xff, 0xff, 0xff, 0xff, 0xff, 0xff, 0x6, 0x0, 0x5, 0xff, 0xff ] ],
      [ [ 0xa0, 0x0, 0x0, 0x9, 0xfd, 0xff, 0xff, 0xff, 0xff, 0xff, 0x6, 0x0, 0x5, 0xff, 0xff ] ],
      [ [ 0xff, 0xe, 0x0, 0x0, 0x7c, 0xff, 0xff, 0xff, 0xff, 0xff, 0x6, 0x0, 0x5, 0xff, 0xff ] ],
      [ [ 0xff, 0x44, 0x0, 0x0, 0x28, 0xff, 0xff, 0xff, 0xff, 0xff, 0x6, 0x0, 0x5, 0xff, 0xff ] ],
      [ [ 0xff, 0x8f, 0x0, 0x0, 0x6, 0xff, 0xff, 0xff, 0xff, 0xff, 0x7, 0x0, 0x5, 0xff, 0xff ] ],
      [ [ 0xff, 0xc3, 0x0, 0x0, 0x1, 0xff, 0xff, 0xff, 0xff, 0xff, 0x7, 0x0, 0x5, 0xff, 0xff ] ],
      [ [ 0xff, 0xe4, 0x0, 0x0, 0x0, 0xff, 0xff, 0xff, 0xff, 0xff, 0x6, 0x0, 0x4, 0xe4, 0xf1 ] ],
      [ [ 0xff, 0xf3, 0x0, 0x0, 0x3, 0xff, 0xff, 0xff, 0xff, 0xff, 0x6, 0x0, 0x0, 0x0, 0x0 ] ],
      [ [ 0xff, 0xc5, 0x0, 0x0, 0xc, 0xff, 0xff, 0xff, 0xff, 0xff, 0x6, 0x0, 0x5, 0xfb, 0xea ] ],
      [ [ 0xff, 0x76, 0x0, 0x0, 0x3f, 0xff, 0xff, 0xff, 0xff, 0xff, 0x5, 0x0, 0x5, 0xff, 0xff ] ],
      [ [ 0xff, 0x26, 0x0, 0x0, 0xab, 0xff, 0xff, 0xff, 0xff, 0xff, 0x5, 0x0, 0x5, 0xff, 0xff ] ],
      [ [ 0xe2, 0x1, 0x0, 0x1d, 0xff, 0xff, 0xff, 0xff, 0xff, 0xff, 0x4, 0x0, 0x5, 0xff, 0xff ] ],
      [ [ 0x40, 0x0, 0x1, 0xc1, 0xff, 0xff, 0xff, 0xff, 0xff, 0xff, 0x4, 0x0, 0x4, 0xff, 0xff ] ],
      [ [ 0x0, 0x0, 0x8f, 0xff, 0xff, 0xff, 0xff, 0xff, 0xff, 0xff, 0x4, 0x0, 0x3, 0xff, 0xff ] ]
    ]
  ],
  [
    'V',
    [
      [ [ 0xff, 0xff, 0xff, 0xff, 0xff, 0xff, 0xff, 0xff, 0xff, 0xff, 0xff, 0xff, 0xff, 0xff, 0xff ] ],
      [ [ 0xff, 0xff, 0xff, 0xff, 0xff, 0xff, 0xff, 0xff, 0xff, 0xff, 0xff, 0xff, 0xff, 0xff, 0xff ] ],
      [ [ 0xff, 0xff, 0xff, 0xff, 0xff, 0xff, 0xff, 0xff, 0xff, 0xff, 0xff, 0xff, 0xff, 0xff, 0xff ] ],
      [ [ 0xff, 0xff, 0xff, 0xff, 0xff, 0xff, 0xff, 0xff, 0xff, 0xff, 0xff, 0xff, 0xff, 0xff, 0xff ] ],
      [ [ 0xff, 0xff, 0xff, 0xff, 0xff, 0xff, 0xff, 0xff, 0xff, 0xff, 0xff, 0xff, 0xff, 0xff, 0xff ] ],
      [ [ 0xff, 0xff, 0xff, 0xff, 0xff, 0xff, 0xff, 0xff, 0xff, 0xff, 0xff, 0xff, 0xff, 0xff, 0xff ] ],
      [ [ 0xff, 0xff, 0xff, 0xff, 0xff, 0xff, 0xff, 0xff, 0xff, 0xff, 0xff, 0xff, 0xff, 0xff, 0xff ] ],
      [ [ 0xff, 0xff, 0xff, 0xff, 0xff, 0xff, 0xff, 0xff, 0xff, 0xff, 0xff, 0xff, 0xff, 0xff, 0xff ] ],
      [ [ 0x0, 0x0, 0x2, 0xa, 0x32, 0xad, 0xff, 0xff, 0xff, 0xff, 0xff, 0xff, 0xff, 0xff, 0xff ] ],
      [ [ 0xed, 0xaf, 0x48, 0x1, 0x0, 0x0, 0x28, 0xf1, 0xff, 0xff, 0xff, 0xff, 0xff, 0xff, 0xff ] ],
      [ [ 0xff, 0xff, 0xff, 0xe0, 0x15, 0x0, 0x0, 0x32, 0xff, 0xff, 0xff, 0xff, 0xff, 0xff, 0xf5 ] ],
      [ [ 0xff, 0xff, 0xff, 0xff, 0xda, 0x3, 0x0, 0x0, 0xa2, 0xff, 0xff, 0xff, 0xff, 0xff, 0x5a ] ],
      [ [ 0xff, 0xff, 0xff, 0xff, 0xff, 0x2f, 0x0, 0x0, 0x43, 0xff, 0xff, 0xff, 0xff, 0xff, 0x17 ] ],
      [ [ 0xff, 0xff, 0xff, 0xff, 0xff, 0x67, 0x0, 0x0, 0x20, 0xff, 0xff, 0xff, 0xff, 0xff, 0x15 ] ],
      [ [ 0xff, 0xff, 0xff, 0xff, 0xff, 0x5d, 0x0, 0x0, 0x38, 0xff, 0xff, 0xff, 0xff, 0xff, 0x33 ] ],
      [ [ 0xff, 0xff, 0xff, 0xff, 0xff, 0x18, 0x0, 0x0, 0x5e, 0xff, 0xff, 0xff, 0xff, 0xff, 0x73 ] ],
      [ [ 0xff, 0xff, 0xff, 0xff, 0x8f, 0x0, 0x0, 0x2, 0xe4, 0xff, 0xff, 0xff, 0xff, 0xff, 0xff ] ],
      [ [ 0xff, 0xff, 0xff, 0xa0, 0x2, 0x0, 0x0, 0x76, 0xff, 0xff, 0xff, 0xff, 0xff, 0xff, 0xff ] ],
      [ [ 0xca, 0x7e, 0x22, 0x0, 0x0, 0x13, 0xb5, 0xff, 0xff, 0xff, 0xff, 0xff, 0xff, 0xff, 0xff ] ],
      [ [ 0x0, 0x0, 0x0, 0x27, 0xda, 0xff, 0xff, 0xff, 0xff, 0xff, 0xff, 0xff, 0xff, 0xff, 0xff ] ],
      [ [ 0x76, 0x2, 0x0, 0x0, 0x61, 0xff, 0xff, 0xff, 0xff, 0xff, 0xff, 0xff, 0xff, 0xff, 0xff ] ],
      [ [ 0xff, 0xbe, 0x4, 0x0, 0x0, 0x95, 0xff, 0xff, 0xff, 0xff, 0xff, 0xff, 0xff, 0xff, 0xff ] ],
      [ [ 0xff, 0xff, 0xa0, 0x0, 0x0, 0x3, 0xd3, 0xff, 0xff, 0xff, 0xff, 0xff, 0xff, 0xff, 0x62 ] ],
      [ [ 0xff, 0xff, 0xff, 0x4d, 0x0, 0x0, 0x12, 0xfb, 0xff, 0xff, 0xff, 0xff, 0xff, 0xff, 0x2a ] ],
      [ [ 0xff, 0xff, 0xff, 0xfd, 0xe, 0x0, 0x0, 0x47, 0xff, 0xff, 0xff, 0xff, 0xff, 0xff, 0x19 ] ],
      [ [ 0xff, 0xff, 0xff, 0xff, 0xb0, 0x0, 0x0, 0x0, 0x8f, 0xff, 0xff, 0xff, 0xff, 0xff, 0xc ] ]
    ]
  ],
  [
    'W',
    [
      [ [ 0xff, 0xff, 0xff, 0xff, 0xff, 0xff, 0xff, 0xff, 0xff, 0xff, 0xff, 0xff, 0xff, 0xff, 0xff ] ],
      [ [ 0xff, 0xff, 0xff, 0xff, 0xff, 0xff, 0xff, 0xff, 0xff, 0xff, 0xff, 0xff, 0xff, 0xff, 0xff ] ],
      [ [ 0xff, 0xff, 0xff, 0xff, 0xff, 0xff, 0xff, 0xff, 0xff, 0xff, 0xff, 0xff, 0xff, 0xff, 0xff ] ],
      [ [ 0xff, 0xff, 0xff, 0xff, 0xff, 0xff, 0xff, 0xff, 0xff, 0xff, 0xff, 0xff, 0xff, 0xff, 0xff ] ],
      [ [ 0xff, 0xff, 0xff, 0xff, 0xff, 0xff, 0xff, 0xff, 0xff, 0xff, 0xff, 0xff, 0xff, 0xff, 0xff ] ],
      [ [ 0xff, 0xff, 0xff, 0xff, 0xff, 0xff, 0xff, 0xff, 0xff, 0xff, 0xff, 0xff, 0xff, 0xff, 0xff ] ],
      [ [ 0xff, 0xff, 0xff, 0xff, 0xff, 0xff, 0xff, 0xff, 0xff, 0xff, 0xff, 0xff, 0xff, 0xff, 0xff ] ],
      [ [ 0xff, 0xff, 0xff, 0xff, 0xff, 0xff, 0xff, 0xff, 0xff, 0xff, 0xff, 0xff, 0xff, 0xff, 0x20 ] ],
      [ [ 0xff, 0xfb, 0x61, 0x12, 0x4, 0x0, 0x7, 0x1a, 0x62, 0x3e, 0x6f, 0xff, 0xff, 0xe0, 0x0 ] ],
      [ [ 0xd5, 0xb, 0x3, 0x5c, 0xa8, 0xaf, 0x6f, 0xb, 0x0, 0x0, 0x49, 0xff, 0xff, 0x76, 0x0 ] ],
      [ [ 0xf, 0x1, 0xd1, 0xff, 0xff, 0xff, 0xff, 0xf9, 0x2c, 0x0, 0x32, 0xff, 0xff, 0x2a, 0x1 ] ],
      [ [ 0x0, 0x36, 0xff, 0xff, 0xff, 0xff, 0xff, 0xff, 0xfb, 0xf, 0x1e, 0xff, 0xff, 0x4, 0x4b ] ],
      [ [ 0x0, 0x58, 0xff, 0xff, 0xff, 0xff, 0xff, 0xff, 0xff, 0x91, 0xf, 0xff, 0xc5, 0x2, 0xe8 ] ],
      [ [ 0x0, 0x32, 0xff, 0xff, 0xff, 0xff, 0xff, 0xff, 0xff, 0xff, 0x6a, 0xff, 0xff, 0xea, 0xff ] ],
      [ [ 0x0, 0x1, 0xc1, 0xff, 0xff, 0xff, 0xff, 0xff, 0xff, 0xff, 0xff, 0xff, 0xff, 0xff, 0xff ] ],
      [ [ 0x0, 0x0, 0x1, 0x5e, 0xfb, 0xff, 0xff, 0xff, 0xff, 0xff, 0xff, 0xff, 0xff, 0xff, 0xff ] ],
      [ [ 0x14, 0x0, 0x0, 0x0, 0x4, 0x3b, 0xaf, 0xff, 0xff, 0xff, 0xff, 0xff, 0xff, 0xff, 0xff ] ],
      [ [ 0xd7, 0x1a, 0x0, 0x0, 0x0, 0x0, 0x0, 0x7, 0x4a, 0xf7, 0xff, 0xff, 0xff, 0xff, 0xff ] ],
      [ [ 0xff, 0xff, 0x70, 0x5, 0x0, 0x0, 0x0, 0x0, 0x0, 0xb, 0xb5, 0xff, 0xff, 0xff, 0xff ] ],
      [ [ 0xff, 0xff, 0xff, 0xfb, 0x8b, 0x24, 0x0, 0x0, 0x0, 0x0, 0x4, 0xeb, 0xff, 0xff, 0xff ] ],
      [ [ 0xff, 0xff, 0xff, 0xff, 0xff, 0xff, 0xe2, 0x31, 0x0, 0x0, 0x0, 0x46, 0xff, 0xff, 0xff ] ],
      [ [ 0xff, 0xff, 0xff, 0xff, 0xff, 0xff, 0xff, 0xff, 0x68, 0x0, 0x0, 0x10, 0xff, 0xff, 0xff ] ],
      [ [ 0x89, 0xff, 0xff, 0xff, 0xff, 0xff, 0xff, 0xff, 0xff, 0x1a, 0x0, 0x6, 0xff, 0xff, 0xff ] ],
      [ [ 0x46, 0xff, 0xff, 0xff, 0xff, 0xff, 0xff, 0xff, 0xff, 0x50, 0x0, 0x11, 0xff, 0xff, 0xff ] ],
      [ [ 0xf, 0xff, 0xff, 0xff, 0xff, 0xff, 0xff, 0xff, 0xff, 0x6b, 0x0, 0x2e, 0xff, 0xff, 0xff ] ],
      [ [ 0x0, 0x7b, 0xff, 0xff, 0xff, 0xff, 0xff, 0xff, 0xff, 0x2e, 0x0, 0x8e, 0xff, 0xff, 0xff ] ]
    ]
  ],
  [
    'X',
    [
      [ [ 0xff, 0xff, 0xff, 0xff, 0xff, 0xff, 0xff, 0xff, 0xff, 0xff, 0xff, 0xff, 0xff, 0xff, 0xff ] ],
      [ [ 0xff, 0xff, 0xff, 0xff, 0xff, 0xff, 0xff, 0xff, 0xff, 0xff, 0xff, 0xff, 0xff, 0xff, 0xff ] ],
      [ [ 0xff, 0xff, 0xff, 0xff, 0xff, 0xff, 0xff, 0xff, 0xff, 0xff, 0xff, 0xff, 0xff, 0xff, 0xff ] ],
      [ [ 0xff, 0xff, 0xff, 0xff, 0xff, 0xff, 0xff, 0xff, 0xff, 0xff, 0xff, 0xff, 0xff, 0xff, 0xff ] ],
      [ [ 0xff, 0xff, 0xff, 0xff, 0xff, 0xff, 0xff, 0xff, 0xff, 0xff, 0xff, 0xff, 0xff, 0xff, 0xff ] ],
      [ [ 0xff, 0xff, 0xff, 0xff, 0xff, 0xff, 0xff, 0xff, 0xff, 0xff, 0xff, 0xff, 0xff, 0xff, 0xff ] ],
      [ [ 0xff, 0xff, 0xff, 0xff, 0xff, 0xff, 0xff, 0xff, 0xff, 0xff, 0xff, 0xff, 0xff, 0xff, 0xff ] ],
      [ [ 0x65, 0xb9, 0xbc, 0xd1, 0xe4, 0xf3, 0xfd, 0xff, 0xff, 0xff, 0xfd, 0xf7, 0xef, 0xf5, 0xfd ] ],
      [ [ 0x0, 0x0, 0x0, 0x0, 0x0, 0x0, 0x0, 0x0, 0x0, 0x0, 0x0, 0x0, 0x0, 0x0, 0x0 ] ],
      [ [ 0x1, 0x4b, 0x8e, 0xb2, 0xc5, 0xd0, 0xad, 0x0, 0x0, 0x19, 0xd1, 0xcc, 0xbc, 0xa3, 0x78 ] ],
      [ [ 0xb5, 0xff, 0xff, 0xff, 0xff, 0xff, 0xd3, 0x0, 0x0, 0x1f, 0xff, 0xff, 0xff, 0xff, 0xff ] ],
      [ [ 0xff, 0xff, 0xff, 0xff, 0xff, 0xff, 0xd3, 0x0, 0x0, 0x1f, 0xff, 0xff, 0xff, 0xff, 0xff ] ],
      [ [ 0xff, 0xff, 0xff, 0xff, 0xff, 0xff, 0xd3, 0x0, 0x0, 0x1f, 0xff, 0xff, 0xff, 0xff, 0xff ] ],
      [ [ 0xff, 0xff, 0xff, 0xff, 0xff, 0xff, 0xd3, 0x0, 0x0, 0x1f, 0xff, 0xff, 0xff, 0xff, 0xff ] ],
      [ [ 0xff, 0xff, 0xff, 0xff, 0xff, 0xff, 0xd3, 0x0, 0x0, 0x1f, 0xff, 0xff, 0xff, 0xff, 0xff ] ],
      [ [ 0xff, 0xff, 0xff, 0xff, 0xff, 0xff, 0xd3, 0x0, 0x0, 0x1f, 0xff, 0xff, 0xff, 0xff, 0xff ] ],
      [ [ 0xff, 0xff, 0xff, 0xff, 0xff, 0xff, 0xd1, 0x0, 0x0, 0x1f, 0xff, 0xff, 0xff, 0xff, 0xff ] ],
      [ [ 0xff, 0xff, 0xff, 0xff, 0xff, 0xff, 0xd1, 0x0, 0x0, 0x1f, 0xff, 0xff, 0xff, 0xff, 0xff ] ],
      [ [ 0xff, 0xff, 0xff, 0xff, 0xff, 0xff, 0xd0, 0x0, 0x0, 0x1f, 0xff, 0xff, 0xff, 0xff, 0xff ] ],
      [ [ 0xff, 0xff, 0xff, 0xff, 0xff, 0xff, 0xd0, 0x0, 0x0, 0x1f, 0xff, 0xff, 0xff, 0xff, 0xff ] ],
      [ [ 0xff, 0xff, 0xff, 0xff, 0xff, 0xff, 0xce, 0x0, 0x0, 0x1f, 0xff, 0xff, 0xff, 0xff, 0xff ] ],
      [ [ 0xff, 0xff, 0xff, 0xff, 0xff, 0xff, 0xcc, 0x0, 0x0, 0x1f, 0xff, 0xff, 0xff, 0xff, 0xff ] ],
      [ [ 0xff, 0xff, 0xff, 0xff, 0xff, 0xff, 0xca, 0x0, 0x0, 0x1e, 0xff, 0xff, 0xff, 0xff, 0xff ] ],
      [ [ 0xff, 0xff, 0xff, 0xff, 0xff, 0xff, 0xc5, 0x0, 0x0, 0x1e, 0xff, 0xff, 0xff, 0xff, 0xff ] ],
      [ [ 0xff, 0xff, 0xff, 0xff, 0xff, 0xff, 0xc1, 0x0, 0x0, 0x1e, 0xff, 0xff, 0xff, 0xff, 0xff ] ],
      [ [ 0xff, 0xff, 0xff, 0xff, 0xff, 0xff, 0xbc, 0x0, 0x0, 0x1c, 0xff, 0xff, 0xff, 0xff, 0xff ] ]
    ]
  ],
  [
    'Y',
    [
      [ [ 0xff, 0xff, 0xff, 0xff, 0xff, 0xff, 0xff, 0xff, 0xff, 0xff, 0xff, 0xff, 0xff, 0xff, 0xff ] ],
      [ [ 0xff, 0xff, 0xff, 0xff, 0xff, 0xff, 0xff, 0xff, 0xff, 0xff, 0xff, 0xff, 0xff, 0xff, 0xff ] ],
      [ [ 0xff, 0xff, 0xff, 0xff, 0xff, 0xff, 0xff, 0xff, 0xff, 0xff, 0xff, 0xff, 0xff, 0xff, 0xff ] ],
      [ [ 0xff, 0xff, 0xff, 0xff, 0xff, 0xff, 0xff, 0xff, 0xff, 0xff, 0xff, 0xff, 0xff, 0xff, 0xff ] ],
      [ [ 0xff, 0xff, 0xff, 0xff, 0xff, 0xff, 0xff, 0xff, 0xff, 0xff, 0xff, 0xff, 0xff, 0xff, 0xff ] ],
      [ [ 0xff, 0xff, 0xff, 0xff, 0xff, 0xff, 0xff, 0xff, 0xff, 0xff, 0xff, 0xff, 0xff, 0xff, 0xff ] ],
      [ [ 0xff, 0xff, 0xff, 0xff, 0xff, 0xff, 0xff, 0xff, 0xff, 0xff, 0xff, 0xff, 0xff, 0xff, 0xff ] ],
      [ [ 0xcc, 0x60, 0x1e, 0xff, 0xff, 0xff, 0xff, 0xff, 0xff, 0xff, 0xff, 0xff, 0xff, 0xff, 0xff ] ],
      [ [ 0x0, 0x0, 0x0, 0xf7, 0x14, 0x0, 0x1, 0x2, 0x2, 0x2, 0x2, 0x1, 0x1, 0xff, 0xff ] ],
      [ [ 0x2f, 0x0, 0x0, 0xb7, 0xcc, 0xad, 0x3f, 0x0, 0x0, 0x0, 0x46, 0xab, 0xba, 0xff, 0xff ] ],
      [ [ 0xff, 0x53, 0x0, 0x77, 0xff, 0xff, 0xe4, 0x0, 0x0, 0x7, 0xff, 0xff, 0xff, 0xff, 0xff ] ],
      [ [ 0xff, 0xfd, 0x9, 0x43, 0xff, 0xff, 0xf9, 0x0, 0x0, 0xd, 0xff, 0xff, 0xff, 0xff, 0xff ] ],
      [ [ 0xff, 0xff, 0x6f, 0x21, 0xff, 0xff, 0xf9, 0x0, 0x0, 0xf, 0xff, 0xff, 0xff, 0xff, 0xff ] ],
      [ [ 0xff, 0xff, 0xff, 0xf3, 0xff, 0xff, 0xf9, 0x0, 0x0, 0x10, 0xff, 0xff, 0xff, 0xff, 0xff ] ],
      [ [ 0xff, 0xff, 0xff, 0xff, 0xff, 0xff, 0xf9, 0x0, 0x0, 0x11, 0xff, 0xff, 0xff, 0xff, 0xff ] ],
      [ [ 0xff, 0xff, 0xff, 0xff, 0xff, 0xff, 0xf9, 0x0, 0x0, 0x11, 0xff, 0xff, 0xff, 0xff, 0xff ] ],
      [ [ 0xff, 0xff, 0xff, 0xff, 0xff, 0xff, 0xf9, 0x0, 0x0, 0x10, 0xff, 0xff, 0xff, 0xff, 0xff ] ],
      [ [ 0xff, 0xff, 0xff, 0xff, 0xff, 0xff, 0xf9, 0x0, 0x0, 0xe, 0xff, 0xff, 0xff, 0xff, 0xff ] ],
      [ [ 0xff, 0xff, 0xff, 0xff, 0xff, 0xff, 0xfd, 0x0, 0x0, 0xb, 0xff, 0xff, 0xff, 0xff, 0xff ] ],
      [ [ 0xff, 0xff, 0xff, 0xff, 0xff, 0xff, 0xff, 0x0, 0x0, 0x8, 0xff, 0xff, 0xff, 0xff, 0xff ] ],
      [ [ 0xff, 0xff, 0xff, 0xff, 0xff, 0xff, 0xff, 0x0, 0x0, 0x6, 0xff, 0xff, 0xff, 0xff, 0xff ] ],
      [ [ 0xff, 0xff, 0xff, 0xff, 0xff, 0xff, 0xff, 0x1, 0x0, 0x4, 0xff, 0xff, 0xff, 0xff, 0xff ] ],
      [ [ 0xff, 0xff, 0xff, 0xff, 0xff, 0xff, 0xff, 0x6, 0x0, 0x1, 0xff, 0xff, 0xff, 0xff, 0xff ] ],
      [ [ 0xff, 0xff, 0xff, 0xff, 0xff, 0xff, 0xff, 0x13, 0x0, 0x0, 0xe0, 0xff, 0xff, 0xff, 0xff ] ],
      [ [ 0xff, 0xff, 0xff, 0xff, 0xff, 0xff, 0xff, 0x3e, 0x0, 0x0, 0x76, 0xff, 0xff, 0xff, 0xff ] ],
      [ [ 0xff, 0xff, 0xff, 0xff, 0xff, 0xff, 0xff, 0xb5, 0x0, 0x0, 0x10, 0xfd, 0xff, 0xff, 0xff ] ]
    ]
  ],
  [
    'Z',
    [
      [ [ 0xff, 0xff, 0xff, 0xff, 0xff, 0xff, 0xff, 0xff, 0xff, 0xff, 0xff, 0xff, 0xff, 0xff, 0xff ] ],
      [ [ 0xff, 0xff, 0xff, 0xff, 0xff, 0xff, 0xff, 0xff, 0xff, 0xff, 0xff, 0xff, 0xff, 0xff, 0xff ] ],
      [ [ 0xff, 0xff, 0xff, 0xff, 0xff, 0xff, 0xff, 0xff, 0xff, 0xff, 0xff, 0xff, 0xff, 0xff, 0xff ] ],
      [ [ 0xff, 0xff, 0xff, 0xff, 0xff, 0xff, 0xff, 0xff, 0xff, 0xff, 0xff, 0xff, 0xff, 0xff, 0xff ] ],
      [ [ 0xff, 0xff, 0xff, 0xff, 0xff, 0xff, 0xff, 0xff, 0xff, 0xff, 0xff, 0xff, 0xff, 0xff, 0xff ] ],
      [ [ 0xff, 0xff, 0xff, 0xff, 0xff, 0xff, 0xff, 0xff, 0xff, 0xff, 0xff, 0xff, 0xff, 0xff, 0xff ] ],
      [ [ 0xff, 0xff, 0xff, 0xff, 0xff, 0xff, 0xff, 0xff, 0xff, 0xff, 0xff, 0xff, 0xff, 0xff, 0xff ] ],
      [ [ 0xff, 0xff, 0xff, 0xff, 0xff, 0xff, 0xff, 0xff, 0xff, 0xff, 0xff, 0xff, 0xff, 0xff, 0xff ] ],
      [ [ 0xff, 0xff, 0xff, 0x77, 0x0, 0x1, 0x2, 0x2, 0x2, 0x1, 0x0, 0x8f, 0x0, 0x1, 0x2 ] ],
      [ [ 0xff, 0xff, 0xff, 0xed, 0xb0, 0x7e, 0x3, 0x0, 0x7, 0x97, 0xb0, 0xf7, 0xab, 0x35, 0x0 ] ],
      [ [ 0xff, 0xff, 0xff, 0xff, 0xff, 0xff, 0x43, 0x0, 0x47, 0xff, 0xff, 0xff, 0xff, 0xfd, 0x5 ] ],
      [ [ 0xff, 0xff, 0xff, 0xff, 0xff, 0xff, 0x61, 0x0, 0x55, 0xff, 0xff, 0xff, 0xff, 0xff, 0x43 ] ],
      [ [ 0xff, 0xff, 0xff, 0xff, 0xff, 0xff, 0x6b, 0x0, 0x57, 0xff, 0xff, 0xff, 0xff, 0xff, 0xc0 ] ],
      [ [ 0xff, 0xff, 0xff, 0xff, 0xff, 0xff, 0x72, 0x0, 0x5a, 0xff, 0xff, 0xff, 0xff, 0xff, 0xff ] ],
      [ [ 0xff, 0xff, 0xff, 0xff, 0xff, 0xff, 0x76, 0x0, 0x5b, 0xff, 0xff, 0xff, 0xff, 0xff, 0xff ] ],
      [ [ 0xff, 0xff, 0xff, 0xff, 0xff, 0xff, 0x78, 0x0, 0x5c, 0xff, 0xff, 0xff, 0xff, 0xff, 0xff ] ],
      [ [ 0xff, 0xff, 0xff, 0xff, 0xff, 0xff, 0x7a, 0x0, 0x60, 0xff, 0xff, 0xff, 0xff, 0xff, 0xff ] ],
      [ [ 0xff, 0xff, 0xff, 0xff, 0xff, 0xff, 0x7a, 0x0, 0x66, 0xff, 0xff, 0xff, 0xff, 0xff, 0xff ] ],
      [ [ 0xff, 0xff, 0xff, 0xff, 0xff, 0xff, 0x7a, 0x0, 0x6b, 0xff, 0xff, 0xff, 0xff, 0xff, 0xff ] ],
      [ [ 0xff, 0xff, 0xff, 0xff, 0xff, 0xff, 0x7a, 0x0, 0x74, 0xff, 0xff, 0xff, 0xff, 0xff, 0xff ] ],
      [ [ 0xff, 0xff, 0xff, 0xff, 0xff, 0xff, 0x7a, 0x0, 0x7c, 0xff, 0xff, 0xff, 0xff, 0xff, 0xff ] ],
      [ [ 0xff, 0xff, 0xff, 0xff, 0xff, 0xff, 0x6b, 0x0, 0x91, 0xff, 0xff, 0xff, 0xff, 0xff, 0xff ] ],
      [ [ 0xff, 0xff, 0xff, 0xff, 0xff, 0xff, 0x48, 0x0, 0xdc, 0xff, 0xff, 0xff, 0xff, 0xff, 0xff ] ],
      [ [ 0xff, 0xff, 0xff, 0xff, 0xff, 0xff, 0x2c, 0x7, 0xff, 0xff, 0xff, 0xff, 0xff, 0xff, 0xff ] ],
      [ [ 0xff, 0xff, 0xff, 0xff, 0xff, 0xff, 0x8, 0x26, 0xff, 0xff, 0xff, 0xff, 0xff, 0xff, 0xff ] ],
      [ [ 0xff, 0xff, 0xff, 0xff, 0xff, 0x73, 0x0, 0xaf, 0xff, 0xff, 0xff, 0xff, 0xff, 0xff, 0xff ] ]
    ]
  ],
  [
    '[',
    [
      [ [ 0xff, 0xff, 0xff, 0xff, 0xff, 0xff, 0xff, 0xff, 0xff, 0xff, 0xff, 0xff, 0xff, 0xff, 0xff ] ],
      [ [ 0xff, 0xff, 0xff, 0xff, 0xff, 0xff, 0xff, 0xff, 0xff, 0xff, 0xff, 0xff, 0xff, 0xff, 0xff ] ],
      [ [ 0xff, 0xff, 0xff, 0xff, 0xff, 0xff, 0xff, 0xff, 0xff, 0xff, 0xff, 0xff, 0xff, 0xff, 0xff ] ],
      [ [ 0xff, 0xff, 0xff, 0xff, 0xff, 0xff, 0xff, 0xff, 0xff, 0xff, 0xff, 0xff, 0xff, 0xff, 0xff ] ],
      [ [ 0xff, 0xff, 0xff, 0xff, 0xff, 0xff, 0xff, 0xff, 0xff, 0xff, 0xff, 0xff, 0xff, 0xff, 0xff ] ],
      [ [ 0xff, 0xff, 0xff, 0xff, 0xff, 0xff, 0xff, 0xff, 0xff, 0xff, 0xff, 0xff, 0xff, 0xff, 0xff ] ],
      [ [ 0xff, 0xff, 0xff, 0xff, 0xff, 0xff, 0xff, 0xff, 0xff, 0xff, 0xff, 0xff, 0xff, 0xff, 0xff ] ],
      [ [ 0xff, 0xff, 0xff, 0xff, 0xff, 0xff, 0xff, 0xff, 0xff, 0xff, 0xff, 0xff, 0xff, 0xff, 0xff ] ],
      [ [ 0x2, 0x2, 0x2, 0x1, 0x0, 0xd7, 0xff, 0xff, 0xff, 0xff, 0x66, 0x0, 0x1, 0x2, 0x2 ] ],
      [ [ 0x0, 0x0, 0x37, 0xa7, 0xb4, 0xff, 0xff, 0xff, 0xff, 0xff, 0xe6, 0xa3, 0x12, 0x0, 0x0 ] ],
      [ [ 0x0, 0x0, 0x92, 0xff, 0xff, 0xff, 0xff, 0xff, 0xff, 0xff, 0xff, 0xff, 0x21, 0x0, 0x45 ] ],
      [ [ 0x0, 0x0, 0x4f, 0xff, 0xff, 0xff, 0xff, 0xff, 0xff, 0xff, 0xff, 0xf7, 0x2, 0x4, 0xf3 ] ],
      [ [ 0x0, 0x0, 0x15, 0xff, 0xff, 0xff, 0xff, 0xff, 0xff, 0xff, 0xff, 0x82, 0x0, 0x56, 0xff ] ],
      [ [ 0xd, 0x0, 0x0, 0xea, 0xff, 0xff, 0xff, 0xff, 0xff, 0xff, 0xff, 0x22, 0x2, 0xeb, 0xff ] ],
      [ [ 0x55, 0x0, 0x0, 0x76, 0xff, 0xff, 0xff, 0xff, 0xff, 0xff, 0xeb, 0x1, 0x3d, 0xff, 0xff ] ],
      [ [ 0xd5, 0x0, 0x0, 0x21, 0xff, 0xff, 0xff, 0xff, 0xff, 0xff, 0x6e, 0x0, 0xce, 0xff, 0xff ] ],
      [ [ 0xff, 0x14, 0x0, 0x1, 0xef, 0xff, 0xff, 0xff, 0xff, 0xff, 0x17, 0x1f, 0xff, 0xff, 0xff ] ],
      [ [ 0xff, 0x61, 0x0, 0x0, 0x78, 0xff, 0xff, 0xff, 0xff, 0xce, 0x0, 0x97, 0xff, 0xff, 0xff ] ],
      [ [ 0xff, 0xda, 0x0, 0x0, 0x1e, 0xff, 0xff, 0xff, 0xff, 0x45, 0x8, 0xff, 0xff, 0xff, 0xff ] ],
      [ [ 0xff, 0xff, 0x1a, 0x0, 0x0, 0xe8, 0xff, 0xff, 0xfb, 0x4, 0x5b, 0xff, 0xff, 0xff, 0xff ] ],
      [ [ 0xff, 0xff, 0x78, 0x0, 0x0, 0x68, 0xff, 0xff, 0x84, 0x1, 0xe8, 0xff, 0xff, 0xff, 0xff ] ],
      [ [ 0xff, 0xff, 0xf5, 0x2, 0x0, 0x15, 0xff, 0xff, 0x19, 0x31, 0xff, 0xff, 0xff, 0xff, 0xff ] ],
      [ [ 0xff, 0xff, 0xff, 0x2f, 0x0, 0x0, 0xd1, 0xcc, 0x0, 0xb9, 0xff, 0xff, 0xff, 0xff, 0xff ] ],
      [ [ 0xff, 0xff, 0xff, 0xa3, 0x0, 0x0, 0x4d, 0x3e, 0x14, 0xff, 0xff, 0xff, 0xff, 0xff, 0xff ] ],
      [ [ 0xff, 0xff, 0xff, 0xff, 0x8, 0x0, 0x7, 0x2, 0x7f, 0xff, 0xff, 0xff, 0xff, 0xff, 0xff ] ],
      [ [ 0xff, 0xff, 0xff, 0xff, 0x4b, 0x0, 0x0, 0x5, 0xfb, 0xff, 0xff, 0xff, 0xff, 0xff, 0xff ] ]
    ]
  ],
  [
    '\\',
    [
      [ [ 0xff, 0xff, 0xff, 0xff, 0xff, 0xff, 0xff, 0xff, 0xff, 0xff, 0xff, 0xff, 0xff, 0xff, 0xff ] ],
      [ [ 0xff, 0xff, 0xff, 0xff, 0xff, 0xff, 0xff, 0xff, 0xff, 0xff, 0xff, 0xff, 0xff, 0xff, 0xff ] ],
      [ [ 0xff, 0xff, 0xff, 0xff, 0xff, 0xff, 0xff, 0xff, 0xff, 0xff, 0xff, 0xff, 0xff, 0xff, 0xff ] ],
      [ [ 0xff, 0xff, 0xff, 0xff, 0xff, 0xff, 0xff, 0xff, 0xff, 0xff, 0xff, 0xff, 0xff, 0xff, 0xff ] ],
      [ [ 0xff, 0xff, 0xff, 0xff, 0xff, 0xff, 0xff, 0xff, 0xff, 0xff, 0xff, 0xff, 0xff, 0xff, 0xff ] ],
      [ [ 0xff, 0xff, 0xff, 0xff, 0xff, 0xff, 0xff, 0xff, 0xff, 0xff, 0xff, 0xff, 0xff, 0xff, 0xff ] ],
      [ [ 0xff, 0xff, 0xff, 0xff, 0xff, 0xff, 0xff, 0xff, 0xff, 0xff, 0xff, 0xff, 0xff, 0xff, 0xff ] ],
      [ [ 0xff, 0xff, 0xff, 0xff, 0xff, 0xff, 0xff, 0xff, 0xff, 0xff, 0xff, 0xff, 0xff, 0xff, 0xff ] ],
      [ [ 0x2, 0x1, 0x0, 0x2, 0x2, 0x2, 0x2, 0x1, 0x8, 0xff, 0xff, 0xff, 0xff, 0xff, 0x17 ] ],
      [ [ 0x31, 0x81, 0x88, 0x2b, 0x0, 0x0, 0x0, 0x3a, 0xc5, 0xff, 0xff, 0xff, 0xff, 0xff, 0xcc ] ],
      [ [ 0xff, 0xff, 0xff, 0xf5, 0x2, 0x0, 0x0, 0x6f, 0xff, 0xff, 0xff, 0xff, 0xff, 0xff, 0xff ] ],
      [ [ 0xff, 0xff, 0xff, 0xff, 0x32, 0x0, 0x0, 0x1d, 0xff, 0xff, 0xff, 0xff, 0xff, 0xff, 0xff ] ],
      [ [ 0xff, 0xff, 0xff, 0xff, 0xa7, 0x0, 0x0, 0x0, 0xeb, 0xff, 0xff, 0xff, 0xff, 0xff, 0xff ] ],
      [ [ 0xff, 0xff, 0xff, 0xff, 0xff, 0x8, 0x0, 0x0, 0x72, 0xff, 0xff, 0xff, 0xff, 0xff, 0xff ] ],
      [ [ 0xff, 0xff, 0xff, 0xff, 0xff, 0x49, 0x0, 0x0, 0x1d, 0xff, 0xff, 0xff, 0xff, 0xff, 0xff ] ],
      [ [ 0xff, 0xff, 0xff, 0xff, 0xff, 0xca, 0x0, 0x0, 0x0, 0xeb, 0xff, 0xff, 0xff, 0xff, 0xff ] ],
      [ [ 0xff, 0xff, 0xff, 0xff, 0xff, 0xff, 0x12, 0x0, 0x0, 0x72, 0xff, 0xff, 0xff, 0xff, 0xed ] ],
      [ [ 0xff, 0xff, 0xff, 0xff, 0xff, 0xff, 0x65, 0x0, 0x0, 0x1c, 0xff, 0xff, 0xff, 0xff, 0x70 ] ],
      [ [ 0xff, 0xff, 0xff, 0xff, 0xff, 0xff, 0xe8, 0x0, 0x0, 0x0, 0xea, 0xff, 0xff, 0xff, 0x19 ] ],
      [ [ 0xff, 0xff, 0xff, 0xff, 0xff, 0xff, 0xff, 0x21, 0x0, 0x0, 0x70, 0xff, 0xff, 0xde, 0x0 ] ],
      [ [ 0xff, 0xff, 0xff, 0xff, 0xff, 0xff, 0xff, 0x85, 0x0, 0x0, 0x1c, 0xff, 0xff, 0x5d, 0xa ] ],
      [ [ 0xff, 0xff, 0xff, 0xff, 0xff, 0xff, 0xff, 0xf9, 0x3, 0x0, 0x0, 0xea, 0xff, 0x10, 0x53 ] ],
      [ [ 0xff, 0xff, 0xff, 0xff, 0xff, 0xff, 0xff, 0xff, 0x35, 0x0, 0x0, 0x70, 0xc8, 0x0, 0xd9 ] ],
      [ [ 0xff, 0xff, 0xff, 0xff, 0xff, 0xff, 0xff, 0xff, 0xaa, 0x0, 0x0, 0x1c, 0x4a, 0x1a, 0xff ] ],
      [ [ 0xff, 0xff, 0xff, 0xff, 0xff, 0xff, 0xff, 0xff, 0xff, 0x8, 0x0, 0x0, 0x7, 0x7b, 0xff ] ],
      [ [ 0xff, 0xff, 0xff, 0xff, 0xff, 0xff, 0xff, 0xff, 0xff, 0x4c, 0x0, 0x0, 0x2, 0xf5, 0xff ] ]
    ]
  ],
  [
    ']',
    [
      [ [ 0xff, 0xff, 0xff, 0xff, 0xff, 0xff, 0xff, 0xff, 0xff, 0xff, 0xff, 0xff, 0xff, 0xff, 0xff ] ],
      [ [ 0xff, 0xff, 0xff, 0xff, 0xff, 0xff, 0xff, 0xff, 0xff, 0xff, 0xff, 0xff, 0xff, 0xff, 0xff ] ],
      [ [ 0xff, 0xff, 0xff, 0xff, 0xff, 0xff, 0xff, 0xff, 0xff, 0xff, 0xff, 0xff, 0xff, 0xff, 0xff ] ],
      [ [ 0xff, 0xff, 0xff, 0xff, 0xff, 0xff, 0xff, 0xff, 0xff, 0xff, 0xff, 0xff, 0xff, 0xff, 0xff ] ],
      [ [ 0xff, 0xff, 0xff, 0xff, 0xff, 0xff, 0xff, 0xff, 0xff, 0xff, 0xff, 0xff, 0xff, 0xff, 0xff ] ],
      [ [ 0xff, 0xff, 0xff, 0xff, 0xff, 0xff, 0xff, 0xff, 0xff, 0xff, 0xff, 0xff, 0xff, 0xff, 0xff ] ],
      [ [ 0xff, 0xff, 0xff, 0xff, 0xff, 0xff, 0xff, 0xff, 0xff, 0xff, 0xff, 0xff, 0xff, 0xff, 0xff ] ],
      [ [ 0xff, 0xff, 0xff, 0xff, 0xff, 0xff, 0xff, 0xff, 0xff, 0xff, 0xff, 0xff, 0xff, 0xff, 0xff ] ],
      [ [ 0x1, 0x2, 0x2, 0x2, 0x2, 0x1, 0x0, 0x86, 0xff, 0xff, 0xff, 0xff, 0x32, 0x0, 0x2 ] ],
      [ [ 0x92, 0xa, 0x0, 0x0, 0x0, 0x58, 0xb0, 0xf1, 0xff, 0xff, 0xff, 0xff, 0xd9, 0x98, 0xb ] ],
      [ [ 0xff, 0x8f, 0x0, 0x0, 0x0, 0xc3, 0xff, 0xff, 0xff, 0xff, 0xff, 0xff, 0xff, 0xff, 0x27 ] ],
      [ [ 0xff, 0x6f, 0x0, 0x0, 0x0, 0x54, 0xff, 0xff, 0xff, 0xff, 0xff, 0xff, 0xff, 0xff, 0x8 ] ],
      [ [ 0xff, 0x21, 0x1, 0x0, 0x0, 0x10, 0xff, 0xff, 0xff, 0xff, 0xff, 0xff, 0xff, 0xce, 0x0 ] ],
      [ [ 0xf3, 0x1, 0x57, 0x2, 0x0, 0x0, 0xd3, 0xff, 0xff, 0xff, 0xff, 0xff, 0xff, 0x5c, 0x0 ] ],
      [ [ 0x7c, 0x0, 0xe0, 0x2e, 0x0, 0x0, 0x5b, 0xff, 0xff, 0xff, 0xff, 0xff, 0xff, 0x15, 0x2 ] ],
      [ [ 0x21, 0x1e, 0xff, 0x9a, 0x0, 0x0, 0x13, 0xff, 0xff, 0xff, 0xff, 0xff, 0xe2, 0x0, 0x35 ] ],
      [ [ 0x1, 0x82, 0xff, 0xff, 0x5, 0x0, 0x0, 0xda, 0xff, 0xff, 0xff, 0xff, 0x67, 0x0, 0xb2 ] ],
      [ [ 0x2, 0xf9, 0xff, 0xff, 0x3c, 0x0, 0x0, 0x62, 0xff, 0xff, 0xff, 0xff, 0x18, 0xd, 0xff ] ],
      [ [ 0x35, 0xff, 0xff, 0xff, 0xb4, 0x0, 0x0, 0x16, 0xff, 0xff, 0xff, 0xe2, 0x0, 0x5c, 0xff ] ],
      [ [ 0xad, 0xff, 0xff, 0xff, 0xff, 0x9, 0x0, 0x0, 0xe2, 0xff, 0xff, 0x63, 0x0, 0xe4, 0xff ] ],
      [ [ 0xff, 0xff, 0xff, 0xff, 0xff, 0x4c, 0x0, 0x0, 0x68, 0xff, 0xff, 0x14, 0x24, 0xff, 0xff ] ],
      [ [ 0xff, 0xff, 0xff, 0xff, 0xff, 0xca, 0x0, 0x0, 0x1a, 0xff, 0xd7, 0x0, 0x92, 0xff, 0xff ] ],
      [ [ 0xff, 0xff, 0xff, 0xff, 0xff, 0xff, 0x11, 0x0, 0x0, 0xe8, 0x56, 0x5, 0xff, 0xff, 0xff ] ],
      [ [ 0xff, 0xff, 0xff, 0xff, 0xff, 0xff, 0x5d, 0x0, 0x0, 0x70, 0xd, 0x48, 0xff, 0xff, 0xff ] ],
      [ [ 0xff, 0xff, 0xff, 0xff, 0xff, 0xff, 0xde, 0x0, 0x0, 0xb, 0x0, 0xce, 0xff, 0xff, 0xff ] ],
      [ [ 0xff, 0xff, 0xff, 0xff, 0xff, 0xff, 0xff, 0x19, 0x0, 0x0, 0x18, 0xff, 0xff, 0xff, 0xff ] ]
    ]
  ],
  [
    '^',
    [
      [ [ 0xff, 0xff, 0xff, 0xff, 0xff, 0xff, 0xff, 0xff, 0xff, 0xff, 0xff, 0xff, 0xff, 0xff, 0xff ] ],
      [ [ 0xff, 0xff, 0xff, 0xff, 0xff, 0xff, 0xff, 0xff, 0xff, 0xff, 0xff, 0xff, 0xff, 0xff, 0xff ] ],
      [ [ 0xff, 0xff, 0xff, 0xff, 0xff, 0xff, 0xff, 0xff, 0xff, 0xff, 0xff, 0xff, 0xff, 0xff, 0xff ] ],
      [ [ 0xff, 0xff, 0xff, 0xff, 0xff, 0xff, 0xff, 0xff, 0xff, 0xff, 0xff, 0xff, 0xff, 0xff, 0xff ] ],
      [ [ 0xff, 0xff, 0xff, 0xff, 0xff, 0xff, 0xff, 0xff, 0xff, 0xff, 0xff, 0xff, 0xff, 0xff, 0xff ] ],
      [ [ 0xff, 0xff, 0xff, 0xff, 0xff, 0xff, 0xff, 0xff, 0xff, 0xff, 0xff, 0xff, 0xff, 0xff, 0xff ] ],
      [ [ 0xff, 0xff, 0xff, 0xff, 0xff, 0xff, 0xff, 0xff, 0xff, 0xff, 0xff, 0xff, 0xff, 0xff, 0xff ] ],
      [ [ 0xff, 0xff, 0xff, 0xff, 0xff, 0xff, 0xff, 0xff, 0xff, 0xff, 0xff, 0xff, 0xff, 0xff, 0xff ] ],
      [ [ 0x2, 0x2, 0x1, 0x0, 0x1, 0x2, 0x2, 0x2, 0x2, 0x2, 0x1, 0x0, 0x97, 0xff, 0xff ] ],
      [ [ 0x0, 0x1, 0x74, 0x91, 0xa8, 0x5c, 0x0, 0x0, 0x0, 0x1, 0x8e, 0xb0, 0xf9, 0xff, 0xff ] ],
      [ [ 0x0, 0x43, 0xff, 0xff, 0xff, 0xff, 0x70, 0x0, 0x0, 0x0, 0xbe, 0xff, 0xff, 0xff, 0xff ] ],
      [ [ 0x0, 0xcc, 0xff, 0xff, 0xff, 0xff, 0xff, 0x32, 0x0, 0x0, 0x11, 0xfd, 0xff, 0xff, 0xff ] ],
      [ [ 0x17, 0xff, 0xff, 0xff, 0xff, 0xff, 0xff, 0xf5, 0xc, 0x0, 0x0, 0x5a, 0xff, 0xff, 0xff ] ],
      [ [ 0x77, 0xff, 0xff, 0xff, 0xff, 0xff, 0xff, 0xff, 0xc3, 0x1, 0x0, 0x1, 0xc1, 0xff, 0xff ] ],
      [ [ 0xf5, 0xff, 0xff, 0xff, 0xff, 0xff, 0xff, 0xff, 0xff, 0x70, 0x0, 0x0, 0x11, 0xfd, 0xdc ] ],
      [ [ 0xff, 0xff, 0xff, 0xff, 0xff, 0xff, 0xff, 0xff, 0xff, 0xff, 0x28, 0x0, 0x0, 0x47, 0x12 ] ],
      [ [ 0xff, 0xff, 0xff, 0xff, 0xff, 0xff, 0xff, 0xff, 0xff, 0xff, 0xeb, 0x6, 0x0, 0x0, 0x8 ] ],
      [ [ 0xff, 0xff, 0xff, 0xff, 0xff, 0xff, 0xff, 0xff, 0xff, 0xff, 0xff, 0xa0, 0x0, 0x0, 0x7 ] ],
      [ [ 0xff, 0xff, 0xff, 0xff, 0xff, 0xff, 0xff, 0xff, 0xff, 0xff, 0xff, 0xa0, 0x0, 0x0, 0x0 ] ],
      [ [ 0xff, 0xff, 0xff, 0xff, 0xff, 0xff, 0xff, 0xff, 0xff, 0xff, 0xe4, 0x5, 0x42, 0x6, 0x0 ] ],
      [ [ 0xff, 0xff, 0xff, 0xff, 0xff, 0xff, 0xff, 0xff, 0xff, 0xff, 0x21, 0xf, 0xfb, 0x8e, 0x0 ] ],
      [ [ 0xff, 0xff, 0xff, 0xff, 0xff, 0xff, 0xff, 0xff, 0xff, 0x6b, 0x1, 0xbe, 0xff, 0xff, 0x21 ] ],
      [ [ 0xff, 0xff, 0xff, 0xff, 0xff, 0xff, 0xff, 0xff, 0xc3, 0x1, 0x57, 0xff, 0xff, 0xff, 0xd1 ] ],
      [ [ 0xff, 0xff, 0xff, 0xff, 0xff, 0xff, 0xff, 0xf5, 0xc, 0x11, 0xfd, 0xff, 0xff, 0xff, 0xff ] ],
      [ [ 0xff, 0xff, 0xff, 0xff, 0xff, 0xff, 0xff, 0x34, 0x0, 0xc0, 0xff, 0xff, 0xff, 0xff, 0xff ] ],
      [ [ 0xff, 0xff, 0xff, 0xff, 0xff, 0xff, 0x72, 0x0, 0x4f, 0xff, 0xff, 0xff, 0xff, 0xff, 0xff ] ]
    ]
  ],
  [
    '_',
    [
      [ [ 0xff, 0xff, 0xff, 0xff, 0xff, 0xff, 0xff, 0xff, 0xff, 0xff, 0xff, 0xff, 0xff, 0xff, 0xff ] ],
      [ [ 0xff, 0xff, 0xff, 0xff, 0xff, 0xff, 0xff, 0xff, 0xff, 0xff, 0xff, 0xff, 0xff, 0xff, 0xff ] ],
      [ [ 0xff, 0xff, 0xff, 0xff, 0xff, 0xff, 0xff, 0xff, 0xff, 0xff, 0xff, 0xff, 0xff, 0xff, 0xff ] ],
      [ [ 0xff, 0xff, 0xff, 0xff, 0xff, 0xff, 0xff, 0xff, 0xff, 0xff, 0xff, 0xff, 0xff, 0xff, 0xff ] ],
      [ [ 0xff, 0xff, 0xff, 0xff, 0xff, 0xff, 0xff, 0xff, 0xff, 0xff, 0xff, 0xff, 0xff, 0xff, 0xff ] ],
      [ [ 0xff, 0xff, 0xff, 0xff, 0xff, 0xff, 0xff, 0xff, 0xff, 0xff, 0xff, 0xff, 0xff, 0xff, 0xff ] ],
      [ [ 0xff, 0xff, 0xff, 0xff, 0xff, 0xff, 0xff, 0xff, 0xff, 0xff, 0xff, 0xff, 0xff, 0xff, 0xff ] ],
      [ [ 0xff, 0xff, 0xff, 0xff, 0xff, 0xff, 0xff, 0xff, 0xff, 0xff, 0xff, 0xff, 0xff, 0xff, 0xff ] ],
      [ [ 0xff, 0xe8, 0x0, 0x1, 0x2, 0x2, 0x1, 0x1, 0xa, 0x0, 0x1, 0x2, 0x2, 0x2, 0x2 ] ],
      [ [ 0xff, 0xff, 0xad, 0x11, 0x0, 0x4, 0x73, 0xad, 0xba, 0xa3, 0x3e, 0x0, 0x0, 0x0, 0x2 ] ],
      [ [ 0xff, 0xff, 0xf7, 0xb, 0x3, 0xc3, 0xff, 0xff, 0xff, 0xff, 0xff, 0x40, 0x0, 0x0, 0x1 ] ],
      [ [ 0xff, 0xff, 0x35, 0x1, 0xab, 0xff, 0xff, 0xff, 0xff, 0xff, 0xff, 0xf5, 0x9, 0x0, 0x0 ] ],
      [ [ 0xff, 0x72, 0x0, 0x8c, 0xff, 0xff, 0xff, 0xff, 0xff, 0xff, 0xff, 0xff, 0x9f, 0x0, 0x0 ] ],
      [ [ 0xad, 0x1, 0x63, 0xff, 0xff, 0xff, 0xff, 0xff, 0xff, 0xff, 0xff, 0xff, 0xff, 0x2d, 0x0 ] ],
      [ [ 0x5, 0x3a, 0xff, 0xff, 0xff, 0xff, 0xff, 0xff, 0xff, 0xff, 0xff, 0xff, 0xff, 0xe2, 0x3 ] ],
      [ [ 0x1b, 0xfd, 0xff, 0xff, 0xff, 0xff, 0xff, 0xff, 0xff, 0xff, 0xff, 0xff, 0xff, 0xff, 0x6e ] ],
      [ [ 0xea, 0xff, 0xff, 0xff, 0xff, 0xff, 0xff, 0xff, 0xff, 0xff, 0xff, 0xff, 0xff, 0xff, 0xff ] ],
      [ [ 0xf3, 0xff, 0xff, 0xff, 0xff, 0xff, 0xff, 0xff, 0xff, 0xff, 0xff, 0xff, 0xff, 0xff, 0xff ] ],
      [ [ 0x40, 0xff, 0xff, 0xff, 0xff, 0xff, 0xff, 0xff, 0xff, 0xff, 0xff, 0xff, 0xff, 0xff, 0xff ] ],
      [ [ 0x0, 0xb5, 0xff, 0xff, 0xff, 0xff, 0xff, 0xff, 0xff, 0xff, 0xff, 0xff, 0xff, 0xff, 0xff ] ],
      [ [ 0x0, 0xf, 0xfd, 0xff, 0xff, 0xff, 0xff, 0xff, 0xff, 0xff, 0xff, 0xff, 0xff, 0xff, 0xff ] ],
      [ [ 0x0, 0x0, 0x5c, 0xff, 0xff, 0xff, 0xff, 0xff, 0xff, 0xff, 0xff, 0xff, 0xff, 0xff, 0xff ] ],
      [ [ 0x1, 0x0, 0x1, 0xd0, 0xff, 0xff, 0xff, 0xff, 0xff, 0xff, 0xff, 0xff, 0xff, 0xff, 0xff ] ],
      [ [ 0x54, 0x0, 0x0, 0x1c, 0xff, 0xff, 0xff, 0xff, 0xff, 0xff, 0xff, 0xff, 0xff, 0xff, 0xff ] ],
      [ [ 0xf9, 0x8, 0x0, 0x0, 0x78, 0xff, 0xff, 0xff, 0xff, 0xff, 0xff, 0xff, 0xff, 0xff, 0xff ] ],
      [ [ 0xff, 0x91, 0x0, 0x0, 0x3, 0xe0, 0xff, 0xff, 0xff, 0xff, 0xff, 0xff, 0xff, 0xff, 0xff ] ]
    ]
  ],
  [
    '`',
    [
      [ [ 0xff, 0xff, 0xff, 0xff, 0xff, 0xff, 0xff, 0xff, 0xff, 0xff, 0xff, 0xff, 0xff, 0xff, 0xff ] ],
      [ [ 0xff, 0xff, 0xff, 0xff, 0xff, 0xff, 0xff, 0xff, 0xff, 0xff, 0xff, 0xff, 0xff, 0xff, 0xff ] ],
      [ [ 0xff, 0xff, 0xff, 0xff, 0xff, 0xff, 0xff, 0xff, 0xff, 0xff, 0xff, 0xff, 0xff, 0xff, 0xff ] ],
      [ [ 0xff, 0xff, 0xff, 0xff, 0xff, 0xff, 0xff, 0xff, 0xff, 0xff, 0xff, 0xff, 0xff, 0xff, 0xff ] ],
      [ [ 0xff, 0xff, 0xff, 0xff, 0xff, 0xff, 0xff, 0xff, 0xff, 0xff, 0xff, 0xff, 0xff, 0xff, 0xff ] ],
      [ [ 0xff, 0xff, 0xff, 0xff, 0xff, 0xff, 0xff, 0xff, 0xff, 0xff, 0xff, 0xff, 0xff, 0xff, 0xff ] ],
      [ [ 0xff, 0xff, 0xff, 0xff, 0xff, 0xff, 0xff, 0xff, 0xff, 0xff, 0xff, 0xff, 0xff, 0xff, 0xff ] ],
      [ [ 0xff, 0xff, 0xff, 0xff, 0xff, 0xff, 0xff, 0xff, 0xff, 0xff, 0xff, 0xff, 0xff, 0xff, 0xff ] ],
      [ [ 0x1, 0x2, 0xff, 0xff, 0xff, 0xff, 0xff, 0xe8, 0x0, 0x1, 0x2, 0x2, 0x2, 0x1, 0x2a ] ],
      [ [ 0xa0, 0xbe, 0xff, 0xff, 0xff, 0xff, 0xff, 0xff, 0xb5, 0x78, 0x0, 0x0, 0x26, 0x9d, 0xd9 ] ],
      [ [ 0xe2, 0xff, 0xff, 0xff, 0xff, 0xff, 0xff, 0xff, 0xff, 0xb0, 0x0, 0x25, 0xff, 0xff, 0xff ] ],
      [ [ 0x3b, 0xff, 0xff, 0xff, 0xff, 0xff, 0xff, 0xff, 0xff, 0x12, 0x8, 0xed, 0xff, 0xff, 0xff ] ],
      [ [ 0x0, 0xca, 0xff, 0xff, 0xff, 0xff, 0xff, 0xff, 0x61, 0x0, 0xb0, 0xff, 0xff, 0xff, 0xff ] ],
      [ [ 0x0, 0x23, 0xff, 0xff, 0xff, 0xff, 0xff, 0xce, 0x1, 0x5b, 0xff, 0xff, 0xff, 0xff, 0xff ] ],
      [ [ 0x0, 0x0, 0xa7, 0xff, 0xff, 0xff, 0xff, 0x17, 0x1a, 0xff, 0xff, 0xff, 0xff, 0xff, 0xff ] ],
      [ [ 0x0, 0x0, 0x11, 0xff, 0xff, 0xff, 0x65, 0x3, 0xda, 0xff, 0xff, 0xff, 0xff, 0xff, 0xff ] ],
      [ [ 0x11, 0x0, 0x0, 0x78, 0xff, 0xcc, 0x1, 0x89, 0xff, 0xff, 0xff, 0xff, 0xff, 0xff, 0xff ] ],
      [ [ 0xb2, 0x0, 0x0, 0x6, 0xf3, 0x15, 0x35, 0xff, 0xff, 0xff, 0xff, 0xff, 0xff, 0xff, 0xff ] ],
      [ [ 0xff, 0x35, 0x0, 0x0, 0x12, 0x9, 0xf3, 0xff, 0xff, 0xff, 0xff, 0xff, 0xff, 0xff, 0xff ] ],
      [ [ 0xff, 0xe6, 0x2, 0x0, 0x0, 0xaa, 0xff, 0xff, 0xff, 0xff, 0xff, 0xff, 0xff, 0xff, 0xff ] ],
      [ [ 0xff, 0xff, 0x17, 0x0, 0x0, 0xe2, 0xff, 0xff, 0xff, 0xff, 0xff, 0xff, 0xff, 0xff, 0xff ] ],
      [ [ 0xff, 0xff, 0x17, 0x0, 0x0, 0xe2, 0xff, 0xff, 0xff, 0xff, 0xff, 0xff, 0xff, 0xff, 0xff ] ],
      [ [ 0xff, 0xff, 0x16, 0x0, 0x0, 0xe2, 0xff, 0xff, 0xff, 0xff, 0xff, 0xff, 0xff, 0xff, 0xff ] ],
      [ [ 0xff, 0xff, 0x15, 0x0, 0x0, 0xe0, 0xff, 0xff, 0xff, 0xff, 0xff, 0xff, 0xff, 0xff, 0xff ] ],
      [ [ 0xff, 0xff, 0x13, 0x0, 0x0, 0xd5, 0xff, 0xff, 0xff, 0xff, 0xff, 0xff, 0xff, 0xff, 0xff ] ],
      [ [ 0xff, 0xff, 0x11, 0x0, 0x0, 0xc7, 0xff, 0xff, 0xff, 0xff, 0xff, 0xff, 0xff, 0xff, 0xff ] ]
    ]
  ],
  [
    'a',
    [
      [ [ 0xff, 0xff, 0xff, 0xff, 0xff, 0xff, 0xff, 0xff, 0xff, 0xff, 0xff, 0xff, 0xff, 0xff, 0xff ] ],
      [ [ 0xff, 0xff, 0xff, 0xff, 0xff, 0xff, 0xff, 0xff, 0xff, 0xff, 0xff, 0xff, 0xff, 0xff, 0xff ] ],
      [ [ 0xff, 0xff, 0xff, 0xff, 0xff, 0xff, 0xff, 0xff, 0xff, 0xff, 0xff, 0xff, 0xff, 0xff, 0xff ] ],
      [ [ 0xff, 0xff, 0xff, 0xff, 0xff, 0xff, 0xff, 0xff, 0xff, 0xff, 0xff, 0xff, 0xff, 0xff, 0xff ] ],
      [ [ 0xff, 0xff, 0xff, 0xff, 0xff, 0xff, 0xff, 0xff, 0xff, 0xff, 0xff, 0xff, 0xff, 0xff, 0xff ] ],
      [ [ 0xff, 0xff, 0xff, 0xff, 0xff, 0xff, 0xff, 0xff, 0xff, 0xff, 0xff, 0xff, 0xff, 0xff, 0xff ] ],
      [ [ 0xff, 0xff, 0xff, 0xff, 0xff, 0xff, 0xff, 0xff, 0xff, 0xff, 0xff, 0xff, 0xff, 0xff, 0xff ] ],
      [ [ 0xff, 0xff, 0xff, 0xce, 0xc5, 0xde, 0xed, 0xf7, 0xfd, 0xff, 0xff, 0xff, 0xff, 0xff, 0xff ] ],
      [ [ 0xff, 0xff, 0x94, 0x0, 0x0, 0x0, 0x0, 0x0, 0x0, 0x0, 0x0, 0x0, 0x1, 0x2, 0x2 ] ],
      [ [ 0xff, 0xff, 0x28, 0x0, 0x0, 0x6a, 0xf9, 0xff, 0xff, 0xff, 0xff, 0xff, 0xff, 0xfd, 0x14 ] ],
      [ [ 0xff, 0xf1, 0x1, 0x0, 0x73, 0xff, 0xff, 0xff, 0xff, 0xff, 0xff, 0xff, 0xff, 0x4d, 0x0 ] ],
      [ [ 0xff, 0x76, 0x0, 0x45, 0xff, 0xff, 0xff, 0xff, 0xff, 0xff, 0xff, 0xff, 0xa5, 0x0, 0x0 ] ],
      [ [ 0xff, 0x1b, 0x18, 0xfd, 0xff, 0xff, 0xff, 0xff, 0xff, 0xff, 0xff, 0xe8, 0x6, 0x0, 0x0 ] ],
      [ [ 0xf9, 0x6, 0xda, 0xff, 0xff, 0xff, 0xff, 0xff, 0xff, 0xff, 0xff, 0x24, 0x0, 0x0, 0x5 ] ],
      [ [ 0xff, 0xff, 0xff, 0xff, 0xff, 0xff, 0xff, 0xff, 0xff, 0xff, 0x6b, 0x0, 0x0, 0x0, 0xa2 ] ],
      [ [ 0xff, 0xff, 0xff, 0xff, 0xff, 0xff, 0xff, 0xff, 0xff, 0xbe, 0x1, 0x0, 0x0, 0x55, 0xff ] ],
      [ [ 0xff, 0xff, 0xff, 0xff, 0xff, 0xff, 0xff, 0xff, 0xf5, 0xb, 0x0, 0x0, 0x1b, 0xff, 0xff ] ],
      [ [ 0xff, 0xff, 0xff, 0xff, 0xff, 0xff, 0xff, 0xff, 0x34, 0x0, 0x0, 0x5, 0xe2, 0xff, 0xff ] ],
      [ [ 0xff, 0xff, 0xff, 0xff, 0xff, 0xff, 0xff, 0x82, 0x0, 0x0, 0x0, 0xa0, 0xff, 0xff, 0xff ] ],
      [ [ 0xff, 0xff, 0xff, 0xff, 0xff, 0xff, 0xd0, 0x2, 0x0, 0x0, 0x52, 0xff, 0xff, 0xff, 0xff ] ],
      [ [ 0xff, 0xff, 0xff, 0xff, 0xff, 0xfb, 0x11, 0x0, 0x0, 0x19, 0xff, 0xff, 0xff, 0xff, 0xff ] ],
      [ [ 0xff, 0xff, 0xff, 0xff, 0xff, 0x43, 0x0, 0x0, 0x4, 0xde, 0xff, 0xff, 0xff, 0xff, 0xff ] ],
      [ [ 0xff, 0xff, 0xff, 0xff, 0x92, 0x0, 0x0, 0x0, 0x9b, 0xff, 0xff, 0xff, 0xff, 0xff, 0xff ] ],
      [ [ 0xff, 0xff, 0xff, 0xda, 0x3, 0x0, 0x0, 0x4c, 0xff, 0xff, 0xff, 0xff, 0xff, 0xff, 0xff ] ],
      [ [ 0xff, 0xff, 0xfd, 0x17, 0x0, 0x0, 0x16, 0xfd, 0xff, 0xff, 0xff, 0xff, 0xff, 0xff, 0xff ] ],
      [ [ 0xff, 0xff, 0x4b, 0x0, 0x0, 0x3, 0xd9, 0xff, 0xff, 0xff, 0xff, 0xff, 0xff, 0xff, 0xff ] ]
    ]
  ],
  [
    'b',
    [
      [ [ 0xff, 0xff, 0xff, 0xff, 0xff, 0xff, 0xff, 0xff, 0xff, 0xff, 0xff, 0xff, 0xff, 0xff, 0xff ] ],
      [ [ 0xff, 0xff, 0xff, 0xff, 0xff, 0xff, 0xff, 0xff, 0xff, 0xff, 0xff, 0xff, 0xff, 0xff, 0xff ] ],
      [ [ 0xff, 0xff, 0xff, 0xff, 0xff, 0xff, 0xff, 0xff, 0xff, 0xff, 0xff, 0xff, 0xff, 0xff, 0xff ] ],
      [ [ 0xff, 0xff, 0xff, 0xff, 0xff, 0xff, 0xff, 0xff, 0xff, 0xff, 0xff, 0xff, 0xff, 0xff, 0xff ] ],
      [ [ 0xff, 0xff, 0xff, 0xff, 0xff, 0xff, 0xff, 0xff, 0xff, 0xff, 0xff, 0xff, 0xff, 0xff, 0xff ] ],
      [ [ 0xff, 0xff, 0xff, 0xff, 0xff, 0xff, 0xff, 0xff, 0xff, 0xff, 0xff, 0xff, 0xff, 0xff, 0xff ] ],
      [ [ 0xff, 0xff, 0xff, 0xff, 0xff, 0xff, 0xff, 0xfd, 0xc5, 0xc5, 0xc5, 0xc5, 0xc5, 0xc5, 0xf1 ] ],
      [ [ 0xff, 0xff, 0xff, 0xff, 0xff, 0xff, 0xff, 0x88, 0x0, 0x0, 0x0, 0x0, 0x0, 0x0, 0x73 ] ],
      [ [ 0x2, 0x1, 0x0, 0x30, 0xff, 0xff, 0xff, 0x85, 0x0, 0x9, 0xff, 0xff, 0xff, 0xff, 0xff ] ],
      [ [ 0x0, 0x0, 0x4, 0xdc, 0xff, 0xff, 0xff, 0x85, 0x0, 0xf, 0xff, 0xff, 0xff, 0xff, 0xff ] ],
      [ [ 0x0, 0x0, 0x9f, 0xff, 0xff, 0xff, 0xff, 0x85, 0x0, 0xf, 0xff, 0xff, 0xff, 0xff, 0xff ] ],
      [ [ 0x0, 0x52, 0xff, 0xff, 0xff, 0xff, 0xff, 0x85, 0x0, 0xf, 0xff, 0xff, 0xff, 0xff, 0xff ] ],
      [ [ 0x1a, 0xff, 0xff, 0xff, 0xff, 0xff, 0xff, 0x85, 0x0, 0xf, 0xff, 0xff, 0xff, 0xff, 0xff ] ],
      [ [ 0xe2, 0xff, 0xff, 0xff, 0xff, 0xff, 0xff, 0x85, 0x0, 0xf, 0xff, 0xff, 0xff, 0xff, 0xff ] ],
      [ [ 0xff, 0xff, 0xff, 0xff, 0xff, 0xff, 0xff, 0x85, 0x0, 0xf, 0xff, 0xff, 0xff, 0xff, 0xff ] ],
      [ [ 0xff, 0xff, 0xff, 0xff, 0xff, 0xff, 0xff, 0x85, 0x0, 0xf, 0xff, 0xff, 0xff, 0xff, 0xff ] ],
      [ [ 0xff, 0xff, 0xff, 0xff, 0xff, 0xff, 0xff, 0x85, 0x0, 0xf, 0xff, 0xff, 0xff, 0xff, 0xff ] ],
      [ [ 0xff, 0xff, 0xff, 0xff, 0xff, 0xff, 0xff, 0x85, 0x0, 0xf, 0xff, 0xff, 0xff, 0xff, 0xff ] ],
      [ [ 0xff, 0xff, 0xff, 0xff, 0xff, 0xff, 0xff, 0x85, 0x0, 0xf, 0xff, 0xff, 0xff, 0xff, 0xff ] ],
      [ [ 0xff, 0xff, 0xff, 0xff, 0xff, 0xff, 0xff, 0x85, 0x0, 0xf, 0xff, 0xff, 0xff, 0xff, 0xff ] ],
      [ [ 0xff, 0xff, 0xff, 0xff, 0xff, 0xff, 0xff, 0x85, 0x0, 0xf, 0xff, 0xff, 0xff, 0xff, 0xff ] ],
      [ [ 0xff, 0xff, 0xff, 0xff, 0xff, 0xff, 0xff, 0x85, 0x0, 0xf, 0xff, 0xff, 0xff, 0xff, 0xff ] ],
      [ [ 0xff, 0xff, 0xff, 0xff, 0xff, 0xff, 0xff, 0x85, 0x0, 0xf, 0xff, 0xff, 0xff, 0xff, 0xff ] ],
      [ [ 0xff, 0xff, 0xff, 0x9b, 0x43, 0xff, 0xff, 0x85, 0x0, 0xf, 0xff, 0xff, 0xff, 0xff, 0xff ] ],
      [ [ 0xff, 0xff, 0xde, 0x5, 0x74, 0xff, 0xff, 0x85, 0x0, 0xf, 0xff, 0xff, 0xff, 0xff, 0xff ] ],
      [ [ 0xff, 0xf5, 0x13, 0x4, 0xf9, 0xff, 0xff, 0x85, 0x0, 0xf, 0xff, 0xff, 0xff, 0xff, 0xff ] ]
    ]
  ],
  [
    'c',
    [
      [ [ 0xff, 0xff, 0xff, 0xff, 0xff, 0xff, 0xff, 0xff, 0xff, 0xff, 0xff, 0xff, 0xff, 0xff, 0xff ] ],
      [ [ 0xff, 0xff, 0xff, 0xff, 0xff, 0xff, 0xff, 0xff, 0xff, 0xff, 0xff, 0xff, 0xff, 0xff, 0xff ] ],
      [ [ 0xff, 0xff, 0xff, 0xff, 0xff, 0xff, 0xff, 0xff, 0xff, 0xff, 0xff, 0xff, 0xff, 0xff, 0xff ] ],
      [ [ 0xff, 0xff, 0xff, 0xff, 0xff, 0xff, 0xff, 0xff, 0xff, 0xff, 0xff, 0xff, 0xff, 0xff, 0xff ] ],
      [ [ 0xff, 0xff, 0xff, 0xff, 0xff, 0xff, 0xff, 0xff, 0xff, 0xff, 0xff, 0xff, 0xff, 0xff, 0xff ] ],
      [ [ 0xff, 0xff, 0xff, 0xff, 0xff, 0xff, 0xff, 0xff, 0xff, 0xff, 0xff, 0xff, 0xff, 0xff, 0xff ] ],
      [ [ 0xff, 0xff, 0xff, 0xff, 0xff, 0xff, 0xff, 0xff, 0xff, 0xff, 0xff, 0xff, 0xff, 0xd9, 0xc5 ] ],
      [ [ 0xff, 0xb4, 0x92, 0xff, 0xff, 0xff, 0xff, 0xff, 0xff, 0xff, 0xff, 0xff, 0xff, 0x14, 0x0 ] ],
      [ [ 0xff, 0x7, 0x4, 0xf9, 0xff, 0xff, 0xff, 0xff, 0xff, 0xff, 0xff, 0xff, 0xff, 0xff, 0xff ] ],
      [ [ 0xff, 0x52, 0x0, 0x77, 0xff, 0xff, 0xff, 0xff, 0xff, 0xff, 0xff, 0xff, 0xff, 0xff, 0xff ] ],
      [ [ 0xff, 0xe4, 0x1, 0x12, 0xff, 0xff, 0xff, 0xff, 0xff, 0xff, 0xff, 0xff, 0xff, 0xff, 0xff ] ],
      [ [ 0xff, 0xff, 0x31, 0x0, 0xb0, 0xff, 0xff, 0xff, 0xff, 0xff, 0xff, 0xff, 0xff, 0xff, 0xff ] ],
      [ [ 0xff, 0xff, 0xbe, 0x0, 0x2c, 0xff, 0xff, 0xff, 0xff, 0xff, 0xff, 0xff, 0xff, 0xff, 0xff ] ],
      [ [ 0xff, 0xff, 0xff, 0x18, 0x1, 0xe2, 0xff, 0xff, 0xff, 0xff, 0xff, 0xff, 0xff, 0xff, 0xff ] ],
      [ [ 0xff, 0xff, 0xff, 0x8c, 0x0, 0x52, 0xff, 0xff, 0xff, 0xff, 0xff, 0xff, 0xff, 0xff, 0xff ] ],
      [ [ 0xff, 0xff, 0xff, 0xff, 0x8, 0x6, 0xfd, 0xff, 0xff, 0xff, 0xff, 0xff, 0xff, 0xff, 0xff ] ],
      [ [ 0xff, 0xff, 0xff, 0xff, 0x60, 0x0, 0x84, 0xff, 0xff, 0xff, 0xff, 0xff, 0xff, 0xff, 0xff ] ],
      [ [ 0xff, 0xff, 0xff, 0xff, 0xef, 0x2, 0x16, 0xff, 0xff, 0xff, 0xff, 0xff, 0xff, 0xff, 0xff ] ],
      [ [ 0xff, 0xff, 0xff, 0xff, 0xff, 0x3c, 0x0, 0xbe, 0xff, 0xff, 0xff, 0xff, 0xff, 0xff, 0xff ] ],
      [ [ 0xff, 0xff, 0xff, 0xff, 0xff, 0xce, 0x0, 0x33, 0xff, 0xff, 0xff, 0xff, 0xff, 0xff, 0xff ] ],
      [ [ 0xff, 0xff, 0xff, 0xff, 0xff, 0xff, 0x20, 0x1, 0xea, 0xff, 0xff, 0xff, 0xff, 0xff, 0xff ] ],
      [ [ 0xff, 0xff, 0xff, 0xff, 0xff, 0xff, 0x9f, 0x0, 0x5b, 0xff, 0xff, 0xff, 0xff, 0xff, 0xff ] ],
      [ [ 0xff, 0xff, 0xff, 0xff, 0xff, 0xff, 0xff, 0xd, 0x8, 0xff, 0xff, 0xff, 0xff, 0xff, 0xff ] ],
      [ [ 0xff, 0xff, 0xff, 0xff, 0xff, 0xff, 0xff, 0x6f, 0x0, 0x91, 0xff, 0xff, 0xff, 0xff, 0xff ] ],
      [ [ 0xff, 0xff, 0xff, 0xff, 0xff, 0xff, 0xff, 0xf7, 0x3, 0x1c, 0xff, 0xff, 0xff, 0xff, 0xff ] ],
      [ [ 0xff, 0xff, 0xff, 0xff, 0xff, 0xff, 0xff, 0xff, 0x48, 0x0, 0xc8, 0xff, 0xff, 0xff, 0xff ] ]
    ]
  ],
  [
    'd',
    [
      [ [ 0xff, 0xff, 0xff, 0xff, 0xff, 0xff, 0xff, 0xff, 0xff, 0xff, 0xff, 0xff, 0xff, 0xff, 0xff ] ],
      [ [ 0xff, 0xff, 0xff, 0xff, 0xff, 0xff, 0xff, 0xff, 0xff, 0xff, 0xff, 0xff, 0xff, 0xff, 0xff ] ],
      [ [ 0xff, 0xff, 0xff, 0xff, 0xff, 0xff, 0xff, 0xff, 0xff, 0xff, 0xff, 0xff, 0xff, 0xff, 0xff ] ],
      [ [ 0xff, 0xff, 0xff, 0xff, 0xff, 0xff, 0xff, 0xff, 0xff, 0xff, 0xff, 0xff, 0xff, 0xff, 0xff ] ],
      [ [ 0xff, 0xff, 0xff, 0xff, 0xff, 0xff, 0xff, 0xff, 0xff, 0xff, 0xff, 0xff, 0xff, 0xff, 0xff ] ],
      [ [ 0xff, 0xff, 0xff, 0xff, 0xff, 0xff, 0xff, 0xff, 0xff, 0xff, 0xff, 0xff, 0xff, 0xff, 0xff ] ],
      [ [ 0xc5, 0xc5, 0xc5, 0xc5, 0xd9, 0xff, 0xff, 0xff, 0xff, 0xff, 0xff, 0xff, 0xff, 0xff, 0xff ] ],
      [ [ 0x0, 0x0, 0x0, 0x0, 0x5, 0xff, 0xff, 0xff, 0xff, 0xff, 0xff, 0xff, 0xff, 0xff, 0xff ] ],
      [ [ 0xff, 0xff, 0xa3, 0x0, 0x4, 0xff, 0xff, 0xff, 0xff, 0xff, 0xff, 0xff, 0xff, 0xff, 0xff ] ],
      [ [ 0xff, 0xff, 0xb7, 0x0, 0x4, 0xff, 0xff, 0xff, 0xff, 0xff, 0xff, 0xff, 0xff, 0xff, 0x97 ] ],
      [ [ 0xff, 0xff, 0xb7, 0x0, 0x4, 0xff, 0xff, 0xff, 0xff, 0xff, 0xff, 0xff, 0xff, 0xff, 0x13 ] ],
      [ [ 0xff, 0xff, 0xb7, 0x0, 0x4, 0xff, 0xff, 0xff, 0xff, 0xff, 0xff, 0xff, 0xff, 0x97, 0x0 ] ],
      [ [ 0xff, 0xff, 0xb7, 0x0, 0x4, 0xff, 0xff, 0xff, 0xff, 0xff, 0xff, 0xff, 0xff, 0x13, 0x1 ] ],
      [ [ 0xff, 0xff, 0xb7, 0x0, 0x4, 0xff, 0xff, 0xff, 0xff, 0xff, 0xff, 0xff, 0x98, 0x0, 0x3d ] ],
      [ [ 0xff, 0xff, 0xb7, 0x0, 0x4, 0xff, 0xff, 0xff, 0xff, 0xff, 0xff, 0xff, 0x14, 0x1, 0xd9 ] ],
      [ [ 0xff, 0xff, 0xb7, 0x0, 0x4, 0xff, 0xff, 0xff, 0xff, 0xff, 0xff, 0x9a, 0x0, 0x35, 0xff ] ],
      [ [ 0xff, 0xff, 0xb7, 0x0, 0x4, 0xff, 0xff, 0xff, 0xff, 0xff, 0xff, 0x14, 0x0, 0xd1, 0xff ] ],
      [ [ 0xff, 0xff, 0xb7, 0x0, 0x4, 0xff, 0xff, 0xff, 0xff, 0xff, 0x9b, 0x0, 0x2e, 0xff, 0xff ] ],
      [ [ 0xff, 0xff, 0xb7, 0x0, 0x4, 0xff, 0xff, 0xff, 0xff, 0xff, 0x15, 0x0, 0xc7, 0xff, 0xff ] ],
      [ [ 0xff, 0xff, 0xb7, 0x0, 0x4, 0xff, 0xff, 0xff, 0xff, 0x9d, 0x0, 0x27, 0xff, 0xff, 0xff ] ],
      [ [ 0xff, 0xff, 0xb7, 0x0, 0x4, 0xff, 0xff, 0xff, 0xff, 0x15, 0x0, 0xbc, 0xff, 0xff, 0xff ] ],
      [ [ 0xff, 0xff, 0xb7, 0x0, 0x4, 0xff, 0xff, 0xff, 0xd1, 0x17, 0x3f, 0xff, 0xff, 0xff, 0xff ] ],
      [ [ 0xff, 0xff, 0xb7, 0x0, 0x4, 0xff, 0xff, 0xff, 0xff, 0xff, 0xff, 0xff, 0xff, 0xff, 0xff ] ],
      [ [ 0xff, 0xff, 0xb7, 0x0, 0x4, 0xff, 0xff, 0xff, 0xff, 0xff, 0xff, 0xff, 0xff, 0xff, 0xff ] ],
      [ [ 0xff, 0xff, 0xb7, 0x0, 0x4, 0xff, 0xff, 0xff, 0xff, 0xff, 0xff, 0xff, 0xff, 0xff, 0xff ] ],
      [ [ 0xff, 0xff, 0xb7, 0x0, 0x4, 0xff, 0xff, 0xff, 0xff, 0xff, 0xff, 0xff, 0xff, 0xff, 0xff ] ]
    ]
  ],
  [
    'e',
    [
      [ [ 0xff, 0xff, 0xff, 0xff, 0xff, 0xff, 0xff, 0xff, 0xff, 0xff, 0xff, 0xff, 0xff, 0xff, 0xff ] ],
      [ [ 0xff, 0xff, 0xff, 0xff, 0xff, 0xff, 0xff, 0xff, 0xff, 0xff, 0xff, 0xff, 0xff, 0xff, 0xff ] ],
      [ [ 0xff, 0xff, 0xff, 0xff, 0xff, 0xff, 0xff, 0xff, 0xff, 0xff, 0xff, 0xff, 0xff, 0xff, 0xff ] ],
      [ [ 0xff, 0xff, 0xff, 0xff, 0xff, 0xff, 0xff, 0xff, 0xff, 0xff, 0xff, 0xff, 0xff, 0xff, 0xff ] ],
      [ [ 0xff, 0xff, 0xff, 0xff, 0xff, 0xff, 0xff, 0xff, 0xff, 0xff, 0xff, 0xff, 0xff, 0xff, 0xff ] ],
      [ [ 0xff, 0xff, 0xff, 0xff, 0xff, 0xff, 0xff, 0xff, 0xff, 0xff, 0xff, 0xff, 0xff, 0xff, 0xff ] ],
      [ [ 0xff, 0xff, 0xff, 0xff, 0xff, 0xff, 0xff, 0xff, 0xff, 0xff, 0xff, 0xff, 0xff, 0xff, 0xff ] ],
      [ [ 0xff, 0xff, 0xff, 0xff, 0xff, 0xff, 0xff, 0xff, 0xff, 0xff, 0xff, 0xff, 0xff, 0xff, 0xff ] ],
      [ [ 0xff, 0xff, 0xff, 0xff, 0xff, 0xff, 0xff, 0xff, 0xff, 0xff, 0xff, 0xff, 0xff, 0xff, 0xff ] ],
      [ [ 0x0, 0x9b, 0xff, 0xff, 0xff, 0xff, 0xff, 0xff, 0xff, 0xff, 0xff, 0xff, 0xff, 0xff, 0xff ] ],
      [ [ 0x0, 0x15, 0xff, 0xff, 0xff, 0xff, 0xff, 0xff, 0xff, 0xff, 0xff, 0xff, 0xff, 0xff, 0xff ] ],
      [ [ 0x0, 0x0, 0x9b, 0xff, 0xff, 0xff, 0xff, 0xff, 0xff, 0xff, 0xff, 0xff, 0xff, 0xff, 0xff ] ],
      [ [ 0x86, 0x0, 0x15, 0xff, 0xff, 0xff, 0xff, 0xff, 0xff, 0xff, 0xff, 0xff, 0xff, 0xff, 0xff ] ],
      [ [ 0xff, 0x15, 0x0, 0x9b, 0xff, 0xff, 0xff, 0xff, 0xff, 0xff, 0xff, 0xff, 0xff, 0xff, 0xff ] ],
      [ [ 0xff, 0x9d, 0x0, 0x15, 0xff, 0xff, 0xff, 0xff, 0xff, 0xff, 0xff, 0xff, 0xff, 0xff, 0xff ] ],
      [ [ 0xff, 0xff, 0x15, 0x0, 0x9b, 0xff, 0xff, 0xff, 0xff, 0xff, 0xff, 0xff, 0xff, 0xff, 0xff ] ],
      [ [ 0xff, 0xff, 0x9b, 0x0, 0x14, 0xff, 0xff, 0xff, 0xff, 0xff, 0xff, 0xff, 0xff, 0xff, 0xff ] ],
      [ [ 0xff, 0xff, 0xff, 0x14, 0x0, 0x9a, 0xff, 0xff, 0xff, 0xff, 0xff, 0xff, 0xff, 0xff, 0xff ] ],
      [ [ 0xff, 0xff, 0xff, 0x9a, 0x0, 0x14, 0xff, 0xff, 0xff, 0xff, 0xff, 0xff, 0xff, 0xff, 0xff ] ],
      [ [ 0xff, 0xff, 0xff, 0xff, 0x14, 0x0, 0x9a, 0xff, 0xff, 0xff, 0xff, 0xff, 0xff, 0xff, 0xff ] ],
      [ [ 0xff, 0xff, 0xff, 0xff, 0x98, 0x0, 0x14, 0xff, 0xff, 0xff, 0xff, 0xff, 0xff, 0xff, 0xff ] ],
      [ [ 0xff, 0xff, 0xff, 0xff, 0xff, 0x31, 0x17, 0xcc, 0xff, 0xff, 0xff, 0xff, 0xff, 0xff, 0xff ] ],
      [ [ 0xff, 0xff, 0xff, 0xff, 0xff, 0xff, 0xff, 0xff, 0xff, 0xff, 0xff, 0xff, 0xff, 0xff, 0xff ] ],
      [ [ 0xff, 0xff, 0xff, 0xff, 0xff, 0xff, 0xff, 0xff, 0xff, 0xff, 0xff, 0xff, 0xff, 0xff, 0xff ] ],
      [ [ 0xff, 0xff, 0xff, 0xff, 0xff, 0xff, 0xff, 0xff, 0xff, 0xff, 0xff, 0xff, 0xff, 0xff, 0xff ] ],
      [ [ 0xff, 0xff, 0xff, 0xff, 0xff, 0xff, 0xff, 0xff, 0xff, 0xff, 0xff, 0xff, 0xff, 0xff, 0xff ] ]
    ]
  ],
  [
    'f',
    [
      [ [ 0xff, 0xff, 0xff, 0xff, 0xff, 0xff, 0xff, 0xff, 0xff, 0xff, 0xff, 0xff, 0xff, 0xff, 0xff ] ],
      [ [ 0xff, 0xff, 0xff, 0xff, 0xff, 0xff, 0xff, 0xff, 0xff, 0xff, 0xff, 0xff, 0xff, 0xff, 0xff ] ],
      [ [ 0xff, 0xff, 0xff, 0xff, 0xff, 0xff, 0xff, 0xff, 0xff, 0xff, 0xff, 0xff, 0xff, 0xff, 0xff ] ],
      [ [ 0xff, 0xff, 0xff, 0xff, 0xff, 0xff, 0xff, 0xff, 0xff, 0xff, 0xff, 0xff, 0xff, 0xff, 0xff ] ],
      [ [ 0xff, 0xff, 0xff, 0xff, 0xff, 0xff, 0xff, 0xff, 0xff, 0xff, 0xff, 0xff, 0xff, 0xff, 0xff ] ],
      [ [ 0xff, 0xff, 0xff, 0xff, 0xff, 0xff, 0xff, 0xff, 0xff, 0xff, 0xff, 0xff, 0xff, 0xff, 0xff ] ],
      [ [ 0xff, 0xff, 0xff, 0xff, 0xff, 0xff, 0xff, 0xff, 0xff, 0xff, 0xff, 0xff, 0xff, 0xff, 0xff ] ],
      [ [ 0xff, 0xff, 0xff, 0xff, 0xff, 0xff, 0xff, 0xff, 0xff, 0xff, 0xff, 0xff, 0xff, 0xff, 0xff ] ],
      [ [ 0xff, 0xff, 0xff, 0xff, 0xff, 0xff, 0xff, 0xff, 0xff, 0xff, 0xff, 0xff, 0xff, 0xff, 0xff ] ],
      [ [ 0xff, 0xff, 0xff, 0xff, 0xff, 0xff, 0xff, 0xff, 0xff, 0xff, 0xff, 0xff, 0xff, 0xff, 0xff ] ],
      [ [ 0xff, 0xff, 0xff, 0xff, 0xff, 0xff, 0xff, 0xff, 0xf7, 0x9, 0x10, 0xde, 0xff, 0xff, 0xff ] ],
      [ [ 0xff, 0xff, 0xff, 0xff, 0xff, 0xff, 0xff, 0xff, 0xf7, 0x6, 0x0, 0x13, 0xf9, 0xff, 0xff ] ],
      [ [ 0xff, 0xff, 0xff, 0xff, 0xff, 0xff, 0xff, 0xff, 0xff, 0xd5, 0x16, 0x0, 0x35, 0xff, 0xff ] ],
      [ [ 0xff, 0xff, 0xff, 0xff, 0xff, 0xff, 0xff, 0xff, 0xff, 0xff, 0xff, 0x56, 0x0, 0x6c, 0xff ] ],
      [ [ 0xff, 0xff, 0xff, 0xff, 0xff, 0xff, 0xff, 0xff, 0xff, 0xff, 0xff, 0xff, 0xb0, 0x23, 0xff ] ],
      [ [ 0xff, 0xff, 0xff, 0xff, 0xff, 0xff, 0xff, 0xff, 0xff, 0xff, 0xff, 0xff, 0xff, 0xff, 0xff ] ],
      [ [ 0xff, 0xff, 0xff, 0xff, 0xff, 0xff, 0xff, 0xff, 0xff, 0xff, 0xff, 0xff, 0xff, 0xff, 0xff ] ],
      [ [ 0xff, 0xff, 0xff, 0xff, 0xff, 0xff, 0xff, 0xff, 0xff, 0xff, 0xff, 0xff, 0xff, 0xff, 0xff ] ],
      [ [ 0xff, 0xff, 0xff, 0xff, 0xff, 0xff, 0xff, 0xff, 0xff, 0xff, 0xff, 0xff, 0xff, 0xff, 0xff ] ],
      [ [ 0xff, 0xff, 0xff, 0xff, 0xff, 0xff, 0xff, 0xff, 0xff, 0xff, 0xff, 0xff, 0xff, 0xff, 0xff ] ],
      [ [ 0xff, 0xff, 0xff, 0xff, 0xff, 0xff, 0xff, 0xff, 0xff, 0xff, 0xff, 0xff, 0xff, 0xff, 0xff ] ],
      [ [ 0xff, 0xff, 0xff, 0xff, 0xff, 0xff, 0xff, 0xff, 0xff, 0xff, 0xff, 0xff, 0xff, 0xff, 0xff ] ],
      [ [ 0xff, 0xff, 0xff, 0xff, 0xff, 0xff, 0xff, 0xff, 0xff, 0xff, 0xff, 0xff, 0xff, 0xff, 0xff ] ],
      [ [ 0xff, 0xff, 0xff, 0xff, 0xff, 0xff, 0xff, 0xff, 0xff, 0xff, 0xff, 0xff, 0xff, 0xff, 0xff ] ],
      [ [ 0xff, 0xff, 0xff, 0xff, 0xff, 0xff, 0xff, 0xff, 0xff, 0xff, 0xff, 0xff, 0xff, 0xff, 0xff ] ],
      [ [ 0xff, 0xff, 0xff, 0xff, 0xff, 0xff, 0xff, 0xff, 0xff, 0xff, 0xff, 0xff, 0xff, 0xff, 0xff ] ]
    ]
  ],
  [
    'g',
    [
      [ [ 0xff, 0xff, 0xff, 0xff, 0xff, 0xff, 0xff, 0xff, 0xff, 0xff, 0xff, 0xff, 0xff, 0xff, 0xff ] ],
      [ [ 0xff, 0xff, 0xff, 0xff, 0xff, 0xff, 0xff, 0xff, 0xff, 0xff, 0xff, 0xff, 0xff, 0xff, 0xff ] ],
      [ [ 0xff, 0xff, 0xff, 0xff, 0xff, 0xff, 0xff, 0xff, 0xff, 0xff, 0xff, 0xff, 0xff, 0xff, 0xff ] ],
      [ [ 0xff, 0xff, 0xff, 0xff, 0xff, 0xff, 0xff, 0xff, 0xff, 0xff, 0xff, 0xff, 0xff, 0xff, 0xff ] ],
      [ [ 0xff, 0xff, 0xff, 0xff, 0xff, 0xff, 0xff, 0xff, 0xff, 0xff, 0xff, 0xff, 0xff, 0xff, 0xff ] ],
      [ [ 0xff, 0xff, 0xff, 0xff, 0xff, 0xff, 0xff, 0xff, 0xff, 0xff, 0xff, 0xff, 0xff, 0xff, 0xff ] ],
      [ [ 0xff, 0xff, 0xff, 0xff, 0xff, 0xff, 0xff, 0xff, 0xff, 0xff, 0xff, 0xff, 0xff, 0xff, 0xff ] ],
      [ [ 0xff, 0xff, 0xff, 0xff, 0xff, 0xff, 0xff, 0xff, 0xff, 0xff, 0xff, 0xff, 0xff, 0xff, 0xff ] ],
      [ [ 0xff, 0xff, 0xff, 0xff, 0xff, 0xff, 0xff, 0xff, 0xff, 0xff, 0xff, 0xff, 0xff, 0xff, 0xff ] ],
      [ [ 0xff, 0xff, 0xff, 0xff, 0xff, 0xff, 0xff, 0xff, 0xff, 0xff, 0xff, 0xff, 0xff, 0xff, 0xff ] ],
      [ [ 0xff, 0xff, 0xff, 0xff, 0xff, 0xff, 0xff, 0xff, 0xff, 0xff, 0xff, 0xff, 0xff, 0xff, 0xff ] ],
      [ [ 0xff, 0xff, 0xff, 0xff, 0xff, 0xff, 0xff, 0xff, 0xff, 0xff, 0xff, 0xff, 0xff, 0xff, 0xff ] ],
      [ [ 0xff, 0xff, 0xff, 0xff, 0xff, 0xff, 0xff, 0xff, 0xff, 0xff, 0xff, 0xff, 0xff, 0xff, 0xff ] ],
      [ [ 0xff, 0xff, 0xff, 0xff, 0xff, 0xff, 0xff, 0xff, 0xff, 0xff, 0xff, 0xff, 0xff, 0xff, 0xff ] ],
      [ [ 0xff, 0xff, 0xff, 0xff, 0xff, 0xff, 0xff, 0xff, 0xff, 0xff, 0xff, 0xff, 0xff, 0xff, 0xff ] ],
      [ [ 0xff, 0xff, 0xff, 0xff, 0xff, 0xff, 0xff, 0xff, 0xff, 0xff, 0xff, 0xff, 0xff, 0xff, 0xff ] ],
      [ [ 0xff, 0xff, 0xff, 0xff, 0xff, 0xff, 0xe4, 0x4c, 0xb, 0x1, 0x0, 0x14, 0xbc, 0xff, 0xff ] ],
      [ [ 0xff, 0xff, 0xff, 0xff, 0xff, 0x97, 0x9, 0x62, 0xb0, 0x89, 0xb, 0x0, 0xb, 0xff, 0xff ] ],
      [ [ 0xff, 0xff, 0xff, 0xff, 0x9a, 0x0, 0x33, 0xff, 0xff, 0xff, 0x92, 0x0, 0x0, 0xeb, 0xff ] ],
      [ [ 0xff, 0xff, 0xff, 0xff, 0x20, 0x0, 0x47, 0xff, 0xff, 0xff, 0xce, 0x0, 0x0, 0xda, 0xff ] ],
      [ [ 0xff, 0xff, 0xff, 0xff, 0x60, 0x1e, 0xca, 0xff, 0xff, 0xff, 0xd3, 0x0, 0x0, 0xda, 0xff ] ],
      [ [ 0xff, 0xff, 0xff, 0xff, 0xff, 0xff, 0xff, 0xff, 0xff, 0xf3, 0x46, 0x0, 0x0, 0xda, 0xff ] ],
      [ [ 0xff, 0xff, 0xff, 0xff, 0xff, 0xff, 0xff, 0xe2, 0x4c, 0xe, 0x45, 0x0, 0x0, 0xda, 0xff ] ],
      [ [ 0xff, 0xff, 0xff, 0xff, 0xff, 0xf9, 0x4b, 0x2, 0x46, 0xf1, 0xc5, 0x0, 0x0, 0xda, 0xff ] ],
      [ [ 0xff, 0xff, 0xff, 0xff, 0xff, 0x1b, 0x0, 0x58, 0xff, 0xff, 0xc5, 0x0, 0x0, 0xda, 0xff ] ],
      [ [ 0xff, 0xff, 0xff, 0xff, 0x85, 0x0, 0x0, 0xea, 0xff, 0xff, 0xc0, 0x0, 0x0, 0xd0, 0xff ] ]
    ]
  ],
  [
    'h',
    [
      [ [ 0xff, 0xff, 0xff, 0xff, 0xff, 0xff, 0xff, 0xff, 0xff, 0xff, 0xff, 0xff, 0xff, 0xff, 0xff ] ],
      [ [ 0xff, 0xff, 0xff, 0xff, 0xff, 0xff, 0xff, 0xff, 0xff, 0xff, 0xff, 0xff, 0xff, 0xff, 0xff ] ],
      [ [ 0xff, 0xff, 0xff, 0xff, 0xff, 0xff, 0xff, 0xff, 0xff, 0xff, 0xff, 0xff, 0xff, 0xff, 0xff ] ],
      [ [ 0xff, 0xff, 0xff, 0xff, 0xff, 0xff, 0xff, 0xff, 0xff, 0xff, 0xff, 0xff, 0xff, 0xff, 0xff ] ],
      [ [ 0xff, 0xff, 0xff, 0xff, 0xff, 0xff, 0xff, 0xff, 0xff, 0xff, 0xff, 0xff, 0xff, 0xff, 0xff ] ],
      [ [ 0xff, 0xff, 0xff, 0xff, 0xff, 0xff, 0xff, 0xff, 0xff, 0xff, 0xff, 0xff, 0xff, 0xff, 0xff ] ],
      [ [ 0xff, 0xff, 0xff, 0xff, 0xff, 0xff, 0xff, 0xff, 0xff, 0xff, 0xff, 0xff, 0xff, 0xff, 0xff ] ],
      [ [ 0xff, 0xff, 0xff, 0xff, 0xff, 0xff, 0xff, 0xff, 0xff, 0xff, 0xff, 0xff, 0xff, 0xff, 0xff ] ],
      [ [ 0xff, 0xff, 0xff, 0x8c, 0x11, 0x78, 0xff, 0xff, 0xff, 0xff, 0xff, 0xff, 0xff, 0xff, 0xff ] ],
      [ [ 0xff, 0x77, 0xd, 0x0, 0x0, 0x76, 0xff, 0xff, 0xff, 0xff, 0xff, 0xff, 0xff, 0xff, 0xff ] ],
      [ [ 0xff, 0x5b, 0x7, 0x0, 0x0, 0x78, 0xff, 0xff, 0xff, 0xff, 0xff, 0xff, 0xff, 0xff, 0xff ] ],
      [ [ 0xff, 0xff, 0xda, 0x0, 0x0, 0x7a, 0xff, 0xff, 0xff, 0xff, 0xff, 0xff, 0xff, 0xff, 0xff ] ],
      [ [ 0xff, 0xff, 0xff, 0x4, 0x0, 0x7a, 0xff, 0xff, 0xff, 0xff, 0xff, 0xff, 0xff, 0xff, 0xff ] ],
      [ [ 0xff, 0xff, 0xff, 0x6, 0x0, 0x7a, 0xff, 0xff, 0xff, 0xff, 0xff, 0xff, 0xff, 0xff, 0xff ] ],
      [ [ 0xff, 0xff, 0xff, 0x7, 0x0, 0x7a, 0xff, 0xff, 0xff, 0xff, 0xff, 0xff, 0xff, 0xff, 0xff ] ],
      [ [ 0xff, 0xff, 0xff, 0x7, 0x0, 0x7a, 0xff, 0xff, 0xff, 0xff, 0xff, 0xff, 0xff, 0xff, 0xff ] ],
      [ [ 0xff, 0xff, 0xff, 0x7, 0x0, 0x7a, 0xa5, 0x21, 0x8, 0x1, 0xc, 0x3f, 0xef, 0xff, 0xff ] ],
      [ [ 0xff, 0xff, 0xff, 0x7, 0x0, 0xc, 0xb, 0x31, 0x36, 0xd, 0x0, 0x0, 0x7, 0xbe, 0xff ] ],
      [ [ 0xff, 0xff, 0xff, 0x7, 0x0, 0x3e, 0xfd, 0xff, 0xff, 0xff, 0x7f, 0x1, 0x0, 0xf, 0xfd ] ],
      [ [ 0xff, 0xff, 0xff, 0x7, 0x0, 0x7a, 0xff, 0xff, 0xff, 0xff, 0xff, 0x6c, 0x0, 0x0, 0x68 ] ],
      [ [ 0xff, 0xff, 0xff, 0x7, 0x0, 0x7a, 0xff, 0xff, 0xff, 0xff, 0xff, 0xf9, 0x5, 0x0, 0x27 ] ],
      [ [ 0xff, 0xff, 0xff, 0x7, 0x0, 0x7a, 0xff, 0xff, 0xff, 0xff, 0xff, 0xff, 0x2d, 0x0, 0xc ] ],
      [ [ 0xff, 0xff, 0xff, 0x7, 0x0, 0x78, 0xff, 0xff, 0xff, 0xff, 0xff, 0xff, 0x4f, 0x0, 0x4 ] ],
      [ [ 0xff, 0xff, 0xff, 0x6, 0x0, 0x74, 0xff, 0xff, 0xff, 0xff, 0xff, 0xff, 0x4c, 0x0, 0x17 ] ],
      [ [ 0xff, 0xff, 0xff, 0x6, 0x0, 0x67, 0xff, 0xff, 0xff, 0xff, 0xff, 0xff, 0x28, 0x0, 0x40 ] ],
      [ [ 0xff, 0xff, 0xff, 0x6, 0x0, 0x3d, 0xff, 0xff, 0xff, 0xff, 0xff, 0xfb, 0x7, 0x1, 0xd5 ] ]
    ]
  ],
  [
    'i',
    [
      [ [ 0xff, 0xff, 0xff, 0xff, 0xff, 0xff, 0xff, 0xff, 0xff, 0xff, 0xff, 0xff, 0xff, 0xff, 0xff ] ],
      [ [ 0xff, 0xff, 0xff, 0xff, 0xff, 0xff, 0xff, 0xff, 0xff, 0xff, 0xff, 0xff, 0xff, 0xff, 0xff ] ],
      [ [ 0xff, 0xff, 0xff, 0xff, 0xff, 0xff, 0xff, 0xff, 0xff, 0xff, 0xff, 0xff, 0xff, 0xff, 0xff ] ],
      [ [ 0xff, 0xff, 0xff, 0xff, 0xff, 0xff, 0xff, 0xff, 0xff, 0xff, 0xff, 0xff, 0xff, 0xff, 0xff ] ],
      [ [ 0xff, 0xff, 0xff, 0xff, 0xff, 0xff, 0xff, 0xff, 0xff, 0xff, 0xff, 0xff, 0xff, 0xff, 0xff ] ],
      [ [ 0xff, 0xff, 0xff, 0xff, 0xff, 0xff, 0xff, 0xff, 0xff, 0xff, 0xff, 0xff, 0xff, 0xff, 0xff ] ],
      [ [ 0xff, 0xff, 0xff, 0xff, 0xff, 0xff, 0xff, 0xff, 0xff, 0xff, 0xff, 0xff, 0xff, 0xff, 0xff ] ],
      [ [ 0xff, 0xff, 0xff, 0xff, 0xff, 0xff, 0xff, 0xff, 0xff, 0xff, 0xff, 0xff, 0xff, 0xff, 0xff ] ],
      [ [ 0xff, 0xff, 0xff, 0xff, 0xff, 0xff, 0xff, 0xff, 0xff, 0xff, 0xff, 0xff, 0xff, 0xff, 0xff ] ],
      [ [ 0xff, 0xff, 0xff, 0xff, 0xff, 0xff, 0xff, 0xff, 0xff, 0xff, 0xff, 0xff, 0xff, 0xff, 0xff ] ],
      [ [ 0xff, 0xff, 0xff, 0xff, 0xff, 0xff, 0xff, 0xff, 0xff, 0xff, 0xff, 0xff, 0xff, 0xff, 0xff ] ],
      [ [ 0xff, 0xff, 0xff, 0xff, 0xff, 0xff, 0xff, 0xff, 0xff, 0xff, 0xff, 0xff, 0xff, 0xff, 0xff ] ],
      [ [ 0xff, 0xff, 0xff, 0xff, 0xff, 0xff, 0xff, 0xff, 0xff, 0xff, 0xff, 0xff, 0xff, 0xff, 0xff ] ],
      [ [ 0xff, 0xff, 0xff, 0xff, 0xff, 0xff, 0xff, 0xff, 0xff, 0xff, 0xff, 0xff, 0xff, 0xff, 0xff ] ],
      [ [ 0xff, 0xff, 0xff, 0xff, 0xff, 0xff, 0xff, 0xff, 0xff, 0xff, 0xff, 0xff, 0xff, 0xff, 0xff ] ],
      [ [ 0xff, 0xff, 0xff, 0xff, 0xff, 0xff, 0xff, 0xff, 0xff, 0xff, 0xff, 0xff, 0xff, 0xff, 0xff ] ],
      [ [ 0xff, 0xff, 0xff, 0xff, 0xff, 0xb0, 0x24, 0x4, 0x0, 0x6, 0x20, 0xb4, 0xff, 0xff, 0xff ] ],
      [ [ 0xff, 0xff, 0xff, 0xff, 0x6e, 0x3, 0x6b, 0xe4, 0xce, 0x13, 0x0, 0x0, 0xa5, 0xff, 0xff ] ],
      [ [ 0xff, 0xff, 0xff, 0x6e, 0x0, 0x9f, 0xff, 0xff, 0xff, 0xd9, 0x4, 0x0, 0x3f, 0xff, 0xff ] ],
      [ [ 0xff, 0xff, 0xeb, 0x3, 0x1c, 0xff, 0xff, 0xff, 0xff, 0xff, 0xd0, 0x6a, 0xde, 0xff, 0xe0 ] ],
      [ [ 0xff, 0xff, 0x52, 0x0, 0x4d, 0xff, 0xff, 0xff, 0xff, 0xff, 0xff, 0xff, 0xff, 0xff, 0x4c ] ],
      [ [ 0xff, 0xff, 0x21, 0x0, 0x70, 0xff, 0xff, 0xff, 0xff, 0xff, 0xff, 0xff, 0xff, 0xff, 0x13 ] ],
      [ [ 0xff, 0xff, 0x9, 0x0, 0x45, 0xff, 0xff, 0xff, 0xff, 0xff, 0xff, 0xff, 0xff, 0xff, 0x6 ] ],
      [ [ 0xff, 0xff, 0x9, 0x0, 0x1c, 0xff, 0xff, 0xff, 0xff, 0xff, 0xff, 0xff, 0xff, 0xff, 0xa ] ],
      [ [ 0xff, 0xff, 0x1a, 0x0, 0x0, 0xd3, 0xff, 0xff, 0xff, 0xff, 0xff, 0xff, 0xff, 0xff, 0x1e ] ],
      [ [ 0xff, 0xff, 0x62, 0x0, 0x0, 0x2e, 0xff, 0xff, 0xff, 0xff, 0xff, 0xff, 0xff, 0xff, 0x4c ] ]
    ]
  ],
  [
    'j',
    [
      [ [ 0xff, 0xff, 0xff, 0xff, 0xff, 0xff, 0xff, 0xff, 0xff, 0xff, 0xff, 0xff, 0xff, 0xff, 0xff ] ],
      [ [ 0xff, 0xff, 0xff, 0xff, 0xff, 0xff, 0xff, 0xff, 0xff, 0xff, 0xff, 0xff, 0xff, 0xff, 0xff ] ],
      [ [ 0xff, 0xff, 0xff, 0xff, 0xff, 0xff, 0xff, 0xff, 0xff, 0xff, 0xff, 0xff, 0xff, 0xff, 0xff ] ],
      [ [ 0xff, 0xff, 0xff, 0xff, 0xff, 0xff, 0xff, 0xff, 0xff, 0xff, 0xff, 0xff, 0xff, 0xff, 0xff ] ],
      [ [ 0xff, 0xff, 0xff, 0xff, 0xff, 0xff, 0xff, 0xff, 0xff, 0xff, 0xff, 0xff, 0xff, 0xff, 0xff ] ],
      [ [ 0xff, 0xff, 0xff, 0xff, 0xff, 0xff, 0xff, 0xff, 0xff, 0xff, 0xff, 0xff, 0xff, 0xff, 0xff ] ],
      [ [ 0xff, 0xff, 0xff, 0xff, 0xff, 0xff, 0xff, 0xff, 0xff, 0xff, 0xff, 0xff, 0xff, 0xff, 0xff ] ],
      [ [ 0xff, 0xff, 0xff, 0xff, 0xff, 0xff, 0xff, 0xff, 0xff, 0xff, 0xff, 0xff, 0xff, 0xff, 0xff ] ],
      [ [ 0xff, 0xff, 0xff, 0xff, 0xff, 0xff, 0xe6, 0x55, 0x2a, 0xf, 0x1, 0xc8, 0xff, 0xff, 0xff ] ],
      [ [ 0xff, 0xff, 0xff, 0xff, 0xff, 0xff, 0xd3, 0x27, 0x2, 0x0, 0x0, 0xc7, 0xff, 0xff, 0xff ] ],
      [ [ 0xff, 0xff, 0xff, 0xff, 0xff, 0xff, 0xff, 0xff, 0x7e, 0x0, 0x0, 0xd3, 0xff, 0xff, 0xff ] ],
      [ [ 0xff, 0xff, 0xff, 0xff, 0xff, 0xff, 0xff, 0xff, 0xc3, 0x0, 0x0, 0xda, 0xff, 0xff, 0xff ] ],
      [ [ 0xff, 0xff, 0xff, 0xff, 0xff, 0xff, 0xff, 0xff, 0xc5, 0x0, 0x0, 0xde, 0xff, 0xff, 0xff ] ],
      [ [ 0xff, 0xff, 0xff, 0xff, 0xff, 0xff, 0xff, 0xff, 0xc5, 0x0, 0x0, 0xe2, 0xff, 0xff, 0xff ] ],
      [ [ 0xff, 0xff, 0xff, 0xff, 0xff, 0xff, 0xff, 0xff, 0xc5, 0x0, 0x0, 0xe4, 0xff, 0xff, 0xff ] ],
      [ [ 0xff, 0xff, 0xff, 0xff, 0xff, 0xff, 0xff, 0xff, 0xc5, 0x0, 0x0, 0xe6, 0xff, 0xff, 0xff ] ],
      [ [ 0xff, 0xff, 0xd3, 0x32, 0xe, 0x1, 0x0, 0x1, 0x0, 0x0, 0x0, 0xe8, 0xff, 0xff, 0xff ] ],
      [ [ 0xff, 0x76, 0x2, 0x29, 0xa8, 0xe0, 0xb0, 0x2f, 0x0, 0x0, 0x0, 0xea, 0xff, 0xff, 0xff ] ],
      [ [ 0x77, 0x0, 0x54, 0xff, 0xff, 0xff, 0xff, 0xff, 0x35, 0x0, 0x0, 0xea, 0xff, 0xff, 0xff ] ],
      [ [ 0x1, 0x7, 0xff, 0xff, 0xff, 0xff, 0xff, 0xff, 0xb0, 0x0, 0x0, 0xea, 0xff, 0xff, 0xff ] ],
      [ [ 0x0, 0x34, 0xff, 0xff, 0xff, 0xff, 0xff, 0xff, 0xc3, 0x0, 0x0, 0xea, 0xff, 0xff, 0xff ] ],
      [ [ 0x0, 0x56, 0xff, 0xff, 0xff, 0xff, 0xff, 0xff, 0xc5, 0x0, 0x0, 0xea, 0xff, 0xff, 0xff ] ],
      [ [ 0x0, 0x4f, 0xff, 0xff, 0xff, 0xff, 0xff, 0xff, 0xc5, 0x0, 0x0, 0xea, 0xff, 0xff, 0xff ] ],
      [ [ 0x0, 0x26, 0xff, 0xff, 0xff, 0xff, 0xff, 0xff, 0xc5, 0x0, 0x0, 0xe8, 0xff, 0xff, 0xff ] ],
      [ [ 0x0, 0x5, 0xf7, 0xff, 0xff, 0xff, 0xff, 0xff, 0xc5, 0x0, 0x0, 0xde, 0xff, 0xff, 0xff ] ],
      [ [ 0x0, 0x0, 0x5a, 0xff, 0xff, 0xff, 0xff, 0xff, 0xa7, 0x0, 0x0, 0xc8, 0xff, 0xff, 0xff ] ]
    ]
  ],
  [
    'k',
    [
      [ [ 0xff, 0xff, 0xff, 0xff, 0xff, 0xff, 0xff, 0xff, 0xff, 0xff, 0xff, 0xff, 0xff, 0xff, 0xff ] ],
      [ [ 0xff, 0xff, 0xff, 0xff, 0xff, 0xff, 0xff, 0xff, 0xff, 0xff, 0xff, 0xff, 0xff, 0xff, 0xff ] ],
      [ [ 0xff, 0xff, 0xff, 0xff, 0xff, 0xff, 0xff, 0xff, 0xff, 0xff, 0xff, 0xff, 0xff, 0xff, 0xff ] ],
      [ [ 0xff, 0xff, 0xff, 0xff, 0xff, 0xff, 0xff, 0xff, 0xff, 0xff, 0xff, 0xff, 0xff, 0xff, 0xff ] ],
      [ [ 0xff, 0xff, 0xff, 0xff, 0xff, 0xff, 0xff, 0xff, 0xff, 0xff, 0xff, 0xff, 0xff, 0xff, 0xff ] ],
      [ [ 0xff, 0xff, 0xff, 0xff, 0xff, 0xff, 0xff, 0xff, 0xff, 0xff, 0xff, 0xff, 0xff, 0xff, 0xff ] ],
      [ [ 0xff, 0xff, 0xff, 0xff, 0xff, 0xff, 0xff, 0xff, 0xff, 0xff, 0xff, 0xff, 0xff, 0xff, 0xff ] ],
      [ [ 0xff, 0xff, 0xff, 0xff, 0xff, 0xff, 0xff, 0xff, 0xff, 0xff, 0xff, 0xff, 0xff, 0xff, 0xff ] ],
      [ [ 0xff, 0xff, 0xff, 0xff, 0xff, 0xff, 0xff, 0xff, 0xff, 0xff, 0xff, 0xff, 0xff, 0xff, 0xff ] ],
      [ [ 0xff, 0xff, 0xff, 0xff, 0xff, 0xff, 0xff, 0xff, 0xff, 0xff, 0xff, 0xff, 0xff, 0xff, 0xff ] ],
      [ [ 0xff, 0xff, 0xff, 0xff, 0xff, 0xff, 0xff, 0xff, 0xff, 0xff, 0xff, 0xff, 0xff, 0xff, 0xff ] ],
      [ [ 0xff, 0xff, 0xff, 0xff, 0xff, 0xff, 0xff, 0xff, 0xff, 0xff, 0xff, 0xff, 0xff, 0xff, 0xff ] ],
      [ [ 0xff, 0xff, 0xff, 0xff, 0xff, 0xff, 0xff, 0xff, 0xff, 0xff, 0xff, 0xff, 0xff, 0xff, 0xff ] ],
      [ [ 0xff, 0xff, 0xff, 0xff, 0xff, 0xff, 0xff, 0xff, 0xff, 0xff, 0xff, 0xff, 0xff, 0xff, 0xff ] ],
      [ [ 0xff, 0xff, 0xff, 0xff, 0xff, 0xff, 0xff, 0xff, 0xff, 0xff, 0xff, 0xff, 0xff, 0xff, 0xff ] ],
      [ [ 0xff, 0xff, 0xff, 0xff, 0xff, 0xff, 0xff, 0xff, 0xff, 0xff, 0xff, 0xff, 0xff, 0xff, 0xff ] ],
      [ [ 0xff, 0xff, 0xf1, 0x50, 0x10, 0x6, 0x0, 0x9, 0x6a, 0xff, 0xff, 0xff, 0xff, 0x3, 0x0 ] ],
      [ [ 0xff, 0xde, 0xc, 0x4, 0x94, 0xff, 0xc3, 0xa, 0x0, 0x49, 0xff, 0xff, 0xff, 0x52, 0x4d ] ],
      [ [ 0xff, 0x17, 0x0, 0xa2, 0xff, 0xff, 0xff, 0x9d, 0x0, 0x0, 0xbe, 0xff, 0xff, 0xff, 0xff ] ],
      [ [ 0x8b, 0x0, 0x10, 0xff, 0xff, 0xff, 0xff, 0xd5, 0x0, 0x0, 0x3c, 0xff, 0xff, 0xff, 0xff ] ],
      [ [ 0x29, 0x0, 0x1, 0x2, 0x2, 0x2, 0x2, 0x2, 0x2, 0x2, 0x3c, 0xff, 0xff, 0xff, 0xff ] ],
      [ [ 0xf, 0x0, 0x61, 0xff, 0xff, 0xff, 0xff, 0xff, 0xff, 0xff, 0xff, 0xff, 0xff, 0xff, 0xff ] ],
      [ [ 0x4, 0x0, 0x5c, 0xff, 0xff, 0xff, 0xff, 0xff, 0xff, 0xff, 0xff, 0xff, 0xff, 0xff, 0xff ] ],
      [ [ 0x7, 0x0, 0x34, 0xff, 0xff, 0xff, 0xff, 0xff, 0xff, 0xff, 0xff, 0xff, 0xff, 0xff, 0xff ] ],
      [ [ 0x1a, 0x0, 0x8, 0xfb, 0xff, 0xff, 0xff, 0xff, 0xff, 0xff, 0xff, 0xff, 0xff, 0xff, 0xff ] ],
      [ [ 0x6a, 0x0, 0x0, 0x5d, 0xff, 0xff, 0xff, 0xff, 0xff, 0xe6, 0x22, 0xff, 0xff, 0xff, 0xff ] ]
    ]
  ],
  [
    'l',
    [
      [ [ 0xff, 0xff, 0xff, 0xff, 0xff, 0xff, 0xff, 0xff, 0xff, 0xff, 0xff, 0xff, 0xff, 0xff, 0xff ] ],
      [ [ 0xff, 0xff, 0xff, 0xff, 0xff, 0xff, 0xff, 0xff, 0xff, 0xff, 0xff, 0xff, 0xff, 0xff, 0xff ] ],
      [ [ 0xff, 0xff, 0xff, 0xff, 0xff, 0xff, 0xff, 0xff, 0xff, 0xff, 0xff, 0xff, 0xff, 0xff, 0xff ] ],
      [ [ 0xff, 0xff, 0xff, 0xff, 0xff, 0xff, 0xff, 0xff, 0xff, 0xff, 0xff, 0xff, 0xff, 0xff, 0xff ] ],
      [ [ 0xff, 0xff, 0xff, 0xff, 0xff, 0xff, 0xff, 0xff, 0xff, 0xff, 0xff, 0xff, 0xff, 0xff, 0xff ] ],
      [ [ 0xff, 0xff, 0xff, 0xff, 0xff, 0xff, 0xff, 0xff, 0xff, 0xff, 0xff, 0xff, 0xff, 0xff, 0xff ] ],
      [ [ 0xff, 0xff, 0xff, 0xff, 0xff, 0xff, 0xff, 0xff, 0xff, 0xff, 0xff, 0xff, 0xff, 0xff, 0xff ] ],
      [ [ 0xff, 0xff, 0xff, 0xff, 0xff, 0xff, 0xff, 0xff, 0xff, 0xff, 0xff, 0xff, 0xff, 0xff, 0xff ] ],
      [ [ 0xff, 0xff, 0xff, 0xf9, 0x61, 0x10, 0x1, 0x2, 0x17, 0x9d, 0xff, 0xff, 0xff, 0xff, 0xff ] ],
      [ [ 0xff, 0xff, 0xcc, 0xb, 0x1e, 0x49, 0x1e, 0x0, 0x0, 0x10, 0xff, 0xff, 0xff, 0xff, 0xff ] ],
      [ [ 0xff, 0xde, 0x4, 0x70, 0xff, 0xff, 0xff, 0x6a, 0x1c, 0x8e, 0xff, 0xff, 0xff, 0xff, 0xff ] ],
      [ [ 0xff, 0x20, 0xe, 0xff, 0xff, 0xff, 0xff, 0xff, 0xff, 0xff, 0xff, 0xff, 0xff, 0xff, 0xff ] ],
      [ [ 0x8f, 0x0, 0x3c, 0xff, 0xff, 0xff, 0xff, 0xff, 0xff, 0xff, 0xff, 0xff, 0xff, 0xff, 0xff ] ],
      [ [ 0x32, 0x0, 0x53, 0xff, 0xff, 0xff, 0xff, 0xff, 0xff, 0xff, 0xff, 0xff, 0xff, 0xff, 0xff ] ],
      [ [ 0x16, 0x0, 0x5e, 0xff, 0xff, 0xff, 0xff, 0xff, 0xff, 0xff, 0xff, 0xff, 0xff, 0xff, 0xff ] ],
      [ [ 0xc, 0x0, 0x68, 0xff, 0xff, 0xff, 0xff, 0xff, 0xff, 0xff, 0xff, 0xff, 0xff, 0xff, 0xff ] ],
      [ [ 0x0, 0x0, 0x0, 0x0, 0x0, 0x0, 0xc1, 0xff, 0xff, 0xc8, 0x29, 0xb, 0x6, 0x6, 0x24 ] ],
      [ [ 0x3, 0x0, 0x20, 0x4d, 0x4d, 0x54, 0xf5, 0xff, 0x7e, 0x1, 0xa, 0xb4, 0xff, 0xd9, 0xd ] ],
      [ [ 0xb, 0x0, 0x6a, 0xff, 0xff, 0xff, 0xff, 0xd3, 0x1, 0x0, 0xc7, 0xff, 0xff, 0xff, 0x9f ] ],
      [ [ 0xb, 0x0, 0x6a, 0xff, 0xff, 0xff, 0xff, 0x62, 0x0, 0xf, 0xff, 0xff, 0xff, 0xff, 0xef ] ],
      [ [ 0xb, 0x0, 0x6a, 0xff, 0xff, 0xff, 0xff, 0x47, 0x0, 0x21, 0xff, 0xff, 0xff, 0xff, 0xf9 ] ],
      [ [ 0xb, 0x0, 0x6a, 0xff, 0xff, 0xff, 0xff, 0x7a, 0x0, 0x1a, 0xff, 0xff, 0xff, 0xff, 0xc0 ] ],
      [ [ 0xb, 0x0, 0x6a, 0xff, 0xff, 0xff, 0xff, 0xf1, 0x4, 0x2, 0xe8, 0xff, 0xff, 0xff, 0x4b ] ],
      [ [ 0xb, 0x0, 0x6a, 0xff, 0xff, 0xff, 0xff, 0xff, 0x9b, 0x1, 0x1e, 0xe8, 0xff, 0x94, 0x1 ] ],
      [ [ 0xb, 0x0, 0x68, 0xff, 0xff, 0xff, 0xff, 0xff, 0xff, 0xab, 0x1, 0x5, 0x5, 0xa, 0x38 ] ],
      [ [ 0xb, 0x0, 0x67, 0xff, 0xff, 0xff, 0xff, 0xff, 0x76, 0x6, 0x91, 0xff, 0xff, 0xff, 0xff ] ]
    ]
  ],
  [
    'm',
    [
      [ [ 0xff, 0xff, 0xff, 0xff, 0xff, 0xff, 0xff, 0xff, 0xff, 0xff, 0xff, 0xff, 0xff, 0xff, 0xff ] ],
      [ [ 0xff, 0xff, 0xff, 0xff, 0xff, 0xff, 0xff, 0xff, 0xff, 0xff, 0xff, 0xff, 0xff, 0xff, 0xff ] ],
      [ [ 0xff, 0xff, 0xff, 0xff, 0xff, 0xff, 0xff, 0xff, 0xff, 0xff, 0xff, 0xff, 0xff, 0xff, 0xff ] ],
      [ [ 0xff, 0xff, 0xff, 0xff, 0xff, 0xff, 0xff, 0xff, 0xff, 0xff, 0xff, 0xff, 0xff, 0xff, 0xff ] ],
      [ [ 0xff, 0xff, 0xff, 0xff, 0xff, 0xff, 0xff, 0xff, 0xff, 0xff, 0xff, 0xff, 0xff, 0xff, 0xff ] ],
      [ [ 0xff, 0xff, 0xff, 0xff, 0xff, 0xff, 0xff, 0xff, 0xff, 0xff, 0xff, 0xff, 0xff, 0xff, 0xff ] ],
      [ [ 0xff, 0xff, 0xff, 0xff, 0xff, 0xff, 0xff, 0xff, 0xff, 0xff, 0xff, 0xff, 0xff, 0xff, 0xff ] ],
      [ [ 0xff, 0xff, 0xff, 0xff, 0xff, 0xff, 0xff, 0xff, 0xff, 0xff, 0xff, 0xff, 0xff, 0xff, 0xff ] ],
      [ [ 0xff, 0xff, 0xff, 0xff, 0xff, 0xff, 0xff, 0xff, 0xf1, 0x5b, 0x6, 0xb9, 0xff, 0xff, 0xff ] ],
      [ [ 0xff, 0xff, 0xff, 0xff, 0xff, 0xff, 0xf5, 0x4c, 0x2, 0x0, 0x0, 0xb7, 0xff, 0xff, 0xff ] ],
      [ [ 0xff, 0xff, 0xff, 0xff, 0xff, 0xff, 0xda, 0x2e, 0x1, 0x0, 0x0, 0xc0, 0xff, 0xff, 0xff ] ],
      [ [ 0xff, 0xff, 0xff, 0xff, 0xff, 0xff, 0xff, 0xff, 0x82, 0x0, 0x0, 0xc5, 0xff, 0xff, 0xff ] ],
      [ [ 0xff, 0xff, 0xff, 0xff, 0xff, 0xff, 0xff, 0xff, 0xd3, 0x0, 0x0, 0xca, 0xff, 0xff, 0xff ] ],
      [ [ 0xff, 0xff, 0xff, 0xff, 0xff, 0xff, 0xff, 0xff, 0xe2, 0x0, 0x0, 0xd0, 0xff, 0xff, 0xff ] ],
      [ [ 0xff, 0xff, 0xff, 0xff, 0xff, 0xff, 0xff, 0xff, 0xe2, 0x0, 0x0, 0xd1, 0xff, 0xff, 0xff ] ],
      [ [ 0xff, 0xff, 0xff, 0xff, 0xff, 0xff, 0xff, 0xff, 0xe2, 0x0, 0x0, 0xd3, 0xff, 0xff, 0xff ] ],
      [ [ 0xa7, 0xef, 0x45, 0x8, 0x5, 0x8f, 0xff, 0xff, 0xe2, 0x0, 0x0, 0xd3, 0xd7, 0x2c, 0x4 ] ],
      [ [ 0x0, 0x3, 0x14, 0x1, 0x0, 0x45, 0xff, 0xff, 0xe2, 0x0, 0x0, 0x6c, 0x7, 0x2e, 0x50 ] ],
      [ [ 0x0, 0x0, 0xef, 0xeb, 0x88, 0xf3, 0xff, 0xff, 0xe2, 0x0, 0x0, 0x8, 0xc1, 0xff, 0xff ] ],
      [ [ 0x0, 0x0, 0xb2, 0xff, 0xff, 0xff, 0xff, 0xff, 0xe2, 0x0, 0x0, 0x8c, 0xff, 0xff, 0xff ] ],
      [ [ 0x0, 0x0, 0xab, 0xff, 0xff, 0xff, 0xff, 0xff, 0xe2, 0x0, 0x0, 0xd1, 0xff, 0xff, 0xff ] ],
      [ [ 0x0, 0x0, 0xeb, 0xff, 0xff, 0xff, 0xff, 0xff, 0xe0, 0x0, 0x0, 0xd3, 0xff, 0xff, 0xff ] ],
      [ [ 0x0, 0x1f, 0xff, 0xff, 0xff, 0xff, 0xff, 0xff, 0xe0, 0x0, 0x0, 0xd3, 0xff, 0xff, 0xff ] ],
      [ [ 0x3, 0xc1, 0xff, 0xff, 0xff, 0xff, 0xff, 0xff, 0xde, 0x0, 0x0, 0xd3, 0xff, 0xff, 0xff ] ],
      [ [ 0xd7, 0xff, 0xff, 0xff, 0xff, 0xff, 0xff, 0xff, 0xdc, 0x0, 0x0, 0xd3, 0xff, 0xff, 0xff ] ],
      [ [ 0xff, 0xff, 0xff, 0xff, 0xff, 0xff, 0xff, 0xff, 0xd7, 0x0, 0x0, 0xd3, 0xff, 0xff, 0xff ] ]
    ]
  ],
  [
    'n',
    [
      [ [ 0xff, 0xff, 0xff, 0xff, 0xff, 0xff, 0xff, 0xff, 0xff, 0xff, 0xff, 0xff, 0xff, 0xff, 0xff ] ],
      [ [ 0xff, 0xff, 0xff, 0xff, 0xff, 0xff, 0xff, 0xff, 0xff, 0xff, 0xff, 0xff, 0xff, 0xff, 0xff ] ],
      [ [ 0xff, 0xff, 0xff, 0xff, 0xff, 0xff, 0xff, 0xff, 0xff, 0xff, 0xff, 0xff, 0xff, 0xff, 0xff ] ],
      [ [ 0xff, 0xff, 0xff, 0xff, 0xff, 0xff, 0xff, 0xff, 0xff, 0xff, 0xff, 0xff, 0xff, 0xff, 0xff ] ],
      [ [ 0xff, 0xff, 0xff, 0xff, 0xff, 0xff, 0xff, 0xff, 0xff, 0xff, 0xff, 0xff, 0xff, 0xff, 0xff ] ],
      [ [ 0xff, 0xff, 0xff, 0xff, 0xff, 0xff, 0xff, 0xff, 0xff, 0xff, 0xff, 0xff, 0xff, 0xff, 0xff ] ],
      [ [ 0xff, 0xff, 0xff, 0xff, 0xff, 0xff, 0xff, 0xff, 0xff, 0xff, 0xff, 0xff, 0xff, 0xff, 0xff ] ],
      [ [ 0xff, 0xff, 0xff, 0xff, 0xff, 0xff, 0xff, 0xff, 0xff, 0xff, 0xff, 0xff, 0xff, 0xff, 0xff ] ],
      [ [ 0xff, 0xff, 0xff, 0xff, 0xff, 0xff, 0xff, 0xff, 0xff, 0xff, 0xff, 0xff, 0xff, 0xff, 0xff ] ],
      [ [ 0xff, 0xff, 0xff, 0xff, 0xff, 0xff, 0xff, 0xff, 0xff, 0x2a, 0x3, 0x3e, 0xff, 0xff, 0xff ] ],
      [ [ 0xff, 0xff, 0xff, 0xff, 0xff, 0xff, 0xff, 0xff, 0xa2, 0x0, 0x0, 0x0, 0xf5, 0xff, 0xff ] ],
      [ [ 0xff, 0xff, 0xff, 0xff, 0xff, 0xff, 0xff, 0xff, 0xea, 0xf, 0x0, 0x26, 0xff, 0xff, 0xff ] ],
      [ [ 0xff, 0xff, 0xff, 0xff, 0xff, 0xff, 0xff, 0xff, 0xff, 0xff, 0xe2, 0xff, 0xff, 0xff, 0xff ] ],
      [ [ 0xff, 0xff, 0xff, 0xff, 0xff, 0xff, 0xff, 0xff, 0xff, 0xff, 0xff, 0xff, 0xff, 0xff, 0xff ] ],
      [ [ 0xff, 0xff, 0xff, 0xff, 0xff, 0xff, 0xff, 0xff, 0xff, 0xff, 0xff, 0xff, 0xff, 0xff, 0xff ] ],
      [ [ 0xff, 0xff, 0xff, 0xff, 0xff, 0xff, 0xff, 0xff, 0xff, 0xff, 0xff, 0xff, 0xff, 0xff, 0xff ] ],
      [ [ 0x1, 0xb, 0x6a, 0xff, 0xff, 0xff, 0xff, 0xff, 0xff, 0xf9, 0x72, 0xd, 0x98, 0xff, 0xff ] ],
      [ [ 0x20, 0x0, 0x0, 0x36, 0xff, 0xff, 0xff, 0xff, 0x60, 0x5, 0x0, 0x0, 0x97, 0xff, 0xff ] ],
      [ [ 0xff, 0x57, 0x0, 0x0, 0xa8, 0xff, 0xff, 0xff, 0x6f, 0xe, 0x0, 0x0, 0x9b, 0xff, 0xff ] ],
      [ [ 0xff, 0xf9, 0x5, 0x0, 0x48, 0xff, 0xff, 0xff, 0xff, 0xce, 0x0, 0x0, 0x9d, 0xff, 0xff ] ],
      [ [ 0xff, 0xff, 0x1e, 0x0, 0x36, 0xff, 0xff, 0xff, 0xff, 0xff, 0x1, 0x0, 0x9d, 0xff, 0xff ] ],
      [ [ 0xff, 0xff, 0x2e, 0x0, 0x2a, 0xff, 0xff, 0xff, 0xff, 0xff, 0x1, 0x0, 0x9d, 0xff, 0xff ] ],
      [ [ 0xff, 0xff, 0x35, 0x0, 0x28, 0xff, 0xff, 0xff, 0xff, 0xff, 0x1, 0x0, 0x9d, 0xff, 0xff ] ],
      [ [ 0xff, 0xff, 0x35, 0x0, 0x27, 0xff, 0xff, 0xff, 0xff, 0xff, 0x1, 0x0, 0x9d, 0xff, 0xff ] ],
      [ [ 0xff, 0xff, 0x35, 0x0, 0x25, 0xff, 0xff, 0xff, 0xff, 0xff, 0x1, 0x0, 0x9d, 0xff, 0xff ] ],
      [ [ 0xff, 0xff, 0x36, 0x0, 0x23, 0xff, 0xff, 0xff, 0xff, 0xff, 0x0, 0x0, 0x9d, 0xff, 0xff ] ]
    ]
  ],
  [
    'o',
    [
      [ [ 0xff, 0xff, 0xff, 0xff, 0xff, 0xff, 0xff, 0xff, 0xff, 0xff, 0xff, 0xff, 0xff, 0xff, 0xff ] ],
      [ [ 0xff, 0xff, 0xff, 0xff, 0xff, 0xff, 0xff, 0xff, 0xff, 0xff, 0xff, 0xff, 0xff, 0xff, 0xff ] ],
      [ [ 0xff, 0xff, 0xff, 0xff, 0xff, 0xff, 0xff, 0xff, 0xff, 0xff, 0xff, 0xff, 0xff, 0xff, 0xff ] ],
      [ [ 0xff, 0xff, 0xff, 0xff, 0xff, 0xff, 0xff, 0xff, 0xff, 0xff, 0xff, 0xff, 0xff, 0xff, 0xff ] ],
      [ [ 0xff, 0xff, 0xff, 0xff, 0xff, 0xff, 0xff, 0xff, 0xff, 0xff, 0xff, 0xff, 0xff, 0xff, 0xff ] ],
      [ [ 0xff, 0xff, 0xff, 0xff, 0xff, 0xff, 0xff, 0xff, 0xff, 0xff, 0xff, 0xff, 0xff, 0xff, 0xff ] ],
      [ [ 0xff, 0xff, 0xff, 0xff, 0xff, 0xff, 0xff, 0xff, 0xff, 0xff, 0xff, 0xff, 0xff, 0xff, 0xff ] ],
      [ [ 0xff, 0xff, 0xff, 0xff, 0xff, 0xff, 0xff, 0xff, 0xff, 0xff, 0xff, 0xff, 0xff, 0xff, 0xff ] ],
      [ [ 0xff, 0xff, 0xff, 0xff, 0xff, 0xff, 0xff, 0xff, 0xff, 0xcc, 0x48, 0x7, 0xce, 0xff, 0xff ] ],
      [ [ 0xff, 0xfb, 0x2a, 0x1, 0x29, 0xfb, 0xff, 0xe8, 0x16, 0x0, 0x0, 0x0, 0xd7, 0xff, 0xff ] ],
      [ [ 0xff, 0x7c, 0x0, 0x0, 0x0, 0x9d, 0xff, 0xff, 0xbe, 0x1a, 0x0, 0x0, 0xea, 0xff, 0xff ] ],
      [ [ 0xff, 0xa2, 0x0, 0x0, 0x0, 0xc5, 0xff, 0xff, 0xff, 0x94, 0x0, 0x0, 0xf3, 0xff, 0xff ] ],
      [ [ 0xff, 0xff, 0x8c, 0x35, 0x94, 0xff, 0xff, 0xff, 0xff, 0xb7, 0x0, 0x0, 0xf9, 0xff, 0xff ] ],
      [ [ 0xff, 0xff, 0xff, 0xff, 0xff, 0xff, 0xff, 0xff, 0xff, 0xb7, 0x0, 0x0, 0xfb, 0xff, 0xff ] ],
      [ [ 0xff, 0xff, 0xff, 0xff, 0xff, 0xff, 0xff, 0xff, 0xff, 0xb7, 0x0, 0x0, 0xfd, 0xff, 0xff ] ],
      [ [ 0xff, 0xff, 0xff, 0xff, 0xff, 0xff, 0xff, 0xff, 0xff, 0xb7, 0x0, 0x0, 0xff, 0xff, 0xff ] ],
      [ [ 0xff, 0xff, 0xff, 0x8f, 0xc, 0xb5, 0xff, 0xff, 0xff, 0xb7, 0x0, 0x0, 0xff, 0xff, 0xff ] ],
      [ [ 0xff, 0x7b, 0x13, 0x0, 0x0, 0xc5, 0xff, 0xff, 0xff, 0xb7, 0x0, 0x0, 0xff, 0xff, 0xff ] ],
      [ [ 0xf9, 0x1c, 0x0, 0x0, 0x0, 0xd3, 0xff, 0xff, 0xff, 0xb7, 0x0, 0x0, 0xff, 0xff, 0xff ] ],
      [ [ 0xff, 0xff, 0x63, 0x0, 0x0, 0xdc, 0xff, 0xff, 0xff, 0xb7, 0x0, 0x0, 0xff, 0xff, 0xff ] ],
      [ [ 0xff, 0xff, 0xc8, 0x0, 0x0, 0xe0, 0xff, 0xff, 0xff, 0xb7, 0x0, 0x0, 0xff, 0xff, 0x4e ] ],
      [ [ 0xff, 0xff, 0xd3, 0x0, 0x0, 0xe2, 0xff, 0xff, 0xff, 0xb5, 0x0, 0x0, 0xe2, 0x4a, 0x2 ] ],
      [ [ 0xff, 0xff, 0xd3, 0x0, 0x0, 0xe2, 0xff, 0xff, 0xff, 0xb4, 0x0, 0x0, 0x0, 0x0, 0x0 ] ],
      [ [ 0xff, 0xff, 0xd3, 0x0, 0x0, 0xe2, 0xff, 0xff, 0xff, 0xb2, 0x0, 0x0, 0xdc, 0x3f, 0x0 ] ],
      [ [ 0xff, 0xff, 0xd3, 0x0, 0x0, 0xe2, 0xff, 0xff, 0xff, 0xaf, 0x0, 0x0, 0xff, 0xff, 0x40 ] ],
      [ [ 0xff, 0xff, 0xd3, 0x0, 0x0, 0xe2, 0xff, 0xff, 0xff, 0xa8, 0x0, 0x0, 0xfb, 0xff, 0xff ] ]
    ]
  ],
  [
    'p',
    [
      [ [ 0xff, 0xff, 0xff, 0xff, 0xff, 0xff, 0xff, 0xff, 0xff, 0xff, 0xff, 0xff, 0xff, 0xff, 0xff ] ],
      [ [ 0xff, 0xff, 0xff, 0xff, 0xff, 0xff, 0xff, 0xff, 0xff, 0xff, 0xff, 0xff, 0xff, 0xff, 0xff ] ],
      [ [ 0xff, 0xff, 0xff, 0xff, 0xff, 0xff, 0xff, 0xff, 0xff, 0xff, 0xff, 0xff, 0xff, 0xff, 0xff ] ],
      [ [ 0xff, 0xff, 0xff, 0xff, 0xff, 0xff, 0xff, 0xff, 0xff, 0xff, 0xff, 0xff, 0xff, 0xff, 0xff ] ],
      [ [ 0xff, 0xff, 0xff, 0xff, 0xff, 0xff, 0xff, 0xff, 0xff, 0xff, 0xff, 0xff, 0xff, 0xff, 0xff ] ],
      [ [ 0xff, 0xff, 0xff, 0xff, 0xff, 0xff, 0xff, 0xff, 0xff, 0xff, 0xff, 0xff, 0xff, 0xff, 0xff ] ],
      [ [ 0xff, 0xff, 0xff, 0xff, 0xff, 0xff, 0xff, 0xff, 0xff, 0xff, 0xff, 0xff, 0xff, 0xff, 0xff ] ],
      [ [ 0xff, 0xff, 0xff, 0xff, 0xff, 0xff, 0xff, 0xff, 0xff, 0xff, 0xff, 0xff, 0xff, 0xff, 0xff ] ],
      [ [ 0xff, 0xff, 0xff, 0xff, 0xff, 0xff, 0xff, 0xff, 0xff, 0xf3, 0x5e, 0x7, 0xc1, 0xff, 0xff ] ],
      [ [ 0xff, 0xff, 0xff, 0xff, 0xff, 0xff, 0xff, 0xeb, 0x50, 0x3, 0x0, 0x0, 0xc0, 0xff, 0xff ] ],
      [ [ 0xff, 0xff, 0xff, 0xff, 0xff, 0xff, 0xff, 0x94, 0x9, 0x0, 0x0, 0x0, 0xc7, 0xff, 0xff ] ],
      [ [ 0xff, 0xff, 0xff, 0xff, 0xff, 0xff, 0xff, 0xff, 0xfd, 0x26, 0x0, 0x0, 0xce, 0xff, 0xff ] ],
      [ [ 0xff, 0xff, 0xff, 0xff, 0xff, 0xff, 0xff, 0xff, 0xff, 0x92, 0x0, 0x0, 0xd5, 0xff, 0xff ] ],
      [ [ 0xff, 0xff, 0xff, 0xff, 0xff, 0xff, 0xff, 0xff, 0xff, 0xad, 0x0, 0x0, 0xda, 0xff, 0xff ] ],
      [ [ 0xff, 0xff, 0xff, 0xff, 0xff, 0xff, 0xff, 0xff, 0xff, 0xb7, 0x0, 0x0, 0xe2, 0xff, 0xff ] ],
      [ [ 0xff, 0xff, 0xff, 0xff, 0xff, 0xff, 0xff, 0xff, 0xff, 0xbc, 0x0, 0x0, 0xe8, 0xff, 0xff ] ],
      [ [ 0x6c, 0x0, 0x1, 0x2, 0x2, 0x0, 0xad, 0xff, 0xff, 0xc0, 0x0, 0x0, 0xef, 0xff, 0xff ] ],
      [ [ 0xf5, 0x4c, 0x0, 0x2, 0x50, 0xb7, 0xff, 0xff, 0xff, 0xc3, 0x0, 0x0, 0xf1, 0xff, 0xff ] ],
      [ [ 0xf9, 0x13, 0x8, 0xcc, 0xff, 0xff, 0xff, 0xff, 0xff, 0xc5, 0x0, 0x0, 0xf1, 0xff, 0xff ] ],
      [ [ 0x2f, 0x9, 0xd9, 0xff, 0xff, 0xff, 0xff, 0xff, 0xff, 0xc3, 0x0, 0x0, 0xf1, 0xff, 0xff ] ],
      [ [ 0x9, 0xda, 0xff, 0xff, 0xff, 0xff, 0xff, 0xff, 0xff, 0xc3, 0x0, 0x0, 0xf1, 0xff, 0xff ] ],
      [ [ 0xd7, 0xff, 0xff, 0xff, 0xff, 0xff, 0xff, 0xff, 0xff, 0xc3, 0x0, 0x0, 0xf1, 0xff, 0xff ] ],
      [ [ 0x37, 0xff, 0xff, 0xff, 0xff, 0xff, 0xff, 0xff, 0xff, 0xc3, 0x0, 0x0, 0xf1, 0xff, 0xff ] ],
      [ [ 0x0, 0x34, 0xff, 0xff, 0xff, 0xff, 0xff, 0xff, 0xff, 0xc1, 0x0, 0x0, 0xef, 0xff, 0xff ] ],
      [ [ 0x0, 0x0, 0x2e, 0xfd, 0xff, 0xff, 0xff, 0xff, 0xff, 0xc0, 0x0, 0x0, 0xed, 0xff, 0xff ] ],
      [ [ 0x35, 0x0, 0x0, 0x26, 0xfb, 0xff, 0xff, 0xff, 0xff, 0xbe, 0x0, 0x0, 0xeb, 0xff, 0xff ] ]
    ]
  ],
  [
    'q',
    [
      [ [ 0xff, 0xff, 0xff, 0xff, 0xff, 0xff, 0xff, 0xff, 0xff, 0xff, 0xff, 0xff, 0xff, 0xff, 0xff ] ],
      [ [ 0xff, 0xff, 0xff, 0xff, 0xff, 0xff, 0xff, 0xff, 0xff, 0xff, 0xff, 0xff, 0xff, 0xff, 0xff ] ],
      [ [ 0xff, 0xff, 0xff, 0xff, 0xff, 0xff, 0xff, 0xff, 0xff, 0xff, 0xff, 0xff, 0xff, 0xff, 0xff ] ],
      [ [ 0xff, 0xff, 0xff, 0xff, 0xff, 0xff, 0xff, 0xff, 0xff, 0xff, 0xff, 0xff, 0xff, 0xff, 0xff ] ],
      [ [ 0xff, 0xff, 0xff, 0xff, 0xff, 0xff, 0xff, 0xff, 0xff, 0xff, 0xff, 0xff, 0xff, 0xff, 0xff ] ],
      [ [ 0xff, 0xff, 0xff, 0xff, 0xff, 0xff, 0xff, 0xff, 0xff, 0xff, 0xff, 0xff, 0xff, 0xff, 0xff ] ],
      [ [ 0xff, 0xff, 0xff, 0xff, 0xff, 0xff, 0xff, 0xff, 0xff, 0xff, 0xff, 0xff, 0xff, 0xff, 0xff ] ],
      [ [ 0xff, 0xff, 0xff, 0xff, 0xff, 0xff, 0xff, 0xff, 0xff, 0xff, 0xff, 0xff, 0xff, 0xff, 0xff ] ],
      [ [ 0xff, 0xff, 0xff, 0xff, 0xff, 0xff, 0xff, 0xff, 0xff, 0xff, 0xff, 0xff, 0xff, 0xff, 0xff ] ],
      [ [ 0xff, 0xff, 0xff, 0xff, 0xff, 0xff, 0xff, 0xff, 0xff, 0xff, 0xff, 0xff, 0xff, 0xff, 0xff ] ],
      [ [ 0xff, 0xff, 0xff, 0xff, 0xff, 0xff, 0xff, 0xff, 0xff, 0xff, 0xff, 0xff, 0xff, 0xff, 0xff ] ],
      [ [ 0xff, 0xff, 0xff, 0xff, 0xff, 0xff, 0xff, 0xff, 0xff, 0xff, 0xff, 0xff, 0xff, 0xff, 0xff ] ],
      [ [ 0xff, 0xff, 0xff, 0xff, 0xff, 0xff, 0xff, 0xff, 0xff, 0xff, 0xff, 0xff, 0xff, 0xff, 0xff ] ],
      [ [ 0xff, 0xff, 0xff, 0xff, 0xff, 0xff, 0xff, 0xff, 0xff, 0xff, 0xff, 0xff, 0xff, 0xff, 0xff ] ],
      [ [ 0xff, 0xff, 0xff, 0xff, 0xff, 0xff, 0xff, 0xff, 0xff, 0xff, 0xff, 0xff, 0xff, 0xff, 0xff ] ],
      [ [ 0xff, 0xff, 0xff, 0xff, 0xff, 0xff, 0xff, 0xff, 0xff, 0xff, 0xff, 0xff, 0xff, 0xff, 0xff ] ],
      [ [ 0xff, 0xff, 0xe2, 0x3e, 0xc, 0xff, 0xde, 0x3e, 0x7, 0x0, 0x8, 0x6c, 0xff, 0xff, 0xdc ] ],
      [ [ 0xff, 0x60, 0x1, 0x0, 0x0, 0xa7, 0x5, 0x20, 0x49, 0x26, 0x0, 0x0, 0x84, 0xa2, 0x4 ] ],
      [ [ 0xff, 0x8b, 0x3, 0x0, 0x0, 0x6, 0xb2, 0xff, 0xff, 0xff, 0x73, 0x0, 0x1, 0x3, 0x7f ] ],
      [ [ 0xff, 0xff, 0x9a, 0x0, 0x0, 0x60, 0xff, 0xff, 0xff, 0xff, 0xff, 0x1, 0x0, 0x26, 0xff ] ],
      [ [ 0xff, 0xff, 0xe0, 0x0, 0x0, 0xbe, 0xff, 0xff, 0xff, 0xff, 0xff, 0x9, 0x0, 0x5e, 0xff ] ],
      [ [ 0xff, 0xff, 0xe2, 0x0, 0x0, 0xd1, 0xff, 0xff, 0xff, 0xff, 0xff, 0xc, 0x0, 0x6b, 0xff ] ],
      [ [ 0xff, 0xff, 0xe2, 0x0, 0x0, 0xd3, 0xff, 0xff, 0xff, 0xff, 0xff, 0xd, 0x0, 0x6f, 0xff ] ],
      [ [ 0xff, 0xff, 0xe2, 0x0, 0x0, 0xd3, 0xff, 0xff, 0xff, 0xff, 0xff, 0xd, 0x0, 0x6f, 0xff ] ],
      [ [ 0xff, 0xff, 0xe2, 0x0, 0x0, 0xd3, 0xff, 0xff, 0xff, 0xff, 0xff, 0xd, 0x0, 0x6f, 0xff ] ],
      [ [ 0xff, 0xff, 0xe0, 0x0, 0x0, 0xd3, 0xff, 0xff, 0xff, 0xff, 0xff, 0xd, 0x0, 0x6f, 0xff ] ]
    ]
  ],
  [
    'r',
    [
      [ [ 0xff, 0xff, 0xff, 0xff, 0xff, 0xff, 0xff, 0xff, 0xff, 0xff, 0xff, 0xff, 0xff, 0xff, 0xff ] ],
      [ [ 0xff, 0xff, 0xff, 0xff, 0xff, 0xff, 0xff, 0xff, 0xff, 0xff, 0xff, 0xff, 0xff, 0xff, 0xff ] ],
      [ [ 0xff, 0xff, 0xff, 0xff, 0xff, 0xff, 0xff, 0xff, 0xff, 0xff, 0xff, 0xff, 0xff, 0xff, 0xff ] ],
      [ [ 0xff, 0xff, 0xff, 0xff, 0xff, 0xff, 0xff, 0xff, 0xff, 0xff, 0xff, 0xff, 0xff, 0xff, 0xff ] ],
      [ [ 0xff, 0xff, 0xff, 0xff, 0xff, 0xff, 0xff, 0xff, 0xff, 0xff, 0xff, 0xff, 0xff, 0xff, 0xff ] ],
      [ [ 0xff, 0xff, 0xff, 0xff, 0xff, 0xff, 0xff, 0xff, 0xff, 0xff, 0xff, 0xff, 0xff, 0xff, 0xff ] ],
      [ [ 0xff, 0xff, 0xff, 0xff, 0xff, 0xff, 0xff, 0xff, 0xff, 0xff, 0xff, 0xff, 0xff, 0xff, 0xff ] ],
      [ [ 0xff, 0xff, 0xff, 0xff, 0xff, 0xff, 0xff, 0xff, 0xff, 0xff, 0xff, 0xff, 0xff, 0xff, 0xff ] ],
      [ [ 0xff, 0xff, 0xff, 0xff, 0xff, 0xff, 0xff, 0xff, 0xff, 0xff, 0xff, 0xff, 0xff, 0xff, 0xff ] ],
      [ [ 0xff, 0xff, 0xff, 0xff, 0xff, 0xff, 0xff, 0xff, 0xff, 0xff, 0xff, 0xff, 0xff, 0xff, 0xff ] ],
      [ [ 0xff, 0xff, 0xff, 0xff, 0xff, 0xff, 0xff, 0xff, 0xff, 0xff, 0xff, 0xff, 0xff, 0xff, 0xff ] ],
      [ [ 0xff, 0xff, 0xff, 0xff, 0xff, 0xff, 0xff, 0xff, 0xff, 0xff, 0xff, 0xff, 0xff, 0xff, 0xff ] ],
      [ [ 0xff, 0xff, 0xff, 0xff, 0xff, 0xff, 0xff, 0xff, 0xff, 0xff, 0xff, 0xff, 0xff, 0xff, 0xff ] ],
      [ [ 0xff, 0xff, 0xff, 0xff, 0xff, 0xff, 0xff, 0xff, 0xff, 0xff, 0xff, 0xff, 0xff, 0xff, 0xff ] ],
      [ [ 0xff, 0xff, 0xff, 0xff, 0xff, 0xff, 0xff, 0xff, 0xff, 0xff, 0xff, 0xff, 0xff, 0xff, 0xff ] ],
      [ [ 0xff, 0xff, 0xff, 0xff, 0xff, 0xff, 0xff, 0xff, 0xff, 0xff, 0xff, 0xff, 0xff, 0xff, 0xff ] ],
      [ [ 0x3c, 0x6, 0x0, 0x4, 0x42, 0xf1, 0xff, 0xff, 0xff, 0xff, 0xff, 0xf1, 0x4b, 0x10, 0xff ] ],
      [ [ 0x18, 0x48, 0x2b, 0x1, 0x0, 0x20, 0xff, 0xff, 0xff, 0xff, 0x7c, 0x4, 0x0, 0x0, 0x97 ] ],
      [ [ 0xff, 0xff, 0xff, 0xba, 0x0, 0x0, 0x88, 0xff, 0xff, 0xff, 0x6e, 0x1, 0x0, 0x0, 0x7 ] ],
      [ [ 0xff, 0xff, 0xff, 0xff, 0x1e, 0x0, 0x3b, 0xff, 0xff, 0xff, 0xff, 0x76, 0x0, 0x0, 0x6e ] ],
      [ [ 0xff, 0xff, 0xff, 0xff, 0x35, 0x0, 0x28, 0xff, 0xff, 0xff, 0xff, 0xda, 0x0, 0x0, 0xc5 ] ],
      [ [ 0xff, 0xff, 0xff, 0xff, 0x39, 0x0, 0x25, 0xff, 0xff, 0xff, 0xff, 0xe2, 0x0, 0x0, 0xd3 ] ],
      [ [ 0xff, 0xff, 0xff, 0xff, 0x39, 0x0, 0x25, 0xff, 0xff, 0xff, 0xff, 0xe2, 0x0, 0x0, 0xd3 ] ],
      [ [ 0xff, 0xff, 0xff, 0xff, 0x39, 0x0, 0x25, 0xff, 0xff, 0xff, 0xff, 0xe2, 0x0, 0x0, 0xd3 ] ],
      [ [ 0xff, 0xff, 0xff, 0xff, 0x38, 0x0, 0x25, 0xff, 0xff, 0xff, 0xff, 0xe2, 0x0, 0x0, 0xd3 ] ],
      [ [ 0xff, 0xff, 0xff, 0xff, 0x35, 0x0, 0x25, 0xff, 0xff, 0xff, 0xff, 0xe2, 0x0, 0x0, 0xd3 ] ]
    ]
  ],
  [
    's',
    [
      [ [ 0xff, 0xff, 0xff, 0xff, 0xff, 0xff, 0xff, 0xff, 0xff, 0xff, 0xff, 0xff, 0xff, 0xff, 0xff ] ],
      [ [ 0xff, 0xff, 0xff, 0xff, 0xff, 0xff, 0xff, 0xff, 0xff, 0xff, 0xff, 0xff, 0xff, 0xff, 0xff ] ],
      [ [ 0xff, 0xff, 0xff, 0xff, 0xff, 0xff, 0xff, 0xff, 0xff, 0xff, 0xff, 0xff, 0xff, 0xff, 0xff ] ],
      [ [ 0xff, 0xff, 0xff, 0xff, 0xff, 0xff, 0xff, 0xff, 0xff, 0xff, 0xff, 0xff, 0xff, 0xff, 0xff ] ],
      [ [ 0xff, 0xff, 0xff, 0xff, 0xff, 0xff, 0xff, 0xff, 0xff, 0xff, 0xff, 0xff, 0xff, 0xff, 0xff ] ],
      [ [ 0xff, 0xff, 0xff, 0xff, 0xff, 0xff, 0xff, 0xff, 0xff, 0xff, 0xff, 0xff, 0xff, 0xff, 0xff ] ],
      [ [ 0xff, 0xff, 0xff, 0xff, 0xff, 0xff, 0xff, 0xff, 0xff, 0xff, 0xff, 0xff, 0xff, 0xff, 0xff ] ],
      [ [ 0xff, 0xff, 0xff, 0xff, 0xff, 0xff, 0xff, 0xff, 0xff, 0xff, 0xff, 0xff, 0xff, 0xff, 0xff ] ],
      [ [ 0xff, 0xff, 0xff, 0xff, 0xff, 0xff, 0xff, 0xff, 0xff, 0xff, 0xff, 0xff, 0xff, 0xff, 0xff ] ],
      [ [ 0xff, 0xff, 0xff, 0xff, 0xff, 0xff, 0xff, 0xff, 0xff, 0xff, 0xff, 0xff, 0xff, 0xff, 0xff ] ],
      [ [ 0xff, 0xff, 0xff, 0xff, 0xff, 0xff, 0xff, 0xff, 0xff, 0xff, 0xff, 0xff, 0xff, 0xff, 0xff ] ],
      [ [ 0xff, 0xff, 0xff, 0xff, 0xff, 0xff, 0xff, 0xff, 0xff, 0xff, 0xff, 0xff, 0xff, 0xff, 0xff ] ],
      [ [ 0xff, 0xff, 0xff, 0xff, 0xff, 0xff, 0xff, 0xff, 0xff, 0xff, 0xff, 0xff, 0xff, 0xff, 0xff ] ],
      [ [ 0xff, 0xff, 0xff, 0xff, 0xff, 0xff, 0xff, 0xff, 0xff, 0xff, 0xff, 0xff, 0xff, 0xff, 0xff ] ],
      [ [ 0xff, 0xff, 0xff, 0xff, 0xff, 0xff, 0xff, 0xff, 0xff, 0xff, 0xff, 0xff, 0xff, 0xff, 0xff ] ],
      [ [ 0xff, 0xff, 0xff, 0xff, 0xff, 0xff, 0xff, 0xff, 0xff, 0xff, 0xff, 0xff, 0xff, 0xff, 0xff ] ],
      [ [ 0xd7, 0x35, 0x4, 0x0, 0x8, 0x54, 0xff, 0xff, 0xff, 0xff, 0xff, 0xff, 0xff, 0xff, 0xbc ] ],
      [ [ 0x5, 0x22, 0x3e, 0x20, 0x0, 0x0, 0x44, 0xff, 0xff, 0xff, 0xff, 0xff, 0xff, 0x56, 0x0 ] ],
      [ [ 0xc1, 0xff, 0xff, 0xff, 0xa2, 0x0, 0x0, 0xce, 0xff, 0xff, 0xff, 0xff, 0x4e, 0x0, 0x31 ] ],
      [ [ 0xff, 0xff, 0xff, 0xff, 0xff, 0x8, 0x0, 0x5e, 0xff, 0xff, 0xff, 0xad, 0x0, 0x1, 0xe6 ] ],
      [ [ 0xff, 0xff, 0xff, 0xff, 0xff, 0x10, 0x0, 0x52, 0xff, 0xff, 0xff, 0x26, 0x0, 0x1a, 0xff ] ],
      [ [ 0xff, 0xff, 0xff, 0xff, 0xff, 0x13, 0x0, 0x52, 0xff, 0xff, 0xff, 0x5, 0x0, 0x35, 0xff ] ],
      [ [ 0xff, 0xff, 0xff, 0xff, 0xff, 0x13, 0x0, 0x52, 0xff, 0xff, 0xff, 0x1, 0x0, 0x3c, 0xff ] ],
      [ [ 0xff, 0xff, 0xff, 0xff, 0xff, 0x13, 0x0, 0x52, 0xff, 0xff, 0xff, 0x4, 0x0, 0x29, 0xff ] ],
      [ [ 0xff, 0xff, 0xff, 0xff, 0xff, 0x12, 0x0, 0x52, 0xff, 0xff, 0xff, 0x19, 0x0, 0x14, 0xff ] ],
      [ [ 0xff, 0xff, 0xff, 0xff, 0xff, 0x10, 0x0, 0x52, 0xff, 0xff, 0xff, 0x7e, 0x0, 0x0, 0xbe ] ]
    ]
  ],
  [
    't',
    [
      [ [ 0xff, 0xff, 0xff, 0xff, 0xff, 0xff, 0xff, 0xff, 0xff, 0xff, 0xff, 0xff, 0xff, 0xff, 0xff ] ],
      [ [ 0xff, 0xff, 0xff, 0xff, 0xff, 0xff, 0xff, 0xff, 0xff, 0xff, 0xff, 0xff, 0xff, 0xff, 0xff ] ],
      [ [ 0xff, 0xff, 0xff, 0xff, 0xff, 0xff, 0xff, 0xff, 0xff, 0xff, 0xff, 0xff, 0xff, 0xff, 0xff ] ],
      [ [ 0xff, 0xff, 0xff, 0xff, 0xff, 0xff, 0xff, 0xff, 0xff, 0xff, 0xff, 0xff, 0xff, 0xff, 0xff ] ],
      [ [ 0xff, 0xff, 0xff, 0xff, 0xff, 0xff, 0xff, 0xff, 0xff, 0xff, 0xff, 0xff, 0xff, 0xff, 0xff ] ],
      [ [ 0xff, 0xff, 0xff, 0xff, 0xff, 0xff, 0xff, 0xff, 0xff, 0xff, 0xff, 0xff, 0xff, 0xff, 0xff ] ],
      [ [ 0xff, 0xff, 0xff, 0xff, 0xff, 0xff, 0xff, 0xff, 0xff, 0xff, 0xff, 0xff, 0xff, 0xff, 0xff ] ],
      [ [ 0xff, 0xff, 0xff, 0xff, 0xff, 0xff, 0xff, 0xff, 0xff, 0xff, 0xff, 0xff, 0xff, 0xff, 0xff ] ],
      [ [ 0xff, 0xff, 0xff, 0xff, 0xff, 0xff, 0xff, 0xff, 0xff, 0xff, 0xff, 0xff, 0xff, 0xff, 0xff ] ],
      [ [ 0xff, 0xff, 0xff, 0xff, 0xff, 0xff, 0xff, 0xff, 0xff, 0xff, 0xff, 0xff, 0xff, 0xff, 0xff ] ],
      [ [ 0xff, 0xff, 0xff, 0xff, 0xff, 0xff, 0xff, 0xff, 0xff, 0xff, 0xff, 0xff, 0xff, 0xff, 0xff ] ],
      [ [ 0xff, 0xff, 0xff, 0xff, 0xff, 0xff, 0xff, 0xff, 0xff, 0xff, 0xff, 0xff, 0xff, 0xff, 0xff ] ],
      [ [ 0xff, 0xff, 0xff, 0xff, 0xff, 0xff, 0xff, 0xff, 0xff, 0xff, 0xff, 0xff, 0xff, 0xff, 0xff ] ],
      [ [ 0xff, 0xff, 0xff, 0xff, 0xff, 0xff, 0xff, 0xff, 0xff, 0xff, 0xff, 0xff, 0xff, 0xff, 0xff ] ],
      [ [ 0xff, 0xff, 0xff, 0xff, 0xff, 0xff, 0xff, 0xff, 0xff, 0xff, 0xff, 0xff, 0xff, 0xff, 0xff ] ],
      [ [ 0xff, 0xff, 0xff, 0xff, 0xff, 0xff, 0xff, 0xff, 0xff, 0xff, 0xff, 0xff, 0xff, 0xff, 0xff ] ],
      [ [ 0x2e, 0x9, 0x2, 0x3, 0x22, 0xaf, 0xff, 0xff, 0xff, 0xff, 0xff, 0xff, 0xb5, 0x21, 0x25 ] ],
      [ [ 0x2f, 0xe2, 0xf9, 0x8b, 0x4, 0x0, 0x45, 0xff, 0xff, 0xff, 0xd5, 0x21, 0x0, 0x0, 0xf ] ],
      [ [ 0xff, 0xff, 0xff, 0xff, 0xd3, 0x3, 0x0, 0x65, 0xff, 0xff, 0xd5, 0x15, 0x0, 0x0, 0x0 ] ],
      [ [ 0xff, 0xff, 0xff, 0xff, 0xff, 0x6a, 0x0, 0x1, 0xc3, 0xff, 0xff, 0xfd, 0x23, 0x0, 0x5 ] ],
      [ [ 0xff, 0xff, 0xff, 0xff, 0xff, 0xfd, 0x1, 0x0, 0x36, 0xff, 0xff, 0xff, 0x6a, 0x0, 0x8 ] ],
      [ [ 0xff, 0xff, 0xff, 0xff, 0xff, 0xff, 0xd, 0x0, 0xd, 0xff, 0xff, 0xff, 0x6f, 0x0, 0x8 ] ],
      [ [ 0xff, 0xff, 0xff, 0xff, 0xff, 0xff, 0x1a, 0x0, 0x6, 0xff, 0xff, 0xff, 0x6f, 0x0, 0x8 ] ],
      [ [ 0xff, 0xff, 0xff, 0xff, 0xff, 0xff, 0xb, 0x0, 0x10, 0xff, 0xff, 0xff, 0x6f, 0x0, 0x8 ] ],
      [ [ 0xff, 0xff, 0xff, 0xff, 0xff, 0xf7, 0x1, 0x0, 0x46, 0xff, 0xff, 0xff, 0x6f, 0x0, 0x8 ] ],
      [ [ 0xff, 0xff, 0xff, 0xff, 0xff, 0x77, 0x0, 0x4, 0xe4, 0xff, 0xff, 0xff, 0x6f, 0x0, 0x7 ] ]
    ]
  ],
  [
    'u',
    [
      [ [ 0xff, 0xff, 0xff, 0xff, 0xff, 0xff, 0xff, 0xff, 0xff, 0xff, 0xff, 0xff, 0xff, 0xff, 0xff ] ],
      [ [ 0xff, 0xff, 0xff, 0xff, 0xff, 0xff, 0xff, 0xff, 0xff, 0xff, 0xff, 0xff, 0xff, 0xff, 0xff ] ],
      [ [ 0xff, 0xff, 0xff, 0xff, 0xff, 0xff, 0xff, 0xff, 0xff, 0xff, 0xff, 0xff, 0xff, 0xff, 0xff ] ],
      [ [ 0xff, 0xff, 0xff, 0xff, 0xff, 0xff, 0xff, 0xff, 0xff, 0xff, 0xff, 0xff, 0xff, 0xff, 0xff ] ],
      [ [ 0xff, 0xff, 0xff, 0xff, 0xff, 0xff, 0xff, 0xff, 0xff, 0xff, 0xff, 0xff, 0xff, 0xff, 0xff ] ],
      [ [ 0xff, 0xff, 0xff, 0xff, 0xff, 0xff, 0xff, 0xff, 0xff, 0xff, 0xff, 0xff, 0xff, 0xff, 0xff ] ],
      [ [ 0xff, 0xff, 0xff, 0xff, 0xff, 0xff, 0xff, 0xff, 0xff, 0xff, 0xff, 0xff, 0xff, 0xff, 0xff ] ],
      [ [ 0xff, 0xff, 0xff, 0xff, 0xff, 0xff, 0xff, 0xff, 0xff, 0xff, 0xff, 0xff, 0xff, 0xff, 0xff ] ],
      [ [ 0xff, 0xff, 0xff, 0xff, 0xff, 0xff, 0xff, 0xff, 0xff, 0xff, 0xff, 0xff, 0xff, 0xff, 0xff ] ],
      [ [ 0xff, 0xff, 0xff, 0xff, 0xff, 0xff, 0xff, 0xff, 0xff, 0xff, 0xff, 0xff, 0xff, 0xff, 0xff ] ],
      [ [ 0xff, 0xff, 0xff, 0xff, 0xff, 0xff, 0xff, 0xff, 0xff, 0xff, 0xff, 0xff, 0xff, 0xff, 0xff ] ],
      [ [ 0xff, 0xff, 0xff, 0xff, 0xff, 0xff, 0xff, 0xff, 0xff, 0xff, 0xff, 0xff, 0xff, 0xff, 0xff ] ],
      [ [ 0xff, 0xff, 0xff, 0xff, 0xff, 0xff, 0xff, 0xff, 0xff, 0xff, 0xff, 0xff, 0xff, 0xff, 0xff ] ],
      [ [ 0xff, 0xff, 0xff, 0xff, 0xff, 0xff, 0xff, 0xff, 0xff, 0xff, 0xff, 0xff, 0xff, 0xff, 0xff ] ],
      [ [ 0xff, 0xff, 0xff, 0xff, 0xff, 0xff, 0xff, 0xff, 0xff, 0xff, 0xff, 0xff, 0xff, 0xff, 0xff ] ],
      [ [ 0xff, 0xff, 0xff, 0xff, 0xff, 0xff, 0xff, 0xff, 0xff, 0xff, 0xff, 0xff, 0xff, 0xff, 0xff ] ],
      [ [ 0xff, 0x81, 0x17, 0x2, 0x1, 0x14, 0x6b, 0xff, 0xff, 0xff, 0xff, 0xff, 0xff, 0xff, 0xd0 ] ],
      [ [ 0x29, 0x8, 0x37, 0x40, 0xc, 0x0, 0x0, 0x25, 0xff, 0xff, 0xff, 0xff, 0xff, 0x65, 0x1 ] ],
      [ [ 0x29, 0xfd, 0xff, 0xff, 0xfb, 0x32, 0x0, 0x0, 0x68, 0xff, 0xff, 0xff, 0x78, 0x0, 0x20 ] ],
      [ [ 0xfd, 0xff, 0xff, 0xff, 0xff, 0xf7, 0x5, 0x0, 0x2, 0xfb, 0xff, 0xea, 0x3, 0x0, 0xd9 ] ],
      [ [ 0xff, 0xff, 0xff, 0xff, 0xff, 0xff, 0x50, 0x0, 0x0, 0xaf, 0xff, 0x5c, 0x0, 0x22, 0xff ] ],
      [ [ 0xff, 0xff, 0xff, 0xff, 0xff, 0xff, 0x89, 0x0, 0x0, 0x8c, 0xff, 0x17, 0x0, 0x4a, 0xff ] ],
      [ [ 0xff, 0xff, 0xff, 0xff, 0xff, 0xff, 0xbc, 0x0, 0x0, 0x9d, 0xff, 0x6, 0x0, 0x4a, 0xff ] ],
      [ [ 0xff, 0xff, 0xff, 0xff, 0xff, 0xff, 0xc8, 0x0, 0x0, 0xea, 0xff, 0x7, 0x0, 0x30, 0xff ] ],
      [ [ 0xff, 0xff, 0xff, 0xff, 0xff, 0xff, 0x92, 0x0, 0x6, 0xff, 0xff, 0x13, 0x0, 0x8, 0xff ] ],
      [ [ 0xff, 0xff, 0xff, 0xff, 0xff, 0xff, 0x50, 0x0, 0x67, 0xff, 0xff, 0x47, 0x0, 0x0, 0x85 ] ]
    ]
  ],
  [
    'v',
    [
      [ [ 0xff, 0xff, 0xff, 0xff, 0xff, 0xff, 0xff, 0xff, 0xff, 0xff, 0xff, 0xff, 0xff, 0xff, 0xff ] ],
      [ [ 0xff, 0xff, 0xff, 0xff, 0xff, 0xff, 0xff, 0xff, 0xff, 0xff, 0xff, 0xff, 0xff, 0xff, 0xff ] ],
      [ [ 0xff, 0xff, 0xff, 0xff, 0xff, 0xff, 0xff, 0xff, 0xff, 0xff, 0xff, 0xff, 0xff, 0xff, 0xff ] ],
      [ [ 0xff, 0xff, 0xff, 0xff, 0xff, 0xff, 0xff, 0xff, 0xff, 0xff, 0xff, 0xff, 0xff, 0xff, 0xff ] ],
      [ [ 0xff, 0xff, 0xff, 0xff, 0xff, 0xff, 0xff, 0xff, 0xff, 0xff, 0xff, 0xff, 0xff, 0xff, 0xff ] ],
      [ [ 0xff, 0xff, 0xff, 0xff, 0xff, 0xff, 0xff, 0xff, 0xff, 0xff, 0xff, 0xff, 0xff, 0xff, 0xff ] ],
      [ [ 0xff, 0xff, 0xff, 0xff, 0xff, 0xff, 0xff, 0xff, 0xff, 0xff, 0xff, 0xff, 0xff, 0xff, 0xff ] ],
      [ [ 0xff, 0xff, 0xff, 0xff, 0xff, 0xff, 0xff, 0xff, 0xff, 0xff, 0xff, 0xff, 0xff, 0xff, 0xff ] ],
      [ [ 0xff, 0xff, 0xff, 0xff, 0xff, 0xff, 0xff, 0xff, 0xff, 0xff, 0xff, 0xff, 0xff, 0xff, 0xff ] ],
      [ [ 0xff, 0xff, 0xff, 0xff, 0xff, 0xff, 0xff, 0xff, 0xff, 0xff, 0xff, 0xff, 0xff, 0xff, 0xff ] ],
      [ [ 0xff, 0xff, 0xff, 0xff, 0xff, 0xff, 0xff, 0xff, 0xff, 0xff, 0xff, 0xff, 0xff, 0xff, 0xff ] ],
      [ [ 0xff, 0xff, 0xff, 0xff, 0xff, 0xff, 0xff, 0xff, 0xff, 0xff, 0xff, 0xff, 0xff, 0xff, 0xff ] ],
      [ [ 0xff, 0xff, 0xff, 0xff, 0xff, 0xff, 0xff, 0xff, 0xff, 0xff, 0xff, 0xff, 0xff, 0xff, 0xff ] ],
      [ [ 0xff, 0xff, 0xff, 0xff, 0xff, 0xff, 0xff, 0xff, 0xff, 0xff, 0xff, 0xff, 0xff, 0xff, 0xff ] ],
      [ [ 0xff, 0xff, 0xff, 0xff, 0xff, 0xff, 0xff, 0xff, 0xff, 0xff, 0xff, 0xff, 0xff, 0xff, 0xff ] ],
      [ [ 0xff, 0xff, 0xff, 0xff, 0xff, 0xff, 0xff, 0xff, 0xff, 0xff, 0xff, 0xff, 0xff, 0xff, 0xff ] ],
      [ [ 0x2b, 0x8, 0x1, 0x2, 0xe, 0x3d, 0x48, 0x4, 0x89, 0xff, 0xff, 0xff, 0xe2, 0x3f, 0xf ] ],
      [ [ 0x1f, 0xc0, 0xf9, 0xaf, 0x20, 0x0, 0x0, 0x0, 0xa7, 0xff, 0xff, 0x4d, 0x1, 0x0, 0x2 ] ],
      [ [ 0xfb, 0xff, 0xff, 0xff, 0xff, 0x1e, 0x0, 0x0, 0xd3, 0xff, 0xff, 0x4e, 0x0, 0x0, 0x0 ] ],
      [ [ 0xff, 0xff, 0xff, 0xff, 0xff, 0x8e, 0x0, 0x0, 0xf1, 0xff, 0xff, 0xff, 0x6f, 0x0, 0x0 ] ],
      [ [ 0xff, 0xff, 0xff, 0xff, 0xff, 0xb0, 0x0, 0x0, 0xfd, 0xff, 0xff, 0xff, 0xc7, 0x0, 0x0 ] ],
      [ [ 0xff, 0xff, 0xff, 0xff, 0xff, 0xb0, 0x0, 0x0, 0xff, 0xff, 0xff, 0xff, 0xd3, 0x0, 0x0 ] ],
      [ [ 0xff, 0xff, 0xff, 0xff, 0xff, 0xb0, 0x0, 0x0, 0xff, 0xff, 0xff, 0xff, 0xd3, 0x0, 0x0 ] ],
      [ [ 0xff, 0xff, 0xff, 0xff, 0xff, 0xb0, 0x0, 0x0, 0xff, 0xff, 0xff, 0xff, 0xd1, 0x0, 0x0 ] ],
      [ [ 0xff, 0xff, 0xff, 0xff, 0xff, 0xb0, 0x0, 0x0, 0xff, 0xff, 0xff, 0xff, 0xd1, 0x0, 0x0 ] ],
      [ [ 0xff, 0xff, 0xff, 0xff, 0xff, 0xb0, 0x0, 0x0, 0xff, 0xff, 0xff, 0xff, 0xd0, 0x0, 0x0 ] ]
    ]
  ],
  [
    'w',
    [
      [ [ 0xff, 0xff, 0xff, 0xff, 0xff, 0xff, 0xff, 0xff, 0xff, 0xff, 0xff, 0xff, 0xff, 0xff, 0xff ] ],
      [ [ 0xff, 0xff, 0xff, 0xff, 0xff, 0xff, 0xff, 0xff, 0xff, 0xff, 0xff, 0xff, 0xff, 0xff, 0xff ] ],
      [ [ 0xff, 0xff, 0xff, 0xff, 0xff, 0xff, 0xff, 0xff, 0xff, 0xff, 0xff, 0xff, 0xff, 0xff, 0xff ] ],
      [ [ 0xff, 0xff, 0xff, 0xff, 0xff, 0xff, 0xff, 0xff, 0xff, 0xff, 0xff, 0xff, 0xff, 0xff, 0xff ] ],
      [ [ 0xff, 0xff, 0xff, 0xff, 0xff, 0xff, 0xff, 0xff, 0xff, 0xff, 0xff, 0xff, 0xff, 0xff, 0xff ] ],
      [ [ 0xff, 0xff, 0xff, 0xff, 0xff, 0xff, 0xff, 0xff, 0xff, 0xff, 0xff, 0xff, 0xff, 0xff, 0xff ] ],
      [ [ 0xff, 0xff, 0xff, 0xff, 0xff, 0xff, 0xff, 0xff, 0xff, 0xff, 0xff, 0xff, 0xff, 0xff, 0xff ] ],
      [ [ 0xff, 0xff, 0xff, 0xff, 0xff, 0xff, 0xff, 0xff, 0xff, 0xff, 0xff, 0xff, 0xff, 0xff, 0xff ] ],
      [ [ 0xff, 0xff, 0xff, 0xff, 0xff, 0xff, 0xff, 0xff, 0xff, 0xff, 0xff, 0xff, 0xff, 0xff, 0xff ] ],
      [ [ 0xff, 0xff, 0xff, 0xff, 0xff, 0xff, 0xff, 0xff, 0xff, 0xff, 0xff, 0xff, 0xff, 0xff, 0xff ] ],
      [ [ 0xff, 0xff, 0xff, 0xff, 0xff, 0xff, 0xff, 0xff, 0xff, 0xff, 0xff, 0xff, 0xff, 0xff, 0xff ] ],
      [ [ 0xff, 0xff, 0xff, 0xff, 0xff, 0xff, 0xff, 0xff, 0xff, 0xff, 0xff, 0xff, 0xff, 0xff, 0xff ] ],
      [ [ 0xff, 0xff, 0xff, 0xff, 0xff, 0xff, 0xff, 0xff, 0xff, 0xff, 0xff, 0xff, 0xff, 0xff, 0xff ] ],
      [ [ 0xff, 0xff, 0xff, 0xff, 0xff, 0xff, 0xff, 0xff, 0xff, 0xff, 0xff, 0xff, 0xff, 0xff, 0xff ] ],
      [ [ 0xff, 0xff, 0xff, 0xff, 0xff, 0xff, 0xff, 0xff, 0xff, 0xff, 0xff, 0xff, 0xff, 0xff, 0xff ] ],
      [ [ 0xff, 0xff, 0xff, 0xff, 0xff, 0xff, 0xff, 0xff, 0xff, 0xff, 0xff, 0xff, 0xff, 0xff, 0xff ] ],
      [ [ 0xff, 0xd9, 0x24, 0x1, 0x17, 0xf9, 0xff, 0xf3, 0x4d, 0x9, 0x1, 0x4, 0x1a, 0x95, 0xff ] ],
      [ [ 0xe6, 0xa, 0x0, 0x0, 0x0, 0xc0, 0xfb, 0x14, 0x11, 0x95, 0xe8, 0x7b, 0x1, 0x1, 0xfd ] ],
      [ [ 0x12, 0x38, 0x5b, 0x1e, 0x3c, 0xff, 0x6c, 0x0, 0xba, 0xff, 0xff, 0xff, 0x8e, 0x0, 0xb4 ] ],
      [ [ 0x49, 0xff, 0xff, 0xff, 0xff, 0xff, 0x31, 0x0, 0xaa, 0xff, 0xff, 0xff, 0xff, 0x66, 0xc1 ] ],
      [ [ 0xd3, 0xff, 0xff, 0xff, 0xff, 0xff, 0x4e, 0x0, 0xd, 0xab, 0xff, 0xff, 0xff, 0xff, 0xff ] ],
      [ [ 0xe2, 0xff, 0xff, 0xff, 0xff, 0xff, 0xce, 0x2, 0x0, 0x0, 0x9, 0x4d, 0xd3, 0xff, 0xff ] ],
      [ [ 0xe2, 0xff, 0xff, 0xff, 0xff, 0xff, 0xff, 0xab, 0xb, 0x0, 0x0, 0x0, 0x1, 0x6a, 0xff ] ],
      [ [ 0xe2, 0xff, 0xff, 0xff, 0xff, 0xff, 0xff, 0xff, 0xff, 0xa5, 0x33, 0x2, 0x0, 0x0, 0xb9 ] ],
      [ [ 0xe2, 0xff, 0xff, 0xff, 0xff, 0xff, 0x9a, 0xed, 0xff, 0xff, 0xff, 0xde, 0xf, 0x0, 0x57 ] ],
      [ [ 0xe2, 0xff, 0xff, 0xff, 0xff, 0xff, 0x20, 0x49, 0xff, 0xff, 0xff, 0xff, 0x8b, 0x0, 0x50 ] ]
    ]
  ],
  [
    'x',
    [
      [ [ 0xff, 0xff, 0xff, 0xff, 0xff, 0xff, 0xff, 0xff, 0xff, 0xff, 0xff, 0xff, 0xff, 0xff, 0xff ] ],
      [ [ 0xff, 0xff, 0xff, 0xff, 0xff, 0xff, 0xff, 0xff, 0xff, 0xff, 0xff, 0xff, 0xff, 0xff, 0xff ] ],
      [ [ 0xff, 0xff, 0xff, 0xff, 0xff, 0xff, 0xff, 0xff, 0xff, 0xff, 0xff, 0xff, 0xff, 0xff, 0xff ] ],
      [ [ 0xff, 0xff, 0xff, 0xff, 0xff, 0xff, 0xff, 0xff, 0xff, 0xff, 0xff, 0xff, 0xff, 0xff, 0xff ] ],
      [ [ 0xff, 0xff, 0xff, 0xff, 0xff, 0xff, 0xff, 0xff, 0xff, 0xff, 0xff, 0xff, 0xff, 0xff, 0xff ] ],
      [ [ 0xff, 0xff, 0xff, 0xff, 0xff, 0xff, 0xff, 0xff, 0xff, 0xff, 0xff, 0xff, 0xff, 0xff, 0xff ] ],
      [ [ 0xff, 0xff, 0xff, 0xff, 0xff, 0xff, 0xff, 0xff, 0xff, 0xff, 0xff, 0xff, 0xff, 0xff, 0xff ] ],
      [ [ 0xff, 0xff, 0xff, 0xff, 0xff, 0xff, 0xff, 0xff, 0xff, 0xff, 0xff, 0xff, 0xff, 0xff, 0xff ] ],
      [ [ 0xff, 0xff, 0xff, 0xff, 0xff, 0xff, 0xff, 0xff, 0xff, 0xff, 0xff, 0xff, 0xff, 0xff, 0xff ] ],
      [ [ 0xff, 0xff, 0xff, 0xff, 0xff, 0xff, 0xff, 0xff, 0xff, 0xff, 0xff, 0xff, 0xff, 0xff, 0xff ] ],
      [ [ 0xff, 0xff, 0xff, 0xff, 0xff, 0xff, 0xff, 0xff, 0xff, 0xff, 0xff, 0xff, 0xff, 0xff, 0xff ] ],
      [ [ 0xff, 0xff, 0xff, 0xff, 0xff, 0xff, 0xff, 0xff, 0xff, 0xff, 0xff, 0xff, 0xff, 0xff, 0xff ] ],
      [ [ 0xff, 0xff, 0xff, 0xff, 0xff, 0xd5, 0xd9, 0xff, 0xff, 0xff, 0xff, 0xff, 0xff, 0xff, 0xff ] ],
      [ [ 0xff, 0xff, 0xff, 0xff, 0xfd, 0x12, 0x70, 0xff, 0xff, 0xff, 0xff, 0xff, 0xff, 0xff, 0xff ] ],
      [ [ 0xff, 0xff, 0xff, 0xff, 0x3c, 0x0, 0x82, 0xff, 0xff, 0xff, 0xff, 0xff, 0xff, 0xff, 0xff ] ],
      [ [ 0xff, 0xff, 0xff, 0x4d, 0x0, 0x0, 0x94, 0xff, 0xff, 0xff, 0xff, 0xff, 0xff, 0xff, 0xff ] ],
      [ [ 0xff, 0xf3, 0x33, 0x0, 0x0, 0x0, 0x0, 0x0, 0x0, 0x0, 0x44, 0x44, 0x0, 0x0, 0x0 ] ],
      [ [ 0xff, 0xd1, 0x33, 0x2e, 0x0, 0x0, 0x24, 0x32, 0x32, 0x32, 0xb9, 0xff, 0xb9, 0x0, 0x0 ] ],
      [ [ 0xff, 0xff, 0xff, 0xe6, 0x0, 0x0, 0xc1, 0xff, 0xff, 0xff, 0xff, 0xff, 0xff, 0xe, 0x0 ] ],
      [ [ 0xff, 0xff, 0xff, 0xde, 0x0, 0x0, 0xca, 0xff, 0xff, 0xff, 0xff, 0xff, 0xff, 0xf, 0x0 ] ],
      [ [ 0xff, 0xff, 0xff, 0xd7, 0x0, 0x0, 0xd5, 0xff, 0xff, 0xff, 0xff, 0xff, 0xff, 0xf, 0x0 ] ],
      [ [ 0xff, 0xff, 0xff, 0xd3, 0x0, 0x0, 0xde, 0xff, 0xff, 0xff, 0xff, 0xff, 0xff, 0xf, 0x0 ] ],
      [ [ 0xff, 0xff, 0xff, 0xce, 0x0, 0x0, 0xe2, 0xff, 0xff, 0xff, 0xff, 0xff, 0xff, 0xf, 0x0 ] ],
      [ [ 0xff, 0xff, 0xff, 0xc1, 0x0, 0x0, 0xe2, 0xff, 0xff, 0xff, 0xff, 0xff, 0xff, 0x10, 0x0 ] ],
      [ [ 0xff, 0xff, 0xff, 0xb7, 0x0, 0x0, 0xe0, 0xff, 0xff, 0xff, 0xff, 0xff, 0xff, 0x18, 0x0 ] ],
      [ [ 0xff, 0xff, 0xff, 0xad, 0x0, 0x0, 0xc0, 0xff, 0xff, 0xff, 0xff, 0xff, 0xff, 0x2f, 0x0 ] ]
    ]
  ],
  [
    'y',
    [
      [ [ 0xff, 0xff, 0xff, 0xff, 0xff, 0xff, 0xff, 0xff, 0xff, 0xff, 0xff, 0xff, 0xff, 0xff, 0xff ] ],
      [ [ 0xff, 0xff, 0xff, 0xff, 0xff, 0xff, 0xff, 0xff, 0xff, 0xff, 0xff, 0xff, 0xff, 0xff, 0xff ] ],
      [ [ 0xff, 0xff, 0xff, 0xff, 0xff, 0xff, 0xff, 0xff, 0xff, 0xff, 0xff, 0xff, 0xff, 0xff, 0xff ] ],
      [ [ 0xff, 0xff, 0xff, 0xff, 0xff, 0xff, 0xff, 0xff, 0xff, 0xff, 0xff, 0xff, 0xff, 0xff, 0xff ] ],
      [ [ 0xff, 0xff, 0xff, 0xff, 0xff, 0xff, 0xff, 0xff, 0xff, 0xff, 0xff, 0xff, 0xff, 0xff, 0xff ] ],
      [ [ 0xff, 0xff, 0xff, 0xff, 0xff, 0xff, 0xff, 0xff, 0xff, 0xff, 0xff, 0xff, 0xff, 0xff, 0xff ] ],
      [ [ 0xff, 0xff, 0xff, 0xff, 0xff, 0xff, 0xff, 0xff, 0xff, 0xff, 0xff, 0xff, 0xff, 0xff, 0xff ] ],
      [ [ 0xff, 0xff, 0xff, 0xff, 0xff, 0xff, 0xff, 0xff, 0xff, 0xff, 0xff, 0xff, 0xff, 0xff, 0xff ] ],
      [ [ 0xff, 0xff, 0xff, 0xff, 0xff, 0xff, 0xff, 0xff, 0xff, 0xff, 0xff, 0xff, 0xff, 0xff, 0xff ] ],
      [ [ 0xff, 0xff, 0xff, 0xff, 0xff, 0xff, 0xff, 0xff, 0xff, 0xff, 0xff, 0xff, 0xff, 0xff, 0xff ] ],
      [ [ 0xff, 0xff, 0xff, 0xff, 0xff, 0xff, 0xff, 0xff, 0xff, 0xff, 0xff, 0xff, 0xff, 0xff, 0xff ] ],
      [ [ 0xff, 0xff, 0xff, 0xff, 0xff, 0xff, 0xff, 0xff, 0xff, 0xff, 0xff, 0xff, 0xff, 0xff, 0xff ] ],
      [ [ 0xff, 0xff, 0xff, 0xff, 0xff, 0xff, 0xff, 0xff, 0xff, 0xff, 0xff, 0xff, 0xff, 0xff, 0xff ] ],
      [ [ 0xff, 0xff, 0xff, 0xff, 0xff, 0xff, 0xff, 0xff, 0xff, 0xff, 0xff, 0xff, 0xff, 0xff, 0xff ] ],
      [ [ 0xff, 0xff, 0xff, 0xff, 0xff, 0xff, 0xff, 0xff, 0xff, 0xff, 0xff, 0xff, 0xff, 0xff, 0xff ] ],
      [ [ 0xff, 0xff, 0xff, 0xff, 0xff, 0xff, 0xff, 0xff, 0xff, 0xff, 0xff, 0xff, 0xff, 0xff, 0xff ] ],
      [ [ 0x52, 0xff, 0xff, 0xff, 0x32, 0x0, 0x0, 0x0, 0x28, 0xff, 0x82, 0x0, 0x2, 0x2, 0x2 ] ],
      [ [ 0x4d, 0xff, 0xff, 0xff, 0xff, 0xc5, 0x3, 0x0, 0x2f, 0xff, 0xf7, 0xba, 0xe, 0x0, 0x0 ] ],
      [ [ 0x54, 0xff, 0xff, 0xff, 0xff, 0xff, 0x1e, 0x0, 0x3a, 0xff, 0xff, 0xff, 0x9d, 0x0, 0x0 ] ],
      [ [ 0x58, 0xff, 0xff, 0xff, 0xff, 0xff, 0x1f, 0x0, 0x3f, 0xff, 0xff, 0xff, 0xff, 0x7, 0x0 ] ],
      [ [ 0x5b, 0xff, 0xff, 0xff, 0xff, 0xff, 0x1f, 0x0, 0x40, 0xff, 0xff, 0xff, 0xff, 0x49, 0x0 ] ],
      [ [ 0x5b, 0xff, 0xff, 0xff, 0xff, 0xff, 0x1f, 0x0, 0x40, 0xff, 0xff, 0xff, 0xff, 0xca, 0x0 ] ],
      [ [ 0x5d, 0xff, 0xff, 0xff, 0xff, 0xff, 0x1f, 0x0, 0x40, 0xff, 0xff, 0xff, 0xff, 0xff, 0x13 ] ],
      [ [ 0x62, 0xff, 0xff, 0xff, 0xff, 0xff, 0x1f, 0x0, 0x3f, 0xff, 0xff, 0xff, 0xff, 0xff, 0x6f ] ],
      [ [ 0x54, 0xff, 0xff, 0xff, 0xff, 0xff, 0x1f, 0x0, 0x3f, 0xff, 0xff, 0xff, 0xff, 0xff, 0xf1 ] ],
      [ [ 0x21, 0xff, 0xff, 0xff, 0xff, 0xff, 0x11, 0x0, 0x39, 0xff, 0xff, 0xff, 0xff, 0xff, 0xff ] ]
    ]
  ],
  [
    'z',
    [
      [ [ 0xff, 0xff, 0xff, 0xff, 0xff, 0xff, 0xff, 0xff, 0xff, 0xff, 0xff, 0xff, 0xff, 0xff, 0xff ] ],
      [ [ 0xff, 0xff, 0xff, 0xff, 0xff, 0xff, 0xff, 0xff, 0xff, 0xff, 0xff, 0xff, 0xff, 0xff, 0xff ] ],
      [ [ 0xff, 0xff, 0xff, 0xff, 0xff, 0xff, 0xff, 0xff, 0xff, 0xff, 0xff, 0xff, 0xff, 0xff, 0xff ] ],
      [ [ 0xff, 0xff, 0xff, 0xff, 0xff, 0xff, 0xff, 0xff, 0xff, 0xff, 0xff, 0xff, 0xff, 0xff, 0xff ] ],
      [ [ 0xff, 0xff, 0xff, 0xff, 0xff, 0xff, 0xff, 0xff, 0xff, 0xff, 0xff, 0xff, 0xff, 0xff, 0xff ] ],
      [ [ 0xff, 0xff, 0xff, 0xff, 0xff, 0xff, 0xff, 0xff, 0xff, 0xff, 0xff, 0xff, 0xff, 0xff, 0xff ] ],
      [ [ 0xff, 0xff, 0xff, 0xff, 0xff, 0xff, 0xff, 0xff, 0xff, 0xff, 0xff, 0xff, 0xff, 0xff, 0xff ] ],
      [ [ 0xff, 0xff, 0xff, 0xff, 0xff, 0xff, 0xff, 0xff, 0xff, 0xff, 0xff, 0xff, 0xff, 0xff, 0xff ] ],
      [ [ 0xff, 0xff, 0xff, 0xff, 0xff, 0xff, 0xff, 0xff, 0xff, 0xff, 0xff, 0xff, 0xff, 0xff, 0xff ] ],
      [ [ 0xff, 0xff, 0xff, 0xff, 0xff, 0xff, 0xff, 0xff, 0xff, 0xff, 0xff, 0xff, 0xff, 0xff, 0xff ] ],
      [ [ 0xff, 0xff, 0xff, 0xff, 0xff, 0xff, 0xff, 0xff, 0xff, 0xff, 0xff, 0xff, 0xff, 0xff, 0xff ] ],
      [ [ 0xff, 0xff, 0xff, 0xff, 0xff, 0xff, 0xff, 0xff, 0xff, 0xff, 0xff, 0xff, 0xff, 0xff, 0xff ] ],
      [ [ 0xff, 0xff, 0xff, 0xff, 0xff, 0xff, 0xff, 0xff, 0xff, 0xff, 0xff, 0xff, 0xff, 0xff, 0xff ] ],
      [ [ 0xff, 0xff, 0xff, 0xff, 0xff, 0xff, 0xff, 0xff, 0xff, 0xff, 0xff, 0xff, 0xff, 0xff, 0xff ] ],
      [ [ 0xff, 0xff, 0xff, 0xff, 0xff, 0xff, 0xff, 0xff, 0xff, 0xff, 0xff, 0xff, 0xff, 0xff, 0xff ] ],
      [ [ 0xff, 0xff, 0xff, 0xff, 0xff, 0xff, 0xff, 0xff, 0xff, 0xff, 0xff, 0xff, 0xff, 0xff, 0xff ] ],
      [ [ 0x0, 0x4b, 0xff, 0xff, 0x6f, 0x0, 0x2, 0x2, 0x1, 0x0, 0x2, 0x2, 0x1, 0x0, 0xa7 ] ],
      [ [ 0x74, 0xf1, 0xff, 0xff, 0xf3, 0x86, 0x0, 0x4, 0xa0, 0xb0, 0x26, 0x0, 0x0, 0x49, 0xfd ] ],
      [ [ 0x76, 0xff, 0xff, 0xff, 0xff, 0xb0, 0x0, 0x73, 0xff, 0xff, 0xd5, 0x0, 0x0, 0x33, 0xff ] ],
      [ [ 0x2a, 0xff, 0xff, 0xff, 0xff, 0x43, 0x9, 0xfd, 0xff, 0xff, 0xff, 0x18, 0x0, 0x5, 0xff ] ],
      [ [ 0x3, 0xfd, 0xff, 0xff, 0xfd, 0x5, 0x6e, 0xff, 0xff, 0xff, 0xff, 0x74, 0x0, 0x0, 0xb7 ] ],
      [ [ 0x0, 0x97, 0xff, 0xff, 0x8e, 0x4, 0xf9, 0xff, 0xff, 0xff, 0xff, 0xf3, 0x1, 0x0, 0x4c ] ],
      [ [ 0x0, 0x2b, 0xff, 0xff, 0x20, 0x49, 0xff, 0xff, 0xff, 0xff, 0xff, 0xff, 0x2e, 0x0, 0x10 ] ],
      [ [ 0x0, 0x1, 0xed, 0xd9, 0x1, 0xda, 0xff, 0xff, 0xff, 0xff, 0xff, 0xff, 0xa2, 0x0, 0x0 ] ],
      [ [ 0x1, 0x0, 0x67, 0x4c, 0x2a, 0xff, 0xff, 0xff, 0xff, 0xff, 0xff, 0xff, 0xff, 0x7, 0x0 ] ],
      [ [ 0x30, 0x0, 0xb, 0x6, 0xb2, 0xff, 0xff, 0xff, 0xff, 0xff, 0xff, 0xff, 0xff, 0x4b, 0x0 ] ]
    ]
  ],
  [
    '{',
    [
      [ [ 0xff, 0xff, 0xff, 0xff, 0xff, 0xff, 0xff, 0xff, 0xff, 0xff, 0xff, 0xff, 0xff, 0xff, 0xff ] ],
      [ [ 0xff, 0xff, 0xff, 0xff, 0xff, 0xff, 0xff, 0xff, 0xff, 0xff, 0xff, 0xff, 0xff, 0xff, 0xff ] ],
      [ [ 0xff, 0xff, 0xff, 0xff, 0xff, 0xff, 0xff, 0xff, 0xff, 0xff, 0xff, 0xff, 0xff, 0xff, 0xff ] ],
      [ [ 0xff, 0xff, 0xff, 0xff, 0xff, 0xff, 0xff, 0xff, 0xff, 0xff, 0xff, 0xff, 0xff, 0xff, 0xff ] ],
      [ [ 0xff, 0xff, 0xff, 0xff, 0xff, 0xff, 0xff, 0xff, 0xff, 0xff, 0xff, 0xff, 0xff, 0xff, 0xff ] ],
      [ [ 0xff, 0xff, 0xff, 0xff, 0xff, 0xff, 0xff, 0xff, 0xff, 0xff, 0xff, 0xff, 0xff, 0xff, 0xff ] ],
      [ [ 0xff, 0xff, 0xff, 0xff, 0xff, 0xff, 0xff, 0xff, 0xff, 0xff, 0xff, 0xff, 0xff, 0xff, 0xff ] ],
      [ [ 0xff, 0xff, 0xff, 0xff, 0xff, 0xff, 0xff, 0xff, 0xff, 0xff, 0xff, 0xff, 0xff, 0xff, 0xff ] ],
      [ [ 0xff, 0xff, 0xff, 0xff, 0xff, 0xff, 0xff, 0xff, 0xff, 0xff, 0xff, 0xff, 0xff, 0xff, 0xff ] ],
      [ [ 0xff, 0xff, 0xff, 0xff, 0xff, 0xff, 0xff, 0xff, 0xff, 0xff, 0xff, 0xff, 0xff, 0xff, 0xff ] ],
      [ [ 0xff, 0xff, 0xff, 0xff, 0xff, 0xff, 0xff, 0xff, 0xff, 0xff, 0xff, 0xff, 0xff, 0xff, 0xff ] ],
      [ [ 0xff, 0xff, 0xff, 0xff, 0xff, 0xff, 0xff, 0xff, 0xff, 0xff, 0xff, 0xff, 0xff, 0xff, 0xff ] ],
      [ [ 0xff, 0xff, 0xff, 0xff, 0xff, 0xff, 0xff, 0xff, 0xff, 0xff, 0xff, 0xff, 0xff, 0xff, 0xff ] ],
      [ [ 0xff, 0xff, 0xff, 0xff, 0xff, 0xff, 0xff, 0xff, 0xff, 0xff, 0xff, 0xff, 0xff, 0xff, 0xff ] ],
      [ [ 0xff, 0xff, 0xff, 0xff, 0xff, 0xff, 0xff, 0xff, 0xff, 0xff, 0xff, 0xff, 0xff, 0xff, 0xff ] ],
      [ [ 0xff, 0xff, 0xff, 0xff, 0xff, 0xff, 0xff, 0xff, 0xff, 0xff, 0xff, 0xff, 0xff, 0xff, 0xff ] ],
      [ [ 0xff, 0xff, 0xf, 0x1, 0x2, 0x2, 0x1, 0x1f, 0xff, 0xff, 0x12, 0x1, 0x2, 0x1, 0x0 ] ],
      [ [ 0xff, 0xff, 0xe0, 0x48, 0x0, 0x0, 0x32, 0xe8, 0xff, 0xff, 0xde, 0x10, 0x0, 0x44, 0xd0 ] ],
      [ [ 0xff, 0xff, 0xff, 0xab, 0x0, 0x0, 0x24, 0xff, 0xff, 0xff, 0xff, 0x15, 0xa, 0xff, 0xff ] ],
      [ [ 0xff, 0xff, 0xff, 0x35, 0x0, 0x0, 0x2, 0xf9, 0xff, 0xff, 0xe4, 0x0, 0x65, 0xff, 0xff ] ],
      [ [ 0xff, 0xff, 0xed, 0x1, 0x58, 0x0, 0x0, 0x94, 0xff, 0xff, 0x60, 0x2, 0xef, 0xff, 0xff ] ],
      [ [ 0xff, 0xff, 0x63, 0xb, 0xff, 0x6, 0x0, 0x35, 0xff, 0xff, 0x10, 0x35, 0xff, 0xff, 0xff ] ],
      [ [ 0xff, 0xff, 0xb, 0x6a, 0xff, 0x3f, 0x0, 0x5, 0xff, 0xc1, 0x0, 0xbc, 0xff, 0xff, 0xff ] ],
      [ [ 0xde, 0xa2, 0x2, 0xf3, 0xff, 0xb5, 0x0, 0x0, 0xb4, 0x42, 0x14, 0xff, 0xff, 0xff, 0xff ] ],
      [ [ 0x6b, 0x26, 0x42, 0xff, 0xff, 0xff, 0x9, 0x0, 0x47, 0x5, 0x77, 0xff, 0xff, 0xff, 0xff ] ],
      [ [ 0x13, 0x1, 0xd3, 0xff, 0xff, 0xff, 0x49, 0x0, 0x1, 0x3, 0xf7, 0xff, 0xff, 0xff, 0xff ] ]
    ]
  ],
  [
    '|',
    [
      [ [ 0xff, 0xff, 0xff, 0xff, 0xff, 0xff, 0xff, 0xff, 0xff, 0xff, 0xff, 0xff, 0xff, 0xff, 0xff ] ],
      [ [ 0xff, 0xff, 0xff, 0xff, 0xff, 0xff, 0xff, 0xff, 0xff, 0xff, 0xff, 0xff, 0xff, 0xff, 0xff ] ],
      [ [ 0xff, 0xff, 0xff, 0xff, 0xff, 0xff, 0xff, 0xff, 0xff, 0xff, 0xff, 0xff, 0xff, 0xff, 0xff ] ],
      [ [ 0xff, 0xff, 0xff, 0xff, 0xff, 0xff, 0xff, 0xff, 0xff, 0xff, 0xff, 0xff, 0xff, 0xff, 0xff ] ],
      [ [ 0xff, 0xff, 0xff, 0xff, 0xff, 0xff, 0xff, 0xff, 0xff, 0xff, 0xff, 0xff, 0xff, 0xff, 0xff ] ],
      [ [ 0xff, 0xff, 0xff, 0xff, 0xff, 0xff, 0xff, 0xff, 0xff, 0xff, 0xff, 0xff, 0xff, 0xff, 0xff ] ],
      [ [ 0xff, 0xff, 0xff, 0xff, 0xff, 0xff, 0xff, 0xff, 0xff, 0xff, 0xff, 0xff, 0xff, 0xff, 0xff ] ],
      [ [ 0xff, 0xff, 0xff, 0xff, 0xff, 0xff, 0xff, 0xff, 0xff, 0xff, 0xff, 0xff, 0xff, 0xff, 0xff ] ],
      [ [ 0xff, 0xff, 0xff, 0xff, 0xff, 0xff, 0xff, 0xff, 0xff, 0xff, 0xff, 0xff, 0xff, 0xff, 0xff ] ],
      [ [ 0xff, 0xff, 0xff, 0xff, 0xff, 0xff, 0xff, 0xff, 0xff, 0xff, 0xff, 0xff, 0xff, 0xff, 0xff ] ],
      [ [ 0xff, 0xff, 0xff, 0xff, 0xff, 0xff, 0xff, 0xff, 0xff, 0xff, 0xff, 0xff, 0xff, 0xff, 0xff ] ],
      [ [ 0xff, 0xff, 0xff, 0xff, 0xff, 0xff, 0xff, 0xff, 0xff, 0xff, 0xff, 0xff, 0xff, 0xff, 0xff ] ],
      [ [ 0xff, 0xff, 0xff, 0xff, 0xff, 0xff, 0xff, 0xff, 0xff, 0xff, 0xff, 0xff, 0xff, 0xff, 0xff ] ],
      [ [ 0xff, 0xff, 0xff, 0xff, 0xff, 0xff, 0xff, 0xff, 0xff, 0xff, 0xff, 0xff, 0xff, 0xff, 0xff ] ],
      [ [ 0xff, 0xff, 0xff, 0xff, 0xff, 0xff, 0xff, 0xff, 0xff, 0xff, 0xff, 0xff, 0xff, 0xff, 0xff ] ],
      [ [ 0xff, 0xff, 0xff, 0xff, 0xff, 0xff, 0xff, 0xff, 0xff, 0xff, 0xff, 0xff, 0xff, 0xff, 0xff ] ],
      [ [ 0x0, 0x1, 0x2, 0x1, 0x0, 0x3f, 0xff, 0xff, 0x13, 0x1, 0x2, 0x2, 0x2, 0x0, 0x2 ] ],
      [ [ 0xd3, 0x76, 0x2, 0x0, 0x5, 0xeb, 0xff, 0xff, 0xda, 0x4, 0x3, 0x8e, 0xd8, 0xce, 0x47 ] ],
      [ [ 0xff, 0xff, 0x8f, 0x0, 0x0, 0xa5, 0xff, 0xff, 0x9b, 0x1, 0xab, 0xff, 0xff, 0xff, 0xff ] ],
      [ [ 0xff, 0xff, 0xff, 0x3a, 0x0, 0xb, 0xfb, 0xe0, 0x5, 0x77, 0xff, 0xff, 0xff, 0xff, 0xff ] ],
      [ [ 0xff, 0xff, 0xff, 0xf3, 0x8, 0x0, 0x57, 0x1c, 0x3e, 0xff, 0xff, 0xff, 0xff, 0xff, 0xff ] ],
      [ [ 0xff, 0xff, 0xff, 0xff, 0xa2, 0x0, 0x0, 0x15, 0xfb, 0xff, 0xff, 0xff, 0xff, 0xff, 0xff ] ],
      [ [ 0xff, 0xff, 0xff, 0xff, 0xff, 0x22, 0x0, 0x10, 0xfb, 0xff, 0xff, 0xff, 0xff, 0xff, 0xff ] ],
      [ [ 0xff, 0xff, 0xff, 0xff, 0xaa, 0x5, 0x5, 0x0, 0x4b, 0xff, 0xff, 0xff, 0xff, 0xff, 0xff ] ],
      [ [ 0xff, 0xff, 0xff, 0xe4, 0x6, 0x88, 0x86, 0x0, 0x0, 0xab, 0xff, 0xff, 0xff, 0xff, 0xff ] ],
      [ [ 0xff, 0xff, 0xff, 0x1c, 0x2f, 0xff, 0xff, 0x1e, 0x0, 0x8, 0xf1, 0xff, 0xff, 0xff, 0xff ] ]
    ]
  ],
  [
    '}',
    [
      [ [ 0xff, 0xff, 0xff, 0xff, 0xff, 0xff, 0xff, 0xff, 0xff, 0xff, 0xff, 0xff, 0xff, 0xff, 0xff ] ],
      [ [ 0xff, 0xff, 0xff, 0xff, 0xff, 0xff, 0xff, 0xff, 0xff, 0xff, 0xff, 0xff, 0xff, 0xff, 0xff ] ],
      [ [ 0xff, 0xff, 0xff, 0xff, 0xff, 0xff, 0xff, 0xff, 0xff, 0xff, 0xff, 0xff, 0xff, 0xff, 0xff ] ],
      [ [ 0xff, 0xff, 0xff, 0xff, 0xff, 0xff, 0xff, 0xff, 0xff, 0xff, 0xff, 0xff, 0xff, 0xff, 0xff ] ],
      [ [ 0xff, 0xff, 0xff, 0xff, 0xff, 0xff, 0xff, 0xff, 0xff, 0xff, 0xff, 0xff, 0xff, 0xff, 0xff ] ],
      [ [ 0xff, 0xff, 0xff, 0xff, 0xff, 0xff, 0xff, 0xff, 0xff, 0xff, 0xff, 0xff, 0xff, 0xff, 0xff ] ],
      [ [ 0xff, 0xff, 0xff, 0xff, 0xff, 0xff, 0xff, 0xff, 0xff, 0xff, 0xff, 0xff, 0xff, 0xff, 0xff ] ],
      [ [ 0xff, 0xff, 0xff, 0xff, 0xff, 0xff, 0xff, 0xff, 0xff, 0xff, 0xff, 0xff, 0xff, 0xff, 0xff ] ],
      [ [ 0xff, 0xff, 0xff, 0xff, 0xff, 0xff, 0xff, 0xff, 0xff, 0xff, 0xff, 0xff, 0xff, 0xff, 0xff ] ],
      [ [ 0xff, 0xff, 0xff, 0xff, 0xff, 0xff, 0xff, 0xff, 0xff, 0xff, 0xff, 0xff, 0xff, 0xff, 0xff ] ],
      [ [ 0xff, 0xff, 0xff, 0xff, 0xff, 0xff, 0xff, 0xff, 0xff, 0xff, 0xff, 0xff, 0xff, 0xff, 0xff ] ],
      [ [ 0xff, 0xff, 0xff, 0xff, 0xff, 0xff, 0xff, 0xff, 0xff, 0xff, 0xff, 0xff, 0xff, 0xff, 0xff ] ],
      [ [ 0xff, 0xff, 0xff, 0xff, 0xff, 0xff, 0xff, 0xff, 0xff, 0xff, 0xff, 0xff, 0xff, 0xff, 0xff ] ],
      [ [ 0xff, 0xff, 0xff, 0xff, 0xff, 0xff, 0xff, 0xff, 0xff, 0xff, 0xff, 0xff, 0xff, 0xff, 0xff ] ],
      [ [ 0xff, 0xff, 0xff, 0xff, 0xff, 0xff, 0xff, 0xff, 0xff, 0xff, 0xff, 0xff, 0xff, 0xff, 0xff ] ],
      [ [ 0xff, 0xff, 0xff, 0xff, 0xff, 0xff, 0xff, 0xff, 0xff, 0xff, 0xff, 0xff, 0xff, 0xff, 0xeb ] ],
      [ [ 0x2, 0x2, 0x1, 0xe, 0xff, 0xff, 0xff, 0x9, 0x1, 0x2, 0x1, 0x10, 0xf9, 0x8, 0x0 ] ],
      [ [ 0x0, 0x0, 0x10, 0xe0, 0xff, 0xff, 0xff, 0xdc, 0xe, 0x0, 0x67, 0xe0, 0x6f, 0x0, 0x1a ] ],
      [ [ 0xc, 0x0, 0x6, 0xff, 0xff, 0xff, 0xff, 0xff, 0x10, 0x29, 0xff, 0xff, 0x9, 0x15, 0xf7 ] ],
      [ [ 0x54, 0x0, 0x0, 0xc0, 0xff, 0xff, 0xff, 0xc5, 0x0, 0xc3, 0xff, 0x85, 0x4, 0xde, 0xff ] ],
      [ [ 0xd0, 0x0, 0x0, 0x54, 0xff, 0xff, 0xff, 0x3d, 0x22, 0xff, 0xff, 0x63, 0x97, 0xff, 0xff ] ],
      [ [ 0xff, 0x10, 0x0, 0x13, 0xff, 0xff, 0xf7, 0x3, 0xab, 0xff, 0xff, 0xff, 0xff, 0xff, 0xff ] ],
      [ [ 0xff, 0x56, 0x0, 0x0, 0xe2, 0xff, 0x74, 0x12, 0xff, 0xff, 0xff, 0xff, 0xff, 0xff, 0xff ] ],
      [ [ 0xff, 0xd1, 0x0, 0x0, 0x6e, 0xff, 0x11, 0x7f, 0xff, 0xff, 0xff, 0xff, 0xff, 0xff, 0xff ] ],
      [ [ 0xff, 0xff, 0x10, 0x0, 0x1d, 0xb0, 0x6, 0xfd, 0xff, 0xff, 0xff, 0xff, 0xff, 0xff, 0xd7 ] ],
      [ [ 0xff, 0xff, 0x54, 0x0, 0x0, 0x1a, 0x55, 0xff, 0xff, 0xff, 0xff, 0xff, 0xff, 0xff, 0x1e ] ]
    ]
  ],
  [
    '~',
    [
      [ [ 0xff, 0xff, 0xff, 0xff, 0xff, 0xff, 0xff, 0xff, 0xff, 0xff, 0xff, 0xff, 0xff, 0xff, 0xff ] ],
      [ [ 0xff, 0xff, 0xff, 0xff, 0xff, 0xff, 0xff, 0xff, 0xff, 0xff, 0xff, 0xff, 0xff, 0xff, 0xff ] ],
      [ [ 0xff, 0xff, 0xff, 0xff, 0xff, 0xff, 0xff, 0xff, 0xff, 0xff, 0xff, 0xff, 0xff, 0xff, 0xff ] ],
      [ [ 0xff, 0xff, 0xff, 0xff, 0xff, 0xff, 0xff, 0xff, 0xff, 0xff, 0xff, 0xff, 0xff, 0xff, 0xff ] ],
      [ [ 0xff, 0xff, 0xff, 0xff, 0xff, 0xff, 0xff, 0xff, 0xff, 0xff, 0xff, 0xff, 0xff, 0xff, 0xff ] ],
      [ [ 0xff, 0xff, 0xff, 0xff, 0xff, 0xff, 0xff, 0xff, 0xff, 0xff, 0xff, 0xff, 0xff, 0xff, 0xff ] ],
      [ [ 0xff, 0xff, 0xff, 0xff, 0xff, 0xff, 0xff, 0xff, 0xff, 0xff, 0xff, 0xff, 0xff, 0xff, 0xff ] ],
      [ [ 0xff, 0xff, 0xff, 0xff, 0xff, 0xff, 0xff, 0xff, 0xff, 0xff, 0xff, 0xff, 0xff, 0xff, 0x89 ] ],
      [ [ 0xff, 0xff, 0xff, 0xff, 0xff, 0xff, 0xff, 0xff, 0xff, 0xff, 0xff, 0xff, 0xeb, 0x14, 0x0 ] ],
      [ [ 0xff, 0xff, 0xff, 0xff, 0xff, 0xff, 0xff, 0xff, 0xff, 0xff, 0xff, 0xff, 0x19, 0x0, 0x20 ] ],
      [ [ 0xff, 0xff, 0xff, 0xff, 0xff, 0xff, 0xff, 0xff, 0xff, 0xff, 0xff, 0xce, 0x0, 0x0, 0xb9 ] ],
      [ [ 0xff, 0xff, 0xff, 0xff, 0xff, 0xff, 0xff, 0xff, 0xff, 0xff, 0xff, 0x76, 0x0, 0x0, 0xfb ] ],
      [ [ 0xff, 0xff, 0xff, 0xff, 0xff, 0xff, 0xff, 0xff, 0xff, 0xff, 0xff, 0x88, 0x0, 0x0, 0xe2 ] ],
      [ [ 0xff, 0xff, 0xff, 0xff, 0xff, 0xff, 0xff, 0xff, 0xff, 0xff, 0xff, 0xcc, 0x0, 0x0, 0xba ] ],
      [ [ 0xff, 0xff, 0xff, 0xff, 0xff, 0xff, 0xff, 0xff, 0xff, 0xff, 0xff, 0xff, 0x5, 0x0, 0x95 ] ],
      [ [ 0xe0, 0xf7, 0xff, 0xff, 0xff, 0xff, 0xff, 0xff, 0xff, 0xff, 0xff, 0xff, 0x25, 0x0, 0x74 ] ],
      [ [ 0x0, 0x1, 0x2, 0x2, 0x2, 0x0, 0x0, 0x1, 0xde, 0xff, 0xff, 0xff, 0x52, 0x0, 0x57 ] ],
      [ [ 0xcc, 0xff, 0xff, 0xff, 0x6c, 0x0, 0x0, 0x5b, 0xff, 0xff, 0xff, 0xff, 0x6b, 0x0, 0x78 ] ],
      [ [ 0xff, 0xff, 0xff, 0xd5, 0x2, 0x0, 0x15, 0xff, 0xff, 0xff, 0xff, 0xff, 0x36, 0x2, 0xe0 ] ],
      [ [ 0xff, 0xff, 0xff, 0x1b, 0x0, 0x1, 0xcc, 0xff, 0xff, 0xff, 0x9f, 0x3a, 0x1, 0x95, 0xff ] ],
      [ [ 0xff, 0xff, 0x6f, 0x0, 0x0, 0x6a, 0xff, 0xff, 0xff, 0xff, 0x4c, 0x1, 0x8, 0xf3, 0xff ] ],
      [ [ 0xff, 0xd5, 0x2, 0x0, 0x1c, 0xff, 0xff, 0xff, 0xff, 0xff, 0xff, 0xe0, 0x4, 0x20, 0xff ] ],
      [ [ 0xff, 0x1c, 0x0, 0x2, 0xd9, 0xff, 0xff, 0xff, 0xff, 0xff, 0xff, 0xff, 0x4c, 0x0, 0xa3 ] ],
      [ [ 0x72, 0x0, 0x0, 0x7a, 0xff, 0xff, 0xff, 0xff, 0xff, 0xff, 0xff, 0xff, 0x6e, 0x0, 0x5b ] ],
      [ [ 0x2, 0x0, 0x24, 0xff, 0xff, 0xff, 0xff, 0xff, 0x66, 0xbe, 0xff, 0xff, 0x4e, 0x0, 0x5d ] ],
      [ [ 0x0, 0x4, 0xe2, 0xff, 0xff, 0xff, 0xff, 0x9a, 0x3, 0xe4, 0xff, 0xff, 0x20, 0x0, 0x81 ] ]
    ]
  ],
  [
    '\u007f',
    [
      [ [ 0xff, 0xff, 0xff, 0xff, 0xff, 0xff, 0xff, 0xff, 0xff, 0xff, 0xff, 0xff, 0xff, 0xff, 0xff ] ],
      [ [ 0xff, 0xff, 0xff, 0xff, 0xff, 0xff, 0xff, 0xff, 0xff, 0xff, 0xff, 0xff, 0xff, 0xff, 0xff ] ],
      [ [ 0xff, 0xff, 0xff, 0xff, 0xff, 0xff, 0xff, 0xff, 0xff, 0xff, 0xff, 0xff, 0xff, 0xff, 0xff ] ],
      [ [ 0xff, 0xff, 0xff, 0xff, 0xff, 0xff, 0xff, 0xff, 0xff, 0xff, 0xff, 0xff, 0xff, 0xff, 0xff ] ],
      [ [ 0xff, 0xff, 0xff, 0xff, 0xff, 0xff, 0xff, 0xff, 0xff, 0xff, 0xff, 0xff, 0xff, 0xff, 0xff ] ],
      [ [ 0xff, 0xff, 0xff, 0xff, 0xff, 0xff, 0xff, 0xff, 0xff, 0xff, 0xff, 0xff, 0xff, 0xff, 0xff ] ],
      [ [ 0xff, 0xff, 0xff, 0xff, 0xff, 0xff, 0xff, 0xff, 0xff, 0x3f, 0x0, 0xef, 0xff, 0xff, 0xff ] ],
      [ [ 0x21, 0x6, 0x0, 0x17, 0xff, 0xff, 0xff, 0xff, 0xff, 0x39, 0x0, 0xea, 0xff, 0xff, 0xff ] ],
      [ [ 0x12, 0x89, 0xef, 0xff, 0xff, 0xff, 0xff, 0xff, 0xff, 0x39, 0x0, 0xea, 0xff, 0xff, 0xff ] ],
      [ [ 0xff, 0xff, 0xff, 0xff, 0xff, 0xff, 0xff, 0xff, 0xff, 0x39, 0x0, 0xea, 0xff, 0xff, 0xff ] ],
      [ [ 0xff, 0xff, 0xff, 0xff, 0xff, 0xff, 0xff, 0xff, 0xff, 0x39, 0x0, 0xea, 0xff, 0xff, 0xff ] ],
      [ [ 0xff, 0xff, 0xff, 0xff, 0xff, 0xff, 0xff, 0xff, 0xff, 0x39, 0x0, 0xea, 0xff, 0xff, 0xff ] ],
      [ [ 0xff, 0xff, 0xff, 0xff, 0xff, 0xff, 0xff, 0xff, 0xff, 0x39, 0x0, 0xea, 0xff, 0xff, 0xff ] ],
      [ [ 0xff, 0xff, 0xff, 0xff, 0xff, 0xff, 0xff, 0xff, 0xff, 0x39, 0x0, 0xea, 0xff, 0xff, 0xff ] ],
      [ [ 0xff, 0xff, 0xff, 0xff, 0xff, 0xff, 0xff, 0xff, 0xff, 0x39, 0x0, 0xea, 0xff, 0xff, 0xff ] ],
      [ [ 0xff, 0xff, 0xff, 0xff, 0xff, 0xff, 0xff, 0xff, 0xff, 0x39, 0x0, 0xea, 0xff, 0xff, 0xff ] ],
      [ [ 0xff, 0xff, 0xff, 0xff, 0xff, 0xff, 0xff, 0xff, 0xff, 0x39, 0x0, 0xea, 0xff, 0xff, 0xff ] ],
      [ [ 0xff, 0xff, 0xff, 0xff, 0xff, 0xff, 0xff, 0xff, 0xff, 0x39, 0x0, 0xea, 0xff, 0xff, 0xff ] ],
      [ [ 0xff, 0xff, 0xff, 0xff, 0xff, 0xff, 0xff, 0xff, 0xff, 0x39, 0x0, 0xea, 0xff, 0xff, 0xff ] ],
      [ [ 0xff, 0xff, 0xff, 0xff, 0xff, 0xff, 0xff, 0xff, 0xff, 0x39, 0x0, 0xea, 0xff, 0xff, 0xff ] ],
      [ [ 0xff, 0xff, 0xff, 0xff, 0xff, 0xff, 0xff, 0xff, 0xff, 0x39, 0x0, 0xea, 0xff, 0xff, 0xff ] ],
      [ [ 0xff, 0xff, 0xff, 0xff, 0xff, 0xff, 0xff, 0xff, 0xff, 0x39, 0x0, 0xea, 0xff, 0xff, 0xff ] ],
      [ [ 0xff, 0xff, 0xff, 0xff, 0xff, 0xff, 0xff, 0xff, 0xff, 0x39, 0x0, 0xea, 0xff, 0xff, 0xff ] ],
      [ [ 0xff, 0xff, 0xff, 0xff, 0xff, 0xff, 0xff, 0xff, 0xff, 0x39, 0x0, 0xea, 0xff, 0xff, 0xff ] ],
      [ [ 0xff, 0xff, 0xff, 0xff, 0xff, 0xff, 0xff, 0xff, 0xff, 0x39, 0x0, 0xea, 0xff, 0xff, 0xff ] ],
      [ [ 0xff, 0xff, 0xff, 0xff, 0xff, 0xff, 0xff, 0xff, 0xff, 0x39, 0x0, 0xea, 0xff, 0xff, 0xff ] ]
    ]
  ],
  [
    '\u0080',
    [
      [ [ 0xff, 0xff, 0xff, 0xff, 0xff, 0xff, 0xff, 0xff, 0xff, 0xff, 0xff, 0xff, 0xff, 0xff, 0xff ] ],
      [ [ 0xff, 0xff, 0xff, 0xff, 0xff, 0xff, 0xff, 0xff, 0xff, 0xff, 0xff, 0xff, 0xff, 0xff, 0xff ] ],
      [ [ 0xff, 0xff, 0xff, 0xff, 0xff, 0xff, 0xff, 0xff, 0xff, 0xff, 0xff, 0xff, 0xff, 0xff, 0xff ] ],
      [ [ 0xff, 0xff, 0xff, 0xff, 0xff, 0xff, 0xff, 0xff, 0xff, 0xff, 0xff, 0xff, 0xff, 0xff, 0xff ] ],
      [ [ 0xff, 0xff, 0xff, 0xff, 0xff, 0xff, 0xff, 0xff, 0xff, 0xff, 0xff, 0xff, 0xff, 0xff, 0xff ] ],
      [ [ 0xff, 0xff, 0xff, 0xff, 0xff, 0xff, 0xff, 0xff, 0xff, 0xff, 0xff, 0xff, 0xff, 0xff, 0xff ] ],
      [ [ 0xff, 0xff, 0xff, 0xff, 0xff, 0xff, 0xff, 0xff, 0xff, 0xff, 0xff, 0xff, 0xff, 0xff, 0xff ] ],
      [ [ 0xff, 0xb2, 0x0, 0x4, 0x14, 0x5d, 0xe8, 0xff, 0xff, 0xff, 0xff, 0xff, 0xff, 0xff, 0xff ] ],
      [ [ 0xff, 0xff, 0xf9, 0xa5, 0x29, 0x0, 0x1, 0x8c, 0xff, 0xff, 0xff, 0xff, 0xff, 0xff, 0xff ] ],
      [ [ 0xff, 0xff, 0xff, 0xff, 0xff, 0x68, 0x0, 0x0, 0x89, 0xff, 0xff, 0xff, 0xff, 0xff, 0xff ] ],
      [ [ 0xff, 0xff, 0xff, 0xff, 0xff, 0xff, 0x17, 0x0, 0xf, 0xff, 0xff, 0xff, 0xff, 0xff, 0xff ] ],
      [ [ 0xff, 0xff, 0xff, 0xff, 0xff, 0xff, 0x4c, 0x0, 0x1, 0xff, 0xff, 0xff, 0xff, 0xff, 0xff ] ],
      [ [ 0xff, 0xff, 0xff, 0xff, 0xff, 0xff, 0x52, 0x0, 0x9, 0xff, 0xff, 0xff, 0xff, 0xff, 0xff ] ],
      [ [ 0xff, 0xff, 0xff, 0xff, 0xff, 0xff, 0x3c, 0x0, 0x23, 0xff, 0xff, 0xff, 0xff, 0xff, 0xff ] ],
      [ [ 0xff, 0xff, 0xff, 0xff, 0xff, 0xff, 0x28, 0x0, 0x4e, 0xff, 0xff, 0xff, 0xff, 0xff, 0xff ] ],
      [ [ 0xff, 0xff, 0xff, 0xff, 0xff, 0xff, 0x13, 0x0, 0xad, 0xff, 0xff, 0xff, 0xff, 0xff, 0xff ] ],
      [ [ 0xff, 0xff, 0xff, 0xff, 0xff, 0xff, 0x9, 0x0, 0xf9, 0xff, 0xff, 0xff, 0xff, 0xff, 0xff ] ],
      [ [ 0xff, 0xff, 0xff, 0xff, 0xff, 0xff, 0x17, 0x0, 0xf7, 0xff, 0xff, 0xff, 0xff, 0xff, 0xff ] ],
      [ [ 0xff, 0xff, 0xff, 0xff, 0xff, 0xff, 0x6a, 0x0, 0x8c, 0xff, 0xff, 0xff, 0xff, 0xff, 0xff ] ],
      [ [ 0xff, 0xff, 0xff, 0xff, 0xff, 0xff, 0xff, 0x31, 0x3, 0x57, 0xf7, 0xff, 0xff, 0xff, 0xff ] ],
      [ [ 0xff, 0xff, 0xff, 0xff, 0xff, 0xff, 0xff, 0x8f, 0x0, 0x6, 0xa8, 0xff, 0xff, 0xff, 0x5b ] ],
      [ [ 0xff, 0xff, 0xff, 0xff, 0xff, 0xff, 0xb9, 0x1, 0x5e, 0xff, 0xff, 0xff, 0xff, 0xfb, 0x4 ] ],
      [ [ 0xff, 0xff, 0xff, 0xff, 0xff, 0xff, 0x26, 0x0, 0xf1, 0xff, 0xff, 0xff, 0xff, 0xc3, 0x0 ] ],
      [ [ 0xff, 0xff, 0xff, 0xff, 0xff, 0xff, 0xb, 0x0, 0xf9, 0xff, 0xff, 0xff, 0xff, 0x97, 0x1 ] ],
      [ [ 0xff, 0xff, 0xff, 0xff, 0xff, 0xff, 0x10, 0x0, 0xaf, 0xff, 0xff, 0xff, 0xff, 0xff, 0xff ] ],
      [ [ 0xff, 0xff, 0xff, 0xff, 0xff, 0xff, 0x20, 0x0, 0x53, 0xff, 0xff, 0xff, 0xff, 0xff, 0xff ] ]
    ]
  ],
  [
    '\u0081',
    [
      [ [ 0xff, 0xff, 0xff, 0xff, 0xff, 0xff, 0xff, 0xff, 0xff, 0xff, 0xff, 0xff, 0xff, 0xff, 0xff ] ],
      [ [ 0xff, 0xff, 0xff, 0xff, 0xff, 0xff, 0xff, 0xff, 0xff, 0xff, 0xff, 0xff, 0xff, 0xff, 0xff ] ],
      [ [ 0xff, 0xff, 0xff, 0xff, 0xff, 0xff, 0xff, 0xff, 0xff, 0xff, 0xff, 0xff, 0xff, 0xff, 0xff ] ],
      [ [ 0xff, 0xff, 0xff, 0xff, 0xff, 0xff, 0xff, 0xff, 0xff, 0xff, 0xff, 0xff, 0xff, 0xff, 0xff ] ],
      [ [ 0xff, 0xff, 0xff, 0xff, 0xff, 0xff, 0xff, 0xff, 0xff, 0xff, 0xff, 0xff, 0xff, 0xff, 0xff ] ],
      [ [ 0xff, 0xff, 0xff, 0xff, 0xff, 0xff, 0xff, 0xff, 0xff, 0xff, 0xff, 0xff, 0xff, 0xff, 0xff ] ],
      [ [ 0xff, 0xff, 0xff, 0xff, 0xff, 0xff, 0xff, 0xff, 0xff, 0xff, 0xff, 0xff, 0xff, 0xff, 0xff ] ],
      [ [ 0xff, 0xff, 0xff, 0xff, 0xff, 0xff, 0xff, 0xff, 0xff, 0xff, 0xff, 0xff, 0xff, 0xff, 0xff ] ],
      [ [ 0xff, 0xff, 0xff, 0xff, 0xff, 0xff, 0xff, 0xff, 0xff, 0xff, 0xff, 0xff, 0x0, 0x0, 0x0 ] ],
      [ [ 0xff, 0xff, 0xff, 0xff, 0xff, 0xff, 0xff, 0xff, 0xff, 0xff, 0xff, 0xff, 0x0, 0x0, 0xd ] ],
      [ [ 0xff, 0xff, 0xff, 0xff, 0xff, 0xff, 0xff, 0xff, 0xff, 0xff, 0xff, 0xff, 0x0, 0x0, 0x1 ] ],
      [ [ 0xff, 0xff, 0xff, 0xff, 0xff, 0xff, 0xff, 0xff, 0xff, 0xff, 0xff, 0xff, 0x0, 0x26, 0x1 ] ],
      [ [ 0xff, 0xff, 0xff, 0xff, 0xff, 0xff, 0xff, 0xff, 0xff, 0xff, 0xff, 0xff, 0x0, 0x45, 0x55 ] ],
      [ [ 0xff, 0xff, 0xff, 0xff, 0xff, 0xff, 0xff, 0xff, 0xff, 0xff, 0xff, 0xff, 0x0, 0x45, 0xfd ] ],
      [ [ 0xff, 0xff, 0xff, 0xff, 0xff, 0xff, 0xff, 0xff, 0xff, 0xff, 0xff, 0xff, 0x0, 0x45, 0xff ] ],
      [ [ 0xff, 0xff, 0xff, 0xff, 0xff, 0xff, 0xff, 0xff, 0xff, 0xff, 0xff, 0xff, 0x0, 0x45, 0xff ] ],
      [ [ 0xff, 0xff, 0xff, 0xff, 0xff, 0xff, 0xff, 0xff, 0xff, 0xff, 0xff, 0xff, 0x0, 0x45, 0xff ] ],
      [ [ 0xff, 0xff, 0xff, 0xff, 0xff, 0xff, 0xff, 0xff, 0xff, 0xff, 0xff, 0xff, 0x0, 0x45, 0xff ] ],
      [ [ 0xff, 0xff, 0xff, 0xff, 0xff, 0xff, 0xff, 0xff, 0xff, 0xff, 0xff, 0xff, 0x0, 0x45, 0xff ] ],
      [ [ 0x60, 0x13, 0x1a, 0x6e, 0xfb, 0xff, 0xff, 0xff, 0xe2, 0xaa, 0xe8, 0xff, 0x0, 0x45, 0xff ] ],
      [ [ 0x0, 0x0, 0x0, 0x0, 0x2a, 0xff, 0xff, 0xff, 0x5e, 0x0, 0xab, 0xff, 0x0, 0x45, 0xff ] ],
      [ [ 0x2, 0xbe, 0x86, 0x2, 0x0, 0x29, 0xe2, 0xfb, 0x14, 0x0, 0xea, 0xff, 0x0, 0x45, 0xff ] ],
      [ [ 0x3b, 0xff, 0xff, 0xc0, 0xd, 0x0, 0x0, 0x4, 0x0, 0x2e, 0xff, 0xff, 0x0, 0x45, 0xff ] ],
      [ [ 0x73, 0xff, 0xff, 0xff, 0xfb, 0x5a, 0x8, 0x1, 0x29, 0xf1, 0xff, 0xff, 0x0, 0x45, 0xfd ] ],
      [ [ 0xff, 0xff, 0xff, 0xff, 0xff, 0xff, 0xff, 0xff, 0xff, 0xff, 0xff, 0xff, 0x0, 0x45, 0x5a ] ],
      [ [ 0xff, 0xff, 0xff, 0xff, 0xff, 0xff, 0xff, 0xff, 0xff, 0xff, 0xff, 0xff, 0x0, 0x27, 0x1 ] ]
    ]
  ],
  [
    '\u0082',
    [
      [ [ 0xff, 0xff, 0xff, 0xff, 0xff, 0xff, 0xff, 0xff, 0xff, 0xff, 0xff, 0xff, 0xff, 0xff, 0xff ] ],
      [ [ 0xff, 0xff, 0xff, 0xff, 0xff, 0xff, 0xff, 0xff, 0xff, 0xff, 0xff, 0xff, 0xff, 0xff, 0xff ] ],
      [ [ 0xff, 0xff, 0xff, 0xff, 0xff, 0xff, 0xff, 0xff, 0xff, 0xff, 0xff, 0xff, 0xff, 0xff, 0xff ] ],
      [ [ 0xff, 0xff, 0xff, 0xff, 0xff, 0xff, 0xff, 0xff, 0xff, 0xff, 0xff, 0xff, 0xff, 0xff, 0xff ] ],
      [ [ 0xff, 0xff, 0xff, 0xff, 0xff, 0xff, 0xff, 0xff, 0xff, 0xff, 0xff, 0xff, 0xff, 0xff, 0xff ] ],
      [ [ 0xff, 0xff, 0xff, 0xff, 0xff, 0xff, 0xff, 0xff, 0xff, 0xff, 0xff, 0xff, 0xff, 0xff, 0xff ] ],
      [ [ 0xff, 0xff, 0xff, 0xff, 0xff, 0xff, 0xff, 0xff, 0xff, 0xff, 0xff, 0xff, 0xff, 0xff, 0xff ] ],
      [ [ 0xff, 0xff, 0xff, 0xff, 0xff, 0xff, 0xff, 0xff, 0xff, 0xff, 0xff, 0xff, 0xff, 0xff, 0xff ] ],
      [ [ 0x0, 0x0, 0x0, 0x0, 0x0, 0x0, 0x0, 0x0, 0x0, 0x0, 0x0, 0x0, 0x0, 0x0, 0x0 ] ],
      [ [ 0x40, 0x40, 0x40, 0x40, 0x40, 0x40, 0x40, 0x40, 0x40, 0xc, 0x0, 0x0, 0x0, 0x0, 0xd ] ],
      [ [ 0xca, 0xff, 0xff, 0xff, 0xff, 0xff, 0xff, 0xff, 0xc5, 0x1, 0x0, 0x0, 0x0, 0x0, 0x1 ] ],
      [ [ 0x15, 0xff, 0xff, 0xff, 0xff, 0xff, 0xff, 0xfd, 0x12, 0x1, 0x23, 0x0, 0x0, 0x26, 0x1 ] ],
      [ [ 0x0, 0x61, 0xff, 0xff, 0xff, 0xff, 0xff, 0x5a, 0x0, 0x60, 0x3d, 0x0, 0x0, 0x45, 0x55 ] ],
      [ [ 0x11, 0x1, 0xca, 0xff, 0xff, 0xff, 0xc3, 0x1, 0x14, 0xff, 0x3d, 0x0, 0x0, 0x45, 0xfd ] ],
      [ [ 0xc0, 0x1, 0x15, 0xff, 0xff, 0xfd, 0x12, 0x1, 0xc8, 0xff, 0x3d, 0x0, 0x0, 0x45, 0xff ] ],
      [ [ 0xff, 0x56, 0x0, 0x62, 0xff, 0x58, 0x0, 0x5e, 0xff, 0xff, 0x3d, 0x0, 0x0, 0x45, 0xff ] ],
      [ [ 0xff, 0xfd, 0x11, 0x1, 0x95, 0x1, 0x13, 0xff, 0xff, 0xff, 0x3d, 0x0, 0x0, 0x45, 0xff ] ],
      [ [ 0xff, 0xff, 0xc1, 0x1, 0x0, 0x1, 0xc7, 0xff, 0xff, 0xff, 0x3d, 0x0, 0x0, 0x45, 0xff ] ],
      [ [ 0xff, 0xff, 0xff, 0x2e, 0x0, 0x33, 0xff, 0xff, 0xff, 0xff, 0x3d, 0x0, 0x0, 0x45, 0xff ] ],
      [ [ 0xff, 0xff, 0xc7, 0x1, 0x0, 0x1, 0xcc, 0xff, 0xff, 0xff, 0x3d, 0x0, 0x0, 0x45, 0xff ] ],
      [ [ 0xff, 0xff, 0x13, 0x1, 0x91, 0x1, 0x16, 0xff, 0xff, 0xff, 0x3d, 0x0, 0x0, 0x45, 0xff ] ],
      [ [ 0xff, 0x5b, 0x0, 0x60, 0xff, 0x55, 0x0, 0x63, 0xff, 0xff, 0x3d, 0x0, 0x0, 0x45, 0xff ] ],
      [ [ 0xc5, 0x1, 0x14, 0xff, 0xff, 0xfd, 0x11, 0x1, 0xcc, 0xff, 0x3d, 0x0, 0x0, 0x45, 0xff ] ],
      [ [ 0x12, 0x1, 0xc8, 0xff, 0xff, 0xff, 0xc0, 0x1, 0x16, 0xff, 0x3d, 0x0, 0x0, 0x45, 0xfd ] ],
      [ [ 0x0, 0x5e, 0xff, 0xff, 0xff, 0xff, 0xff, 0x56, 0x0, 0x63, 0x3d, 0x0, 0x0, 0x45, 0x5a ] ],
      [ [ 0x13, 0xff, 0xff, 0xff, 0xff, 0xff, 0xff, 0xfd, 0x11, 0x1, 0x25, 0x0, 0x0, 0x27, 0x1 ] ]
    ]
  ],
  [
    '\u0083',
    [
      [ [ 0xff, 0xff, 0xff, 0xff, 0xff, 0xff, 0xff, 0xff, 0xff, 0xff, 0xff, 0xff, 0xff ] ],
      [ [ 0xff, 0xff, 0xff, 0xff, 0xff, 0xff, 0xff, 0xff, 0xff, 0xff, 0xff, 0xff, 0xff ] ],
      [ [ 0xff, 0xff, 0xff, 0xff, 0xff, 0xff, 0xff, 0xff, 0xff, 0xff, 0xff, 0xff, 0xff ] ],
      [ [ 0xff, 0xff, 0xff, 0xff, 0xff, 0xff, 0xff, 0xff, 0xff, 0xff, 0xff, 0xff, 0xff ] ],
      [ [ 0xff, 0xff, 0xff, 0xff, 0xff, 0xff, 0xff, 0xff, 0xff, 0xff, 0xff, 0xff, 0xff ] ],
      [ [ 0xff, 0xff, 0xff, 0xff, 0xff, 0xff, 0xff, 0xff, 0xff, 0xff, 0xff, 0xff, 0xff ] ],
      [ [ 0xff, 0xff, 0xff, 0xff, 0xff, 0xff, 0xff, 0xff, 0xff, 0xff, 0xff, 0xff, 0xff ] ],
      [ [ 0xff, 0xff, 0xff, 0xff, 0xff, 0xff, 0xff, 0xff, 0xff, 0xff, 0xff, 0xff, 0xff ] ],
      [ [ 0x0, 0x0, 0x0, 0x0, 0x0, 0x0, 0x0, 0x0, 0x0, 0x0, 0x0, 0x0, 0xff ] ],
      [ [ 0x40, 0x40, 0x40, 0x40, 0x40, 0x40, 0x40, 0x40, 0x40, 0xc, 0x0, 0x0, 0xff ] ],
      [ [ 0xca, 0xff, 0xff, 0xff, 0xff, 0xff, 0xff, 0xff, 0xc5, 0x1, 0x0, 0x0, 0xff ] ],
      [ [ 0x15, 0xff, 0xff, 0xff, 0xff, 0xff, 0xff, 0xfd, 0x12, 0x1, 0x23, 0x0, 0xff ] ],
      [ [ 0x0, 0x61, 0xff, 0xff, 0xff, 0xff, 0xff, 0x5a, 0x0, 0x60, 0x3d, 0x0, 0xff ] ],
      [ [ 0x11, 0x1, 0xca, 0xff, 0xff, 0xff, 0xc3, 0x1, 0x14, 0xff, 0x3d, 0x0, 0xff ] ],
      [ [ 0xc0, 0x1, 0x15, 0xff, 0xff, 0xfd, 0x12, 0x1, 0xc8, 0xff, 0x3d, 0x0, 0xff ] ],
      [ [ 0xff, 0x56, 0x0, 0x62, 0xff, 0x58, 0x0, 0x5e, 0xff, 0xff, 0x3d, 0x0, 0xff ] ],
      [ [ 0xff, 0xfd, 0x11, 0x1, 0x95, 0x1, 0x13, 0xff, 0xff, 0xff, 0x3d, 0x0, 0xff ] ],
      [ [ 0xff, 0xff, 0xc1, 0x1, 0x0, 0x1, 0xc7, 0xff, 0xff, 0xff, 0x3d, 0x0, 0xff ] ],
      [ [ 0xff, 0xff, 0xff, 0x2e, 0x0, 0x33, 0xff, 0xff, 0xff, 0xff, 0x3d, 0x0, 0xff ] ],
      [ [ 0xff, 0xff, 0xc7, 0x1, 0x0, 0x1, 0xcc, 0xff, 0xff, 0xff, 0x3d, 0x0, 0xff ] ],
      [ [ 0xff, 0xff, 0x13, 0x1, 0x91, 0x1, 0x16, 0xff, 0xff, 0xff, 0x3d, 0x0, 0xff ] ],
      [ [ 0xff, 0x5b, 0x0, 0x60, 0xff, 0x55, 0x0, 0x63, 0xff, 0xff, 0x3d, 0x0, 0xff ] ],
      [ [ 0xc5, 0x1, 0x14, 0xff, 0xff, 0xfd, 0x11, 0x1, 0xcc, 0xff, 0x3d, 0x0, 0xff ] ],
      [ [ 0x12, 0x1, 0xc8, 0xff, 0xff, 0xff, 0xc0, 0x1, 0x16, 0xff, 0x3d, 0x0, 0xff ] ],
      [ [ 0x0, 0x5e, 0xff, 0xff, 0xff, 0xff, 0xff, 0x56, 0x0, 0x63, 0x3d, 0x0, 0xff ] ],
      [ [ 0x13, 0xff, 0xff, 0xff, 0xff, 0xff, 0xff, 0xfd, 0x11, 0x1, 0x25, 0x0, 0xff ] ]
    ]
  ]
]